
/*Update version number*/
UPDATE `system_common_configurations` SET `config_filed_value` =  '1.0 Beta 3' WHERE id = 1;
UPDATE `system_common_configurations` SET `config_filed_value` =  '10.0 Beta 2' WHERE id = 2;

/*From ERP Version 9.0 Beta 1 */
INSERT INTO `system_common_configurations`(`config_filed_name`, `config_filed_value`) VALUES
('tld_rentals_distribute_tld_reference_no_auto_increment', 'No'),
('tld_rentals_distribute_tld_reference_no_starting_code', ''),
('tld_rentals_distribute_tld_reference_no_separator', ''),
('tld_rentals_distribute_tld_reference_no_starting_number', ''),
('tld_rentals_collect_tld_returns_reference_no_auto_increment', 'No'),
('tld_rentals_collect_tld_returns_reference_no_starting_code', ''),
('tld_rentals_collect_tld_returns_reference_no_separator', ''),
('tld_rentals_collect_tld_returns_reference_no_starting_number', ''),
('rm_raw_material_show_rm_description_wh_stock_balance_table', ''),
('customer_purchase_percentage_for_point_calculation', ''),
('si_allow_to_hold_wholesales_sales_invoice', 'No'),
('si_do_not_allow_to_login_or_logout_when_there_are_onhold_wholesales_sales_invoice', 'No');

/*From ERP Version 9.0 Beta 2 */
INSERT INTO `system_common_configurations`(`config_filed_name`, `config_filed_value`) VALUES
('si_disable_item_wise_discount_feature_in_pos', 'No'),
('si_print_additional_copy_of_sales_invoice_short_bill', 'No');

/*From ERP Version 9.0 Beta 3 */
INSERT INTO `system_common_configurations`(`config_filed_name`, `config_filed_value`) VALUES
('si_cashier_should_balance_with_system_cashier_balance_to_login_to_pos', 'No');

/*From ERP Version 9.0 Beta 4 */
INSERT INTO `system_common_configurations`(`config_filed_name`, `config_filed_value`) VALUES
('fg_show_product_name_translation', 'No'),
('fg_allow_to_enable_disable_products', 'No');

/*From ERP Version 9.0 Beta 6 */
INSERT INTO `system_common_configurations`(`config_filed_name`, `config_filed_value`) VALUES
('allow_to_add_a_collect_tld_return_for_a_partially_returned_tld_distribution', 'No');

/*From ERP Version 9.0 Beta 8 */
INSERT INTO `system_common_configurations`(`config_filed_name`, `config_filed_value`) VALUES
('tld_rentals_dose_reports_reference_no_auto_increment', 'No'),
('tld_rentals_dose_reports_reference_no_starting_code', ''),
('tld_rentals_dose_reports_reference_no_separator', ''),
('tld_rentals_dose_reports_reference_no_starting_number', '');

/*From ERP Version 9.0 Beta 9 */
INSERT INTO `system_common_configurations`(`config_filed_name`, `config_filed_value`) VALUES
('tld_rentals_tld_invoices_reference_no_auto_increment', 'No'),
('tld_rentals_tld_invoices_reference_no_starting_code', ''),
('tld_rentals_tld_invoices_reference_no_separator', ''),
('tld_rentals_tld_invoices_reference_no_starting_number', '');

/*From ERP Version 9.0 Beta 12 */
INSERT INTO `system_common_configurations`(`config_filed_name`, `config_filed_value`) VALUES
('maximum_allowed_product_opening_stock_value', '1000.00'),
('maximum_allowed_product_stock_update_physical_stock_value', '1000.00');

/*From ERP Version 9.0 Beta 14 */
/*Data for the table `system_module_section_features` */
INSERT  INTO `system_module_section_features`(`module_section_feature_id`, `module_section_id`, `module_section_feature_name`, `showing_status`) VALUES
(169, 29, 'TLD Reader Machines', 'Yes');

/*From ERP Version 9.0 Beta 16 */
INSERT INTO `system_common_configurations`(`config_filed_name`, `config_filed_value`) VALUES
('si_round_off_pos_sales_invoice_due_payment', 'No');

/*From ERP Version 9.0 Beta 17 */
INSERT INTO `system_common_configurations`(`config_filed_name`, `config_filed_value`) VALUES
('process_dose_reports_after_import_tld_readings', 'No');

/*From ERP Version 9.0 Beta 20 */
INSERT INTO `system_common_configurations`(`config_filed_name`, `config_filed_value`) VALUES
('si_restrict_pos_credit_invoicing_for_default_customer', 'No'),

('singletld_dose_investigation_limit_lower_margin', '0.06'),
('twotld_dose_investigation_limit_lower_margin', '0.06'),
('fieldextremityring_dose_investigation_limit_lower_margin', '0.06'),
('fieldextremityeye_dose_investigation_limit_lower_margin', '0.06'),

('singletld_onemonth_period_dose_investigation_limit', '1.30'),
('singletld_twomonth_period_dose_investigation_limit', '2.60'),
('singletld_threemonth_period_dose_investigation_limit', '3.90'),

('twotld_onemonth_period_dose_investigation_limit', '1.47'),
('twotld_twomonth_period_dose_investigation_limit', '2.93'),
('twotld_threemonth_period_dose_investigation_limit', '4.45'),

('fieldextremityring_onemonth_period_dose_investigation_limit', '0.06'),
('fieldextremityring_twomonth_period_dose_investigation_limit', '2.60'),
('fieldextremityring_threemonth_period_dose_investigation_limit', '3.90'),

('fieldextremityeye_onemonth_period_dose_investigation_limit', '0.06'),
('fieldextremityeye_twomonth_period_dose_investigation_limit', '2.93'),
('fieldextremityeye_threemonth_period_dose_investigation_limit', '4.45');

/*From ERP Version 9.0 Beta 21 */
INSERT INTO `system_common_configurations`(`config_filed_name`, `config_filed_value`) VALUES
('mail_server_name', ''),
('mail_server_username', ''),
('mail_server_password', ''),

('pmsl_portal_company_registered_email', ''),
('pmsl_portal_company_username', ''),
('pmsl_portal_company_password', ''),

('pmsl_portal_audit_firm_registered_email', ''),
('pmsl_portal_audit_firm_username', ''),
('pmsl_portal_audit_firm_password', ''),
('fg_show_serial_product_column_in_product_list', 'No'),

('pmsl_dose_report_containing_folder_name_in_server', '');

/*From ERP Version 10.0 Beta 1 */
INSERT INTO `system_common_configurations`(`config_filed_name`, `config_filed_value`) VALUES
('si_print_sales_unit_on_sales_invoice_detail_bill', 'No'),
('si_print_markup_price_on_sales_invoice_detail_bill', 'No');

/*From ERP Version 10.0 Beta 2 */




/*From ERP Version 9.0 Beta 1 */
/*Data for the table `system_language_strings` */
INSERT INTO `system_language_strings`(`language_string`,`language_string_type`,`system_module_id`,`screen_name`) VALUES
('Status change updated successfully!', 'message', '6', 'Manage TLDs Screen');

SET @languageStringId = LAST_INSERT_ID();

INSERT INTO `system_language_translations`(`language_string_id`,`language_name`,`translated_string`) VALUES
(@languageStringId,'English','Status change updated successfully!');

/*Data for the table `system_language_strings` */
INSERT INTO `system_language_strings`(`language_string`,`language_string_type`,`system_module_id`,`screen_name`) VALUES
('Purpose change updated successfully!', 'message', '6', 'Manage TLDs Screen');

SET @languageStringId = LAST_INSERT_ID();

INSERT INTO `system_language_translations`(`language_string_id`,`language_name`,`translated_string`) VALUES
(@languageStringId,'English','Purpose change updated successfully!');

/*Data for the table `system_language_strings` */
INSERT INTO `system_language_strings`(`language_string`,`language_string_type`,`system_module_id`,`screen_name`) VALUES
('Status change from ', 'message', '6', 'Manage TLDs Screen');

SET @languageStringId = LAST_INSERT_ID();

INSERT INTO `system_language_translations`(`language_string_id`,`language_name`,`translated_string`) VALUES
(@languageStringId,'English','Status change from ');

/*Data for the table `system_language_strings` */
INSERT INTO `system_language_strings`(`language_string`,`language_string_type`,`system_module_id`,`screen_name`) VALUES
('Status change from ', 'message', '6', 'Manage TLDs Screen');

SET @languageStringId = LAST_INSERT_ID();

INSERT INTO `system_language_translations`(`language_string_id`,`language_name`,`translated_string`) VALUES
(@languageStringId,'English','Status change from ');

/*Data for the table `system_language_strings` */
INSERT INTO `system_language_strings`(`language_string`,`language_string_type`,`system_module_id`,`screen_name`) VALUES
(' to ', 'message', '6', 'Manage TLDs Screen');

SET @languageStringId = LAST_INSERT_ID();

INSERT INTO `system_language_translations`(`language_string_id`,`language_name`,`translated_string`) VALUES
(@languageStringId,'English',' to ');

/*Data for the table `system_language_strings` */
INSERT INTO `system_language_strings`(`language_string`,`language_string_type`,`system_module_id`,`screen_name`) VALUES
(' is not allowed!', 'message', '6', 'Manage TLDs Screen');

SET @languageStringId = LAST_INSERT_ID();

INSERT INTO `system_language_translations`(`language_string_id`,`language_name`,`translated_string`) VALUES
(@languageStringId,'English',' is not allowed!');

/*Data for the table `system_language_strings` */
INSERT INTO `system_language_strings`(`language_string`,`language_string_type`,`system_module_id`,`screen_name`) VALUES
('Purpose change from ', 'message', '6', 'Manage TLDs Screen');

SET @languageStringId = LAST_INSERT_ID();

INSERT INTO `system_language_translations`(`language_string_id`,`language_name`,`translated_string`) VALUES
(@languageStringId,'English','Purpose change from ');

/*Data for the table `system_language_strings` */
INSERT INTO `system_language_strings`(`language_string`,`language_string_type`,`system_module_id`,`screen_name`) VALUES
('Purchase TLDs', 'display_string', '1', 'External Institutes Screen');

SET @languageStringId = LAST_INSERT_ID();

INSERT INTO `system_language_translations`(`language_string_id`,`language_name`,`translated_string`) VALUES
(@languageStringId,'English','Purchase TLDs');

/*Data for the table `system_language_strings` */
INSERT INTO `system_language_strings`(`language_string`,`language_string_type`,`system_module_id`,`screen_name`) VALUES
('Selected TLD belongs to another institute!', 'message', '6', 'Manage TLDs Screen');

SET @languageStringId = LAST_INSERT_ID();

INSERT INTO `system_language_translations`(`language_string_id`,`language_name`,`translated_string`) VALUES
(@languageStringId,'English','Selected TLD belongs to another institute!');

/*Data for the table `system_language_strings` */
INSERT INTO `system_language_strings`(`language_string`,`language_string_type`,`system_module_id`,`screen_name`) VALUES
('Selected TLD already assigned to this worker or another worker!', 'message', '6', 'Manage TLDs Screen');

SET @languageStringId = LAST_INSERT_ID();

INSERT INTO `system_language_translations`(`language_string_id`,`language_name`,`translated_string`) VALUES
(@languageStringId,'English','Selected TLD already assigned to this worker or another worker!');

/*Data for the table `system_language_strings` */
INSERT INTO `system_language_strings`(`language_string`,`language_string_type`,`system_module_id`,`screen_name`) VALUES
('Selected TLD already assigned to this worker and status is ', 'message', '6', 'Manage TLDs Screen');

SET @languageStringId = LAST_INSERT_ID();

INSERT INTO `system_language_translations`(`language_string_id`,`language_name`,`translated_string`) VALUES
(@languageStringId,'English','Selected TLD already assigned to this worker and status is ');

/*Data for the table `system_language_strings` */
INSERT INTO `system_language_strings`(`language_string`,`language_string_type`,`system_module_id`,`screen_name`) VALUES
('TLD not found in the system!', 'message', '6', 'Manage TLDs Screen');

SET @languageStringId = LAST_INSERT_ID();

INSERT INTO `system_language_translations`(`language_string_id`,`language_name`,`translated_string`) VALUES
(@languageStringId,'English','TLD not found in the system!');

/*Data for the table `system_language_strings` */
INSERT INTO `system_language_strings`(`language_string`,`language_string_type`,`system_module_id`,`screen_name`) VALUES
('3 TLDs already assigned!', 'message', '6', 'Manage TLDs Screen');

SET @languageStringId = LAST_INSERT_ID();

INSERT INTO `system_language_translations`(`language_string_id`,`language_name`,`translated_string`) VALUES
(@languageStringId,'English','3 TLDs already assigned!');

/*Data for the table `system_language_strings` */
INSERT INTO `system_language_strings`(`language_string`,`language_string_type`,`system_module_id`,`screen_name`) VALUES
(' cannot be assigned!', 'message', '6', 'Manage TLDs Screen');

SET @languageStringId = LAST_INSERT_ID();

INSERT INTO `system_language_translations`(`language_string_id`,`language_name`,`translated_string`) VALUES
(@languageStringId,'English',' cannot be assigned!');

/*Data for the table `system_language_strings` */
INSERT INTO `system_language_strings`(`language_string`,`language_string_type`,`system_module_id`,`screen_name`) VALUES
('TLD with the purpose ', 'message', '6', 'Manage TLDs Screen');

SET @languageStringId = LAST_INSERT_ID();

INSERT INTO `system_language_translations`(`language_string_id`,`language_name`,`translated_string`) VALUES
(@languageStringId,'English','TLD with the purpose ');

/*Data for the table `system_language_strings` */
INSERT INTO `system_language_strings`(`language_string`,`language_string_type`,`system_module_id`,`screen_name`) VALUES
(' and the status ', 'message', '6', 'Manage TLDs Screen');

SET @languageStringId = LAST_INSERT_ID();

INSERT INTO `system_language_translations`(`language_string_id`,`language_name`,`translated_string`) VALUES
(@languageStringId,'English',' and the status ');

/*Data for the table `system_language_strings` */
INSERT INTO `system_language_strings`(`language_string`,`language_string_type`,`system_module_id`,`screen_name`) VALUES
('Please select Distribution Method and TLD Type', 'message', '6', 'Manage TLDs Screen');

SET @languageStringId = LAST_INSERT_ID();

INSERT INTO `system_language_translations`(`language_string_id`,`language_name`,`translated_string`) VALUES
(@languageStringId,'English','Please select Distribution Method and TLD Type');

/*Data for the table `system_language_strings` */
INSERT INTO `system_language_strings`(`language_string`,`language_string_type`,`system_module_id`,`screen_name`) VALUES
('Please select a worker', 'message', '6', 'Manage TLDs Screen');

SET @languageStringId = LAST_INSERT_ID();

INSERT INTO `system_language_translations`(`language_string_id`,`language_name`,`translated_string`) VALUES
(@languageStringId,'English','Please select a worker');

/*Data for the table `system_language_strings` */
INSERT INTO `system_language_strings`(`language_string`,`language_string_type`,`system_module_id`,`screen_name`) VALUES
('TLD is not assigned to a worker of the selected institute or it is already given to the field!', 'message', '6', 'Distribute TLDs Screen');

SET @languageStringId = LAST_INSERT_ID();

INSERT INTO `system_language_translations`(`language_string_id`,`language_name`,`translated_string`) VALUES
(@languageStringId,'English','TLD is not assigned to a worker of the selected institute or it is already given to the field!');

/*Data for the table `system_language_strings` */
INSERT INTO `system_language_strings`(`language_string`,`language_string_type`,`system_module_id`,`screen_name`) VALUES
('Please select Distribution Method!', 'message', '6', 'Distribute TLDs Screen');

SET @languageStringId = LAST_INSERT_ID();

INSERT INTO `system_language_translations`(`language_string_id`,`language_name`,`translated_string`) VALUES
(@languageStringId,'English','Please select Distribution Method!');

/*Data for the table `system_language_strings` */
INSERT INTO `system_language_strings`(`language_string`,`language_string_type`,`system_module_id`,`screen_name`) VALUES
('Distribute TLD already in use. ', 'message', '6', 'System Configurations Screen');

SET @languageStringId = LAST_INSERT_ID();

INSERT INTO `system_language_translations`(`language_string_id`,`language_name`,`translated_string`) VALUES
(@languageStringId,'English','Distribute TLD already in use. ');

/*Data for the table `system_language_strings` */
INSERT INTO `system_language_strings`(`language_string`,`language_string_type`,`system_module_id`,`screen_name`) VALUES
('Auto Increment Distribute TLD Reference Number', 'display_string', '6', 'System Configurations Screen');

SET @languageStringId = LAST_INSERT_ID();

INSERT INTO `system_language_translations`(`language_string_id`,`language_name`,`translated_string`) VALUES
(@languageStringId,'English','Auto Increment Distribute TLD Reference Number');

/*Data for the table `system_language_strings` */
INSERT INTO `system_language_strings`(`language_string`,`language_string_type`,`system_module_id`,`screen_name`) VALUES
('Reference No Code is required', 'display_string', '6', 'System Configurations Screen');

SET @languageStringId = LAST_INSERT_ID();

INSERT INTO `system_language_translations`(`language_string_id`,`language_name`,`translated_string`) VALUES
(@languageStringId,'English','Reference No Code is required');

/*Data for the table `system_language_strings` */
INSERT INTO `system_language_strings`(`language_string`,`language_string_type`,`system_module_id`,`screen_name`) VALUES
('Reference No Start Number is required', 'display_string', '6', 'System Configurations Screen');

SET @languageStringId = LAST_INSERT_ID();

INSERT INTO `system_language_translations`(`language_string_id`,`language_name`,`translated_string`) VALUES
(@languageStringId,'English','Reference No Start Number is required');

/*Data for the table `system_language_strings` */
INSERT INTO `system_language_strings`(`language_string`,`language_string_type`,`system_module_id`,`screen_name`) VALUES
('Reference No Start Number should be a number', 'display_string', '6', 'System Configurations Screen');

SET @languageStringId = LAST_INSERT_ID();

INSERT INTO `system_language_translations`(`language_string_id`,`language_name`,`translated_string`) VALUES
(@languageStringId,'English','Reference No Start Number should be a number');

/*Data for the table `system_language_strings` */
INSERT INTO `system_language_strings`(`language_string`,`language_string_type`,`system_module_id`,`screen_name`) VALUES
('Distribution Status', 'display_string', '6', 'Distribute TLDs Screen');

SET @languageStringId = LAST_INSERT_ID();

INSERT INTO `system_language_translations`(`language_string_id`,`language_name`,`translated_string`) VALUES
(@languageStringId,'English','Distribution Status');

/*Data for the table `system_language_strings` */
INSERT INTO `system_language_strings`(`language_string`,`language_string_type`,`system_module_id`,`screen_name`) VALUES
('Verify Distribution', 'display_string', '6', 'Distribute TLDs Screen');

SET @languageStringId = LAST_INSERT_ID();

INSERT INTO `system_language_translations`(`language_string_id`,`language_name`,`translated_string`) VALUES
(@languageStringId,'English','Verify Distribution');

/*Data for the table `system_language_strings` */
INSERT INTO `system_language_strings`(`language_string`,`language_string_type`,`system_module_id`,`screen_name`) VALUES
('Print Distribution', 'display_string', '6', 'Distribute TLDs Screen');

SET @languageStringId = LAST_INSERT_ID();

INSERT INTO `system_language_translations`(`language_string_id`,`language_name`,`translated_string`) VALUES
(@languageStringId,'English','Print Distribution');

/*Data for the table `system_language_strings` */
INSERT INTO `system_language_strings`(`language_string`,`language_string_type`,`system_module_id`,`screen_name`) VALUES
('Print Envelope', 'display_string', '6', 'Distribute TLDs Screen');

SET @languageStringId = LAST_INSERT_ID();

INSERT INTO `system_language_translations`(`language_string_id`,`language_name`,`translated_string`) VALUES
(@languageStringId,'English','Print Envelope');

/*Data for the table `system_language_strings` */
INSERT INTO `system_language_strings`(`language_string`,`language_string_type`,`system_module_id`,`screen_name`) VALUES
('Complete Distribution', 'display_string', '6', 'Distribute TLDs Screen');

SET @languageStringId = LAST_INSERT_ID();

INSERT INTO `system_language_translations`(`language_string_id`,`language_name`,`translated_string`) VALUES
(@languageStringId,'English','Complete Distribution');

/*Data for the table `system_language_strings` */
INSERT INTO `system_language_strings`(`language_string`,`language_string_type`,`system_module_id`,`screen_name`) VALUES
('Search TLD Distributions', 'display_string', '6', 'Distribute TLDs Screen');

SET @languageStringId = LAST_INSERT_ID();

INSERT INTO `system_language_translations`(`language_string_id`,`language_name`,`translated_string`) VALUES
(@languageStringId,'English','Search TLD Distributions');

/*Data for the table `system_language_strings` */
INSERT INTO `system_language_strings`(`language_string`,`language_string_type`,`system_module_id`,`screen_name`) VALUES
('Bulk Print TLD Distributions', 'display_string', '6', 'Distribute TLDs Screen');

SET @languageStringId = LAST_INSERT_ID();

INSERT INTO `system_language_translations`(`language_string_id`,`language_name`,`translated_string`) VALUES
(@languageStringId,'English','Bulk Print TLD Distributions');

/*Data for the table `system_language_strings` */
INSERT INTO `system_language_strings`(`language_string`,`language_string_type`,`system_module_id`,`screen_name`) VALUES
('Bulk Print TLD Distribution Envelopes', 'display_string', '6', 'Distribute TLDs Screen');

SET @languageStringId = LAST_INSERT_ID();

INSERT INTO `system_language_translations`(`language_string_id`,`language_name`,`translated_string`) VALUES
(@languageStringId,'English','Bulk Print TLD Distribution Envelopes');



/*Data for the table `system_language_strings` */
INSERT INTO `system_language_strings`(`language_string`,`language_string_type`,`system_module_id`,`screen_name`) VALUES
('Verify TLD Distribution Information', 'display_string', '6', 'Distribute TLDs Screen');

SET @languageStringId = LAST_INSERT_ID();

INSERT INTO `system_language_translations`(`language_string_id`,`language_name`,`translated_string`) VALUES
(@languageStringId,'English','Verify TLD Distribution Information');

/*Data for the table `system_language_strings` */
INSERT INTO `system_language_strings`(`language_string`,`language_string_type`,`system_module_id`,`screen_name`) VALUES
('TLD Serial Number or ID Number Search', 'display_string', '6', 'Distribute TLDs Screen');

SET @languageStringId = LAST_INSERT_ID();

INSERT INTO `system_language_translations`(`language_string_id`,`language_name`,`translated_string`) VALUES
(@languageStringId,'English','TLD Serial Number or ID Number Search');

/*Data for the table `system_language_strings` */
INSERT INTO `system_language_strings`(`language_string`,`language_string_type`,`system_module_id`,`screen_name`) VALUES
('TLD Serial Number or ID Number', 'display_string', '6', 'Distribute TLDs Screen');

SET @languageStringId = LAST_INSERT_ID();

INSERT INTO `system_language_translations`(`language_string_id`,`language_name`,`translated_string`) VALUES
(@languageStringId,'English','TLD Serial Number or ID Number');

/*Data for the table `system_language_strings` */
INSERT INTO `system_language_strings`(`language_string`,`language_string_type`,`system_module_id`,`screen_name`) VALUES
('Reset for Verification', 'display_string', '6', 'Distribute TLDs Screen');

SET @languageStringId = LAST_INSERT_ID();

INSERT INTO `system_language_translations`(`language_string_id`,`language_name`,`translated_string`) VALUES
(@languageStringId,'English','Reset for Verification');

/*Data for the table `system_language_strings` */
INSERT INTO `system_language_strings`(`language_string`,`language_string_type`,`system_module_id`,`screen_name`) VALUES
('tld_distribution_marked_as_completed', 'message', '6', 'Distribute TLDs Screen');

SET @languageStringId = LAST_INSERT_ID();

INSERT INTO `system_language_translations`(`language_string_id`,`language_name`,`translated_string`) VALUES
(@languageStringId,'English','TLD distribution completed successfully');

/*Data for the table `system_language_strings` */
INSERT INTO `system_language_strings`(`language_string`,`language_string_type`,`system_module_id`,`screen_name`) VALUES
('no_tld_added_for_distribution', 'message', '6', 'Distribute TLDs Screen');

SET @languageStringId = LAST_INSERT_ID();

INSERT INTO `system_language_translations`(`language_string_id`,`language_name`,`translated_string`) VALUES
(@languageStringId,'English','There are no TLDs added for this distribution');

/*Data for the table `system_language_strings` */
INSERT INTO `system_language_strings`(`language_string`,`language_string_type`,`system_module_id`,`screen_name`) VALUES
('Are you sure you want to mark this', 'message', '6', 'Distribute TLDs Screen');

SET @languageStringId = LAST_INSERT_ID();

INSERT INTO `system_language_translations`(`language_string_id`,`language_name`,`translated_string`) VALUES
(@languageStringId,'English','Are you sure you want to mark this');

/*Data for the table `system_language_strings` */
INSERT INTO `system_language_strings`(`language_string`,`language_string_type`,`system_module_id`,`screen_name`) VALUES
('TLD Distribution as completed', 'message', '6', 'Distribute TLDs Screen');

SET @languageStringId = LAST_INSERT_ID();

INSERT INTO `system_language_translations`(`language_string_id`,`language_name`,`translated_string`) VALUES
(@languageStringId,'English','TLD Distribution as completed');

/*Data for the table `system_language_strings` */
INSERT INTO `system_language_strings`(`language_string`,`language_string_type`,`system_module_id`,`screen_name`) VALUES
('tld_added_are_not_verified', 'message', '6', 'Distribute TLDs Screen');

SET @languageStringId = LAST_INSERT_ID();

INSERT INTO `system_language_translations`(`language_string_id`,`language_name`,`translated_string`) VALUES
(@languageStringId,'English','Distribution TLDs are not verified');

/*Data for the table `system_language_strings` */
INSERT INTO `system_language_strings`(`language_string`,`language_string_type`,`system_module_id`,`screen_name`) VALUES
('Single TLD', 'display_string', '1', 'People Screen');

SET @languageStringId = LAST_INSERT_ID();

INSERT INTO `system_language_translations`(`language_string_id`,`language_name`,`translated_string`) VALUES
(@languageStringId,'English','Single TLD');

/*Data for the table `system_language_strings` */
INSERT INTO `system_language_strings`(`language_string`,`language_string_type`,`system_module_id`,`screen_name`) VALUES
('Two TLD', 'display_string', '1', 'People Screen');

SET @languageStringId = LAST_INSERT_ID();

INSERT INTO `system_language_translations`(`language_string_id`,`language_name`,`translated_string`) VALUES
(@languageStringId,'English','Two TLD');

/*Data for the table `system_language_strings` */
INSERT INTO `system_language_strings`(`language_string`,`language_string_type`,`system_module_id`,`screen_name`) VALUES
('Field Extremity Ring', 'display_string', '1', 'People Screen');

SET @languageStringId = LAST_INSERT_ID();

INSERT INTO `system_language_translations`(`language_string_id`,`language_name`,`translated_string`) VALUES
(@languageStringId,'English','Field Extremity Ring');

/*Data for the table `system_language_strings` */
INSERT INTO `system_language_strings`(`language_string`,`language_string_type`,`system_module_id`,`screen_name`) VALUES
('Field Extremity Eye', 'display_string', '1', 'People Screen');

SET @languageStringId = LAST_INSERT_ID();

INSERT INTO `system_language_translations`(`language_string_id`,`language_name`,`translated_string`) VALUES
(@languageStringId,'English','Field Extremity Eye');

/*Data for the table `system_language_strings` */
INSERT INTO `system_language_strings`(`language_string`,`language_string_type`,`system_module_id`,`screen_name`) VALUES
('Field Neutron', 'display_string', '1', 'People Screen');

SET @languageStringId = LAST_INSERT_ID();

INSERT INTO `system_language_translations`(`language_string_id`,`language_name`,`translated_string`) VALUES
(@languageStringId,'English','Field Neutron');

/*Data for the table `system_language_strings` */
INSERT INTO `system_language_strings`(`language_string`,`language_string_type`,`system_module_id`,`screen_name`) VALUES
('Auto Increment Collect TLD Returns Reference Number', 'display_string', '6', 'System Configurations Screen');

SET @languageStringId = LAST_INSERT_ID();

INSERT INTO `system_language_translations`(`language_string_id`,`language_name`,`translated_string`) VALUES
(@languageStringId,'English','Auto Increment Collect TLD Returns Reference Number');

/*Data for the table `system_language_strings` */
INSERT INTO `system_language_strings`(`language_string`,`language_string_type`,`system_module_id`,`screen_name`) VALUES
('Distribute TLD already in use. Therefore, the configuration option is disabled.', 'display_string', '6', 'System Configurations Screen');

SET @languageStringId = LAST_INSERT_ID();

INSERT INTO `system_language_translations`(`language_string_id`,`language_name`,`translated_string`) VALUES
(@languageStringId,'English','Distribute TLD already in use. Therefore, the configuration option is disabled.');

/*Data for the table `system_language_strings` */
INSERT INTO `system_language_strings`(`language_string`,`language_string_type`,`system_module_id`,`screen_name`) VALUES
('Collect TLD Return already in use. Therefore, the configuration option is disabled.', 'display_string', '6', 'System Configurations Screen');

SET @languageStringId = LAST_INSERT_ID();

INSERT INTO `system_language_translations`(`language_string_id`,`language_name`,`translated_string`) VALUES
(@languageStringId,'English','Collect TLD Return already in use. Therefore, the configuration option is disabled.');

/*Data for the table `system_language_strings` */
INSERT INTO `system_language_strings`(`language_string`,`language_string_type`,`system_module_id`,`screen_name`) VALUES
('TLD is not assigned to a worker of the selected institute or it is not given to the field yet!', 'message', '6', 'Collect TLD Returns Screen');

SET @languageStringId = LAST_INSERT_ID();

INSERT INTO `system_language_translations`(`language_string_id`,`language_name`,`translated_string`) VALUES
(@languageStringId,'English','TLD is not assigned to a worker of the selected institute or it is not given to the field yet!');

/*Data for the table `system_language_strings` */
INSERT INTO `system_language_strings`(`language_string`,`language_string_type`,`system_module_id`,`screen_name`) VALUES
('TLD Return already added with Reference No : ', 'message', '6', 'Collect TLD Returns Screen');

SET @languageStringId = LAST_INSERT_ID();

INSERT INTO `system_language_translations`(`language_string_id`,`language_name`,`translated_string`) VALUES
(@languageStringId,'English','TLD Return already added with Reference No : ');

/*Data for the table `system_language_strings` */
INSERT INTO `system_language_strings`(`language_string`,`language_string_type`,`system_module_id`,`screen_name`) VALUES
('tld_return_marked_as_completed', 'message', '6', 'Collect TLD Returns Screen');

SET @languageStringId = LAST_INSERT_ID();

INSERT INTO `system_language_translations`(`language_string_id`,`language_name`,`translated_string`) VALUES
(@languageStringId,'English','TLD Return completed successfully');

/*Data for the table `system_language_strings` */
INSERT INTO `system_language_strings`(`language_string`,`language_string_type`,`system_module_id`,`screen_name`) VALUES
('no_tld_added_for_return', 'message', '6', 'Collect TLD Returns Screen');

SET @languageStringId = LAST_INSERT_ID();

INSERT INTO `system_language_translations`(`language_string_id`,`language_name`,`translated_string`) VALUES
(@languageStringId,'English','There are no TLDs added for this return');

/*Data for the table `system_language_strings` */
INSERT INTO `system_language_strings`(`language_string`,`language_string_type`,`system_module_id`,`screen_name`) VALUES
('TLD Return as completed', 'message', '6', 'Collect TLD Returns Screen');

SET @languageStringId = LAST_INSERT_ID();

INSERT INTO `system_language_translations`(`language_string_id`,`language_name`,`translated_string`) VALUES
(@languageStringId,'English','TLD Return as completed');

/*Data for the table `system_language_strings` */
INSERT INTO `system_language_strings`(`language_string`,`language_string_type`,`system_module_id`,`screen_name`) VALUES
('Show TLD List', 'display_string', '6', 'Manage TLDs Screen');

SET @languageStringId = LAST_INSERT_ID();

INSERT INTO `system_language_translations`(`language_string_id`,`language_name`,`translated_string`) VALUES
(@languageStringId,'English','Show TLD List');

/*Data for the table `system_language_strings` */
INSERT INTO `system_language_strings`(`language_string`,`language_string_type`,`system_module_id`,`screen_name`) VALUES
('Hide TLD List', 'display_string', '6', 'Manage TLDs Screen');

SET @languageStringId = LAST_INSERT_ID();

INSERT INTO `system_language_translations`(`language_string_id`,`language_name`,`translated_string`) VALUES
(@languageStringId,'English','Hide TLD List');

/*Data for the table `system_language_strings` */
INSERT INTO `system_language_strings`(`language_string`,`language_string_type`,`system_module_id`,`screen_name`) VALUES
('Reminder Letters', 'display_string', '6', 'Not Returned TLDs Screen');

SET @languageStringId = LAST_INSERT_ID();

INSERT INTO `system_language_translations`(`language_string_id`,`language_name`,`translated_string`) VALUES
(@languageStringId,'English','Reminder Letters');

/*Data for the table `system_language_strings` */
INSERT INTO `system_language_strings`(`language_string`,`language_string_type`,`system_module_id`,`screen_name`) VALUES
('There are no new TLD readings to import', 'message', '6', 'Import TLD Readings Screen');

SET @languageStringId = LAST_INSERT_ID();

INSERT INTO `system_language_translations`(`language_string_id`,`language_name`,`translated_string`) VALUES
(@languageStringId,'English','There are no new TLD readings to import');

/*Data for the table `system_language_strings` */
INSERT INTO `system_language_strings`(`language_string`,`language_string_type`,`system_module_id`,`screen_name`) VALUES
('TLD data successfuly imported and processed', 'message', '6', 'Import TLD Readings Screen');

SET @languageStringId = LAST_INSERT_ID();

INSERT INTO `system_language_translations`(`language_string_id`,`language_name`,`translated_string`) VALUES
(@languageStringId,'English','TLD data successfuly imported and processed');

/*Data for the table `system_language_strings` */
INSERT INTO `system_language_strings`(`language_string`,`language_string_type`,`system_module_id`,`screen_name`) VALUES
('Search Workers', 'display_string', '1', 'People Screen');

SET @languageStringId = LAST_INSERT_ID();

INSERT INTO `system_language_translations`(`language_string_id`,`language_name`,`translated_string`) VALUES
(@languageStringId,'English','Search Workers');

/*Data for the table `system_language_strings` */
INSERT INTO `system_language_strings`(`language_string`,`language_string_type`,`system_module_id`,`screen_name`) VALUES
('At least one TLD Type should be selected for Worker Requested TLD!', 'message', '1', 'People Screen');

SET @languageStringId = LAST_INSERT_ID();

INSERT INTO `system_language_translations`(`language_string_id`,`language_name`,`translated_string`) VALUES
(@languageStringId,'English','At least one TLD Type should be selected for Worker Requested TLD!');

/*Data for the table `system_language_strings` */
INSERT INTO `system_language_strings`(`language_string`,`language_string_type`,`system_module_id`,`screen_name`) VALUES
('Bulk Print Dose Reports', 'display_string', '6', 'Dose Reports Screen');

SET @languageStringId = LAST_INSERT_ID();

INSERT INTO `system_language_translations`(`language_string_id`,`language_name`,`translated_string`) VALUES
(@languageStringId,'English','Bulk Print Dose Reports');

/*Data for the table `system_language_strings` */
INSERT INTO `system_language_strings`(`language_string`,`language_string_type`,`system_module_id`,`screen_name`) VALUES
('Bulk Print Dose Report Envelopes', 'display_string', '6', 'Dose Reports Screen');

SET @languageStringId = LAST_INSERT_ID();

INSERT INTO `system_language_translations`(`language_string_id`,`language_name`,`translated_string`) VALUES
(@languageStringId,'English','Bulk Print Dose Report Envelopes');

/*Data for the table `system_language_strings` */
INSERT INTO `system_language_strings`(`language_string`,`language_string_type`,`system_module_id`,`screen_name`) VALUES
('Process Dose Reports', 'display_string', '6', 'Dose Reports Screen');

SET @languageStringId = LAST_INSERT_ID();

INSERT INTO `system_language_translations`(`language_string_id`,`language_name`,`translated_string`) VALUES
(@languageStringId,'English','Process Dose Reports');

/*Data for the table `system_language_strings` */
INSERT INTO `system_language_strings`(`language_string`,`language_string_type`,`system_module_id`,`screen_name`) VALUES
('Dose Reports successfully processed', 'message', '6', 'Dose Reports Screen');

SET @languageStringId = LAST_INSERT_ID();

INSERT INTO `system_language_translations`(`language_string_id`,`language_name`,`translated_string`) VALUES
(@languageStringId,'English','Dose Reports successfully processed');

/*Data for the table `system_language_strings` */
INSERT INTO `system_language_strings`(`language_string`,`language_string_type`,`system_module_id`,`screen_name`) VALUES
('Show Raw Material Description in Warehouse Stock Balance Table', 'display_string', '2', 'System Configurations Screen');

SET @languageStringId = LAST_INSERT_ID();

INSERT INTO `system_language_translations`(`language_string_id`,`language_name`,`translated_string`) VALUES
(@languageStringId,'English','Show Raw Material Description in Warehouse Stock Balance Table');

/*Data for the table `system_language_strings` */
INSERT INTO `system_language_strings`(`language_string`,`language_string_type`,`system_module_id`,`screen_name`) VALUES
('Customer Purchase Points', 'display_string', '2', 'Sales Reports Screen');

SET @languageStringId = LAST_INSERT_ID();

INSERT INTO `system_language_translations`(`language_string_id`,`language_name`,`translated_string`) VALUES
(@languageStringId,'English','Customer Purchase Points');

/*Data for the table `system_language_strings` */
INSERT INTO `system_language_strings`(`language_string`,`language_string_type`,`system_module_id`,`screen_name`) VALUES
('Customer Purchase Point Details', 'display_string', '2', 'Sales Reports Screen');

SET @languageStringId = LAST_INSERT_ID();

INSERT INTO `system_language_translations`(`language_string_id`,`language_name`,`translated_string`) VALUES
(@languageStringId,'English','Customer Purchase Point Details');

/*Data for the table `system_language_strings` */
INSERT INTO `system_language_strings`(`language_string`,`language_string_type`,`system_module_id`,`screen_name`) VALUES
('Points Grand Total', 'display_string', '2', 'Sales Reports Screen');

SET @languageStringId = LAST_INSERT_ID();

INSERT INTO `system_language_translations`(`language_string_id`,`language_name`,`translated_string`) VALUES
(@languageStringId,'English','Points Grand Total');

/*Data for the table `system_language_strings` */
INSERT INTO `system_language_strings`(`language_string`,`language_string_type`,`system_module_id`,`screen_name`) VALUES
('Customer Purchase Percentage For Point Calculation', 'display_string', '2', 'System Configurations Screen');

SET @languageStringId = LAST_INSERT_ID();

INSERT INTO `system_language_translations`(`language_string_id`,`language_name`,`translated_string`) VALUES
(@languageStringId,'English','Customer Purchase Percentage For Point Calculation');

/*Data for the table `system_language_strings` */
INSERT INTO `system_language_strings`(`language_string`,`language_string_type`,`system_module_id`,`screen_name`) VALUES
('Customer Purchase Percentage For Point Calculation should be a decimal number', 'message', '2', 'System Configurations Screen');

SET @languageStringId = LAST_INSERT_ID();

INSERT INTO `system_language_translations`(`language_string_id`,`language_name`,`translated_string`) VALUES
(@languageStringId,'English','Customer Purchase Percentage For Point Calculation should be a decimal number');

/*Data for the table `system_language_strings` */
INSERT INTO `system_language_strings`(`language_string`,`language_string_type`,`system_module_id`,`screen_name`) VALUES
('Please note that Excel sheet name should be named as TLD_Readings', 'message', '6', 'Import TLD Readings Screen');

SET @languageStringId = LAST_INSERT_ID();

INSERT INTO `system_language_translations`(`language_string_id`,`language_name`,`translated_string`) VALUES
(@languageStringId,'English','Please note that Excel sheet name should be named as TLD_Readings');

/*Data for the table `system_language_strings` */
INSERT INTO `system_language_strings`(`language_string`,`language_string_type`,`system_module_id`,`screen_name`) VALUES
('Hold The Sales Invoice', 'display_string', '2', 'Sales Invoice Screen');

SET @languageStringId = LAST_INSERT_ID();

INSERT INTO `system_language_translations`(`language_string_id`,`language_name`,`translated_string`) VALUES
(@languageStringId,'English','Hold The Sales Invoice');

/*Data for the table `system_language_strings` */
INSERT INTO `system_language_strings`(`language_string`,`language_string_type`,`system_module_id`,`screen_name`) VALUES
('Unhold The Sales Invoice', 'display_string', '2', 'Sales Invoice Screen');

SET @languageStringId = LAST_INSERT_ID();

INSERT INTO `system_language_translations`(`language_string_id`,`language_name`,`translated_string`) VALUES
(@languageStringId,'English','Unhold The Sales Invoice');

/*Data for the table `system_language_strings` */
INSERT INTO `system_language_strings`(`language_string`,`language_string_type`,`system_module_id`,`screen_name`) VALUES
('Allow to Hold Wholesales Sales Invoice', 'display_string', '2', 'System Configurations Screen');

SET @languageStringId = LAST_INSERT_ID();

INSERT INTO `system_language_translations`(`language_string_id`,`language_name`,`translated_string`) VALUES
(@languageStringId,'English','Allow to Hold Wholesales Sales Invoice');

/*Data for the table `system_language_strings` */
INSERT INTO `system_language_strings`(`language_string`,`language_string_type`,`system_module_id`,`screen_name`) VALUES
('You have onhold wholesales invoices. Please complete onhold wholesales invoices before logout. If you do not complete those onhold wholesales invoices and logout properly, system will not allow you to login to the system.', 'message', '2', 'Sales Invoice Screen');

SET @languageStringId = LAST_INSERT_ID();

INSERT INTO `system_language_translations`(`language_string_id`,`language_name`,`translated_string`) VALUES
(@languageStringId,'English','You have onhold wholesales invoices. Please complete onhold wholesales invoices before logout. If you do not complete those onhold wholesales invoices and logout properly, system will not allow you to login to the system.');

/*Data for the table `system_language_strings` */
INSERT INTO `system_language_strings`(`language_string`,`language_string_type`,`system_module_id`,`screen_name`) VALUES
('You have improperly logged out from the system without properly closing your onhold wholesales invoices. Please contact Administrator to correct your login issue.', 'message', '2', 'Sales Invoice Screen');

SET @languageStringId = LAST_INSERT_ID();

INSERT INTO `system_language_translations`(`language_string_id`,`language_name`,`translated_string`) VALUES
(@languageStringId,'English','You have improperly logged out from the system without properly closing your onhold wholesales invoices. Please contact Administrator to correct your login issue.');

/*Data for the table `system_language_strings` */
INSERT INTO `system_language_strings`(`language_string`,`language_string_type`,`system_module_id`,`screen_name`) VALUES
('Do Not Allow to Login or Logout When There Are Onhold Wholesales Sales Invoice', 'display_string', '2', 'System Configurations Screen');

SET @languageStringId = LAST_INSERT_ID();

INSERT INTO `system_language_translations`(`language_string_id`,`language_name`,`translated_string`) VALUES
(@languageStringId,'English','Do Not Allow to Login or Logout When There Are Onhold Wholesales Sales Invoice');

/*Data for the table `system_language_strings` */
INSERT INTO `system_language_strings`(`language_string`,`language_string_type`,`system_module_id`,`screen_name`) VALUES
('Added By', 'display_string', '2', 'Sales Invoice Screen');

SET @languageStringId = LAST_INSERT_ID();

INSERT INTO `system_language_translations`(`language_string_id`,`language_name`,`translated_string`) VALUES
(@languageStringId,'English','Added By');

/*Data for the table `system_language_strings` */
INSERT INTO `system_language_strings`(`language_string`,`language_string_type`,`system_module_id`,`screen_name`) VALUES
('Loyalty Customer', 'display_string', '1', 'People Screen');

SET @languageStringId = LAST_INSERT_ID();

INSERT INTO `system_language_translations`(`language_string_id`,`language_name`,`translated_string`) VALUES
(@languageStringId,'English','Loyalty Customer');

/*Data for the table `system_language_strings` */
INSERT INTO `system_language_strings`(`language_string`,`language_string_type`,`system_module_id`,`screen_name`) VALUES
('Red Cherries ERP POS Sales Invoice', 'display_string', '2', 'Sales Invoice Screen');

SET @languageStringId = LAST_INSERT_ID();

INSERT INTO `system_language_translations`(`language_string_id`,`language_name`,`translated_string`) VALUES
(@languageStringId,'English','Red Cherries ERP POS Sales Invoice');

/*From ERP Version 9.0 Beta 2 */
/*Data for the table `system_language_strings` */
INSERT INTO `system_language_strings`(`language_string`,`language_string_type`,`system_module_id`,`screen_name`) VALUES
('Background TLD', 'message', '1', 'People Screen');

SET @languageStringId = LAST_INSERT_ID();

INSERT INTO `system_language_translations`(`language_string_id`,`language_name`,`translated_string`) VALUES
(@languageStringId,'English','Background TLD');

/*Data for the table `system_language_strings` */
INSERT INTO `system_language_strings`(`language_string`,`language_string_type`,`system_module_id`,`screen_name`) VALUES
('Reload', 'display_string', '6', 'Manage TLDs Screen');

SET @languageStringId = LAST_INSERT_ID();

INSERT INTO `system_language_translations`(`language_string_id`,`language_name`,`translated_string`) VALUES
(@languageStringId,'English','Reload');

/*Data for the table `system_language_strings` */
INSERT INTO `system_language_strings`(`language_string`,`language_string_type`,`system_module_id`,`screen_name`) VALUES
('You have entered a history date for the Anneal Date!', 'message', '6', 'Distribute TLDs Screen');

SET @languageStringId = LAST_INSERT_ID();

INSERT INTO `system_language_translations`(`language_string_id`,`language_name`,`translated_string`) VALUES
(@languageStringId,'English','You have entered a history date for the Anneal Date!');

/*Data for the table `system_language_strings` */
INSERT INTO `system_language_strings`(`language_string`,`language_string_type`,`system_module_id`,`screen_name`) VALUES
('You have entered a history date for the Distribution Period From Date! Distribution got delayed from customer side?', 'message', '6', 'Distribute TLDs Screen');

SET @languageStringId = LAST_INSERT_ID();

INSERT INTO `system_language_translations`(`language_string_id`,`language_name`,`translated_string`) VALUES
(@languageStringId,'English','You have entered a history date for the Distribution Period From Date! Distribution got delayed from customer side?');

/*Data for the table `system_language_strings` */
INSERT INTO `system_language_strings`(`language_string`,`language_string_type`,`system_module_id`,`screen_name`) VALUES
('You have entered a history date for the Distribution Period From Date! Distribution got delayed from your side?', 'message', '6', 'Distribute TLDs Screen');

SET @languageStringId = LAST_INSERT_ID();

INSERT INTO `system_language_translations`(`language_string_id`,`language_name`,`translated_string`) VALUES
(@languageStringId,'English','You have entered a history date for the Distribution Period From Date! Distribution got delayed from your side?');

/*Data for the table `system_language_strings` */
INSERT INTO `system_language_strings`(`language_string`,`language_string_type`,`system_module_id`,`screen_name`) VALUES
('You should tell the system the reason for the delayed distribution! Distribution save aborted!', 'message', '6', 'Distribute TLDs Screen');

SET @languageStringId = LAST_INSERT_ID();

INSERT INTO `system_language_translations`(`language_string_id`,`language_name`,`translated_string`) VALUES
(@languageStringId,'English','You should tell the system the reason for the delayed distribution! Distribution save aborted!');

/*Data for the table `system_language_strings` */
INSERT INTO `system_language_strings`(`language_string`,`language_string_type`,`system_module_id`,`screen_name`) VALUES
('Delayed TLD Distribution Notice', 'display_string', '6', 'Distribute TLDs Screen');

SET @languageStringId = LAST_INSERT_ID();

INSERT INTO `system_language_translations`(`language_string_id`,`language_name`,`translated_string`) VALUES
(@languageStringId,'English','Delayed TLD Distribution Notice');

/*Data for the table `system_language_strings` */
INSERT INTO `system_language_strings`(`language_string`,`language_string_type`,`system_module_id`,`screen_name`) VALUES
('Reason for Delayed TLD Distribution', 'display_string', '6', 'Distribute TLDs Screen');

SET @languageStringId = LAST_INSERT_ID();

INSERT INTO `system_language_translations`(`language_string_id`,`language_name`,`translated_string`) VALUES
(@languageStringId,'English','Reason for Delayed TLD Distribution');

/*Data for the table `system_language_strings` */
INSERT INTO `system_language_strings`(`language_string`,`language_string_type`,`system_module_id`,`screen_name`) VALUES
('Yes', 'display_string', '6', 'Distribute TLDs Screen');

SET @languageStringId = LAST_INSERT_ID();

INSERT INTO `system_language_translations`(`language_string_id`,`language_name`,`translated_string`) VALUES
(@languageStringId,'English','Yes');

/*Data for the table `system_language_strings` */
INSERT INTO `system_language_strings`(`language_string`,`language_string_type`,`system_module_id`,`screen_name`) VALUES
('No', 'display_string', '6', 'Distribute TLDs Screen');

SET @languageStringId = LAST_INSERT_ID();

INSERT INTO `system_language_translations`(`language_string_id`,`language_name`,`translated_string`) VALUES
(@languageStringId,'English','No');

/*Data for the table `system_language_strings` */
INSERT INTO `system_language_strings`(`language_string`,`language_string_type`,`system_module_id`,`screen_name`) VALUES
('Distribution Period From cannot be greater than Distribution Period To!', 'message', '6', 'Distribute TLDs Screen');

SET @languageStringId = LAST_INSERT_ID();

INSERT INTO `system_language_translations`(`language_string_id`,`language_name`,`translated_string`) VALUES
(@languageStringId,'English','Distribution Period From cannot be greater than Distribution Period To!');

/*Data for the table `system_language_strings` */
INSERT INTO `system_language_strings`(`language_string`,`language_string_type`,`system_module_id`,`screen_name`) VALUES
('TLD Type', 'display_string', '6', 'Not Returned TLDs Screen');

SET @languageStringId = LAST_INSERT_ID();

INSERT INTO `system_language_translations`(`language_string_id`,`language_name`,`translated_string`) VALUES
(@languageStringId,'English','TLD Type');

/*Data for the table `system_language_strings` */
INSERT INTO `system_language_strings`(`language_string`,`language_string_type`,`system_module_id`,`screen_name`) VALUES
('Distribution Reference No', 'display_string', '6', 'Not Returned TLDs Screen');

SET @languageStringId = LAST_INSERT_ID();

INSERT INTO `system_language_translations`(`language_string_id`,`language_name`,`translated_string`) VALUES
(@languageStringId,'English','Distribution Reference No');

/*Data for the table `system_language_strings` */
INSERT INTO `system_language_strings`(`language_string`,`language_string_type`,`system_module_id`,`screen_name`) VALUES
('Verify TLD Return Information', 'display_string', '6', 'Collect TLD Returns Screen');

SET @languageStringId = LAST_INSERT_ID();

INSERT INTO `system_language_translations`(`language_string_id`,`language_name`,`translated_string`) VALUES
(@languageStringId,'English','Verify TLD Return Information');

/*Data for the table `system_language_strings` */
INSERT INTO `system_language_strings`(`language_string`,`language_string_type`,`system_module_id`,`screen_name`) VALUES
('Manual TLD Count', 'display_string', '6', 'Collect TLD Returns Screen');

SET @languageStringId = LAST_INSERT_ID();

INSERT INTO `system_language_translations`(`language_string_id`,`language_name`,`translated_string`) VALUES
(@languageStringId,'English','Manual TLD Count');

/*Data for the table `system_language_strings` */
INSERT INTO `system_language_strings`(`language_string`,`language_string_type`,`system_module_id`,`screen_name`) VALUES
('Manual TLD count does not match verified TLD count!', 'message', '6', 'Collect TLD Returns Screen');

SET @languageStringId = LAST_INSERT_ID();

INSERT INTO `system_language_translations`(`language_string_id`,`language_name`,`translated_string`) VALUES
(@languageStringId,'English','Manual TLD count does not match verified TLD count!');

/*Data for the table `system_language_strings` */
INSERT INTO `system_language_strings`(`language_string`,`language_string_type`,`system_module_id`,`screen_name`) VALUES
('That TLD is not returned from the field!', 'message', '6', 'Collect TLD Returns Screen');

SET @languageStringId = LAST_INSERT_ID();

INSERT INTO `system_language_translations`(`language_string_id`,`language_name`,`translated_string`) VALUES
(@languageStringId,'English','That TLD is not returned from the field!');

/*Data for the table `system_language_strings` */
INSERT INTO `system_language_strings`(`language_string`,`language_string_type`,`system_module_id`,`screen_name`) VALUES
('return_tlds_are_not_verified', 'message', '6', 'Collect TLD Returns Screen');

SET @languageStringId = LAST_INSERT_ID();

INSERT INTO `system_language_translations`(`language_string_id`,`language_name`,`translated_string`) VALUES
(@languageStringId,'English','Returned TLDs are not verified');

/*Data for the table `system_language_strings` */
INSERT INTO `system_language_strings`(`language_string`,`language_string_type`,`system_module_id`,`screen_name`) VALUES
('Current credit period is active and cannot generate next credit period!', 'message', '1', 'Welfare Company Credit Accounts Screen');

SET @languageStringId = LAST_INSERT_ID();

INSERT INTO `system_language_translations`(`language_string_id`,`language_name`,`translated_string`) VALUES
(@languageStringId,'English','Current credit period is active and cannot generate next credit period!');

/*Data for the table `system_language_strings` */
INSERT INTO `system_language_strings`(`language_string`,`language_string_type`,`system_module_id`,`screen_name`) VALUES
('Credit Period Start Date', 'display_string', '1', 'Welfare Company Credit Accounts Screen');

SET @languageStringId = LAST_INSERT_ID();

INSERT INTO `system_language_translations`(`language_string_id`,`language_name`,`translated_string`) VALUES
(@languageStringId,'English','Credit Period Start Date');

/*Data for the table `system_language_strings` */
INSERT INTO `system_language_strings`(`language_string`,`language_string_type`,`system_module_id`,`screen_name`) VALUES
('Credit Amount Total', 'display_string', '1', 'Welfare Company Credit Accounts Screen');

SET @languageStringId = LAST_INSERT_ID();

INSERT INTO `system_language_translations`(`language_string_id`,`language_name`,`translated_string`) VALUES
(@languageStringId,'English','Credit Amount Total');

/*Update language strings*/
UPDATE `system_language_strings` SET `language_string` =  'Red Cherries ERP POS Sign In' WHERE `language_string_id` = '419';
UPDATE `system_language_strings` SET `language_string` =  'Red Cherries ERP POS Quick Sign In' WHERE `language_string_id` = '462';
DELETE FROM `system_language_strings` WHERE `language_string_id` = '1351';
UPDATE `system_language_strings` SET `language_string` =  'Red Cherries ERP POS Sales Invoice List' WHERE `language_string_id` = '1374';

UPDATE `system_language_translations` SET `translated_string` =  'Red Cherries ERP POS Sign In' WHERE `language_translation_id` = '423';
UPDATE `system_language_translations` SET `translated_string` =  'Red Cherries ERP POS Quick Sign In' WHERE `language_translation_id` = '466';
DELETE FROM `system_language_translations` WHERE `language_translation_id` = '1355';
UPDATE `system_language_translations` SET `translated_string` =  'Red Cherries ERP POS Sales Invoice List' WHERE `language_translation_id` = '1378';

/*Data for the table `system_language_strings` */
INSERT INTO `system_language_strings`(`language_string`,`language_string_type`,`system_module_id`,`screen_name`) VALUES
('Disable Item Wise Discount Feature in POS', 'display_string', '2', 'System Configurations Screen');

SET @languageStringId = LAST_INSERT_ID();

INSERT INTO `system_language_translations`(`language_string_id`,`language_name`,`translated_string`) VALUES
(@languageStringId,'English','Disable Item Wise Discount Feature in POS');

/*Data for the table `system_language_strings` */
INSERT INTO `system_language_strings`(`language_string`,`language_string_type`,`system_module_id`,`screen_name`) VALUES
('Print Additional Copy of Sales Invoice Short Bill', 'display_string', '2', 'System Configurations Screen');

SET @languageStringId = LAST_INSERT_ID();

INSERT INTO `system_language_translations`(`language_string_id`,`language_name`,`translated_string`) VALUES
(@languageStringId,'English','Print Additional Copy of Sales Invoice Short Bill');

/*Data for the table `system_language_strings` */
INSERT INTO `system_language_strings`(`language_string`,`language_string_type`,`system_module_id`,`screen_name`) VALUES
('Customer Credit Balance', 'display_string', '2', 'Sales Invoice Screen');

SET @languageStringId = LAST_INSERT_ID();

INSERT INTO `system_language_translations`(`language_string_id`,`language_name`,`translated_string`) VALUES
(@languageStringId,'English','Customer Credit Balance');

/*Data for the table `system_language_strings` */
INSERT INTO `system_language_strings`(`language_string`,`language_string_type`,`system_module_id`,`screen_name`) VALUES
('Red Cherries ERP POS Sales Invoice', 'display_string', '2', 'Sales Invoice Screen');

SET @languageStringId = LAST_INSERT_ID();

INSERT INTO `system_language_translations`(`language_string_id`,`language_name`,`translated_string`) VALUES
(@languageStringId,'English','Red Cherries ERP POS Sales Invoice');

/*Data for the table `system_language_strings` */
INSERT INTO `system_language_strings`(`language_string`,`language_string_type`,`system_module_id`,`screen_name`) VALUES
('POS Sales Returns', 'display_string', '2', 'Sales Invoice Screen');

SET @languageStringId = LAST_INSERT_ID();

INSERT INTO `system_language_translations`(`language_string_id`,`language_name`,`translated_string`) VALUES
(@languageStringId,'English','POS Sales Returns');

/*Data for the table `system_language_strings` */
INSERT INTO `system_language_strings`(`language_string`,`language_string_type`,`system_module_id`,`screen_name`) VALUES
('Please make sure that TLD data format is correct', 'message', '6', 'Import TLD Readings Screen');

SET @languageStringId = LAST_INSERT_ID();

INSERT INTO `system_language_translations`(`language_string_id`,`language_name`,`translated_string`) VALUES
(@languageStringId,'English','Please make sure that TLD data format is correct');

/*Data for the table `system_language_strings` */
INSERT INTO `system_language_strings`(`language_string`,`language_string_type`,`system_module_id`,`screen_name`) VALUES
('Distribution Reference No', 'display_string', '6', 'Not Returned TLDs Screen');

SET @languageStringId = LAST_INSERT_ID();

INSERT INTO `system_language_translations`(`language_string_id`,`language_name`,`translated_string`) VALUES
(@languageStringId,'English','Distribution Reference No');

/*From ERP Version 9.0 Beta 3 */
/*Data for the table `system_language_strings` */
INSERT INTO `system_language_strings`(`language_string`,`language_string_type`,`system_module_id`,`screen_name`) VALUES
('Cashier Should Balance With System Cashier Balance to Login to POS', 'display_string', '2', 'System Configurations Screen');

SET @languageStringId = LAST_INSERT_ID();

INSERT INTO `system_language_translations`(`language_string_id`,`language_name`,`translated_string`) VALUES
(@languageStringId,'English','Cashier Should Balance With System Cashier Balance to Login to POS');

/*Data for the table `system_language_strings` */
INSERT INTO `system_language_strings`(`language_string`,`language_string_type`,`system_module_id`,`screen_name`) VALUES
('Previous Day Cashier Cash Varience', 'display_string', '2', 'Sales Invoice Screen');

SET @languageStringId = LAST_INSERT_ID();

INSERT INTO `system_language_translations`(`language_string_id`,`language_name`,`translated_string`) VALUES
(@languageStringId,'English','Previous Day Cashier Cash Varience');

/*Data for the table `system_language_strings` */
INSERT INTO `system_language_strings`(`language_string`,`language_string_type`,`system_module_id`,`screen_name`) VALUES
('Cashier Cash Varience', 'display_string', '2', 'Sales Reports Screen');

SET @languageStringId = LAST_INSERT_ID();

INSERT INTO `system_language_translations`(`language_string_id`,`language_name`,`translated_string`) VALUES
(@languageStringId,'English','Cashier Cash Varience');

/*Data for the table `system_language_strings` */
INSERT INTO `system_language_strings`(`language_string`,`language_string_type`,`system_module_id`,`screen_name`) VALUES
('Cashier Cash Varience Details', 'display_string', '2', 'Sales Reports Screen');

SET @languageStringId = LAST_INSERT_ID();

INSERT INTO `system_language_translations`(`language_string_id`,`language_name`,`translated_string`) VALUES
(@languageStringId,'English','Cashier Cash Varience Details');

/*Data for the table `system_language_strings` */
INSERT INTO `system_language_strings`(`language_string`,`language_string_type`,`system_module_id`,`screen_name`) VALUES
('Cash Arrears', 'display_string', '2', 'Sales Reports Screen');

SET @languageStringId = LAST_INSERT_ID();

INSERT INTO `system_language_translations`(`language_string_id`,`language_name`,`translated_string`) VALUES
(@languageStringId,'English','Cash Arrears');

/*Data for the table `system_language_strings` */
INSERT INTO `system_language_strings`(`language_string`,`language_string_type`,`system_module_id`,`screen_name`) VALUES
('Cash Excess', 'display_string', '2', 'Sales Reports Screen');

SET @languageStringId = LAST_INSERT_ID();

INSERT INTO `system_language_translations`(`language_string_id`,`language_name`,`translated_string`) VALUES
(@languageStringId,'English','Cash Excess');

/*Data for the table `system_language_strings` */
INSERT INTO `system_language_strings`(`language_string`,`language_string_type`,`system_module_id`,`screen_name`) VALUES
('Cashier Cash Varience Summary Details', 'display_string', '2', 'Sales Reports Screen');

SET @languageStringId = LAST_INSERT_ID();

INSERT INTO `system_language_translations`(`language_string_id`,`language_name`,`translated_string`) VALUES
(@languageStringId,'English','Cashier Cash Varience Summary Details');

/*Data for the table `system_language_strings` */
INSERT INTO `system_language_strings`(`language_string`,`language_string_type`,`system_module_id`,`screen_name`) VALUES
('Cash Arrears Grand Total', 'display_string', '2', 'Sales Reports Screen');

SET @languageStringId = LAST_INSERT_ID();

INSERT INTO `system_language_translations`(`language_string_id`,`language_name`,`translated_string`) VALUES
(@languageStringId,'English','Cash Arrears Grand Total');

/*Data for the table `system_language_strings` */
INSERT INTO `system_language_strings`(`language_string`,`language_string_type`,`system_module_id`,`screen_name`) VALUES
('Cash Excess Grand Total', 'display_string', '2', 'Sales Reports Screen');

SET @languageStringId = LAST_INSERT_ID();

INSERT INTO `system_language_translations`(`language_string_id`,`language_name`,`translated_string`) VALUES
(@languageStringId,'English','Cash Excess Grand Total');

/*From ERP Version 9.0 Beta 4 */
/*Data for the table `system_language_strings` */
INSERT INTO `system_language_strings`(`language_string`,`language_string_type`,`system_module_id`,`screen_name`) VALUES
('Finish good sales return cash refund', 'display_string', '2', 'System Configurations Screen');

SET @languageStringId = LAST_INSERT_ID();

INSERT INTO `system_language_translations`(`language_string_id`,`language_name`,`translated_string`) VALUES
(@languageStringId,'English','Finish good sales return cash refund');

/*Data for the table `system_language_strings` */
INSERT INTO `system_language_strings`(`language_string`,`language_string_type`,`system_module_id`,`screen_name`) VALUES
('Journal entry for finish good sales return number : ', 'display_string', '2', 'Sales Invoice Screen');

SET @languageStringId = LAST_INSERT_ID();

INSERT INTO `system_language_translations`(`language_string_id`,`language_name`,`translated_string`) VALUES
(@languageStringId,'English','Journal entry for finish good sales return number : ');

/*Data for the table `system_language_strings` */
INSERT INTO `system_language_strings`(`language_string`,`language_string_type`,`system_module_id`,`screen_name`) VALUES
('Journal entry for raw material sales return number : ', 'display_string', '2', 'Sales Invoice Screen');

SET @languageStringId = LAST_INSERT_ID();

INSERT INTO `system_language_translations`(`language_string_id`,`language_name`,`translated_string`) VALUES
(@languageStringId,'English','Journal entry for raw material sales return number : ');

/*Data for the table `system_language_strings` */
INSERT INTO `system_language_strings`(`language_string`,`language_string_type`,`system_module_id`,`screen_name`) VALUES
('Show Product Name Translation', 'display_string', '2', 'System Configurations Screen');

SET @languageStringId = LAST_INSERT_ID();

INSERT INTO `system_language_translations`(`language_string_id`,`language_name`,`translated_string`) VALUES
(@languageStringId,'English','Show Product Name Translation');

/*Data for the table `system_language_strings` */
INSERT INTO `system_language_strings`(`language_string`,`language_string_type`,`system_module_id`,`screen_name`) VALUES
('Product Name Translation', 'display_string', '2', 'Products Screen');

SET @languageStringId = LAST_INSERT_ID();

INSERT INTO `system_language_translations`(`language_string_id`,`language_name`,`translated_string`) VALUES
(@languageStringId,'English','Product Name Translation');

/*Data for the table `system_language_strings` */
INSERT INTO `system_language_strings`(`language_string`,`language_string_type`,`system_module_id`,`screen_name`) VALUES
('Allow to Enable and Disable Products', 'display_string', '2', 'System Configurations Screen');

SET @languageStringId = LAST_INSERT_ID();

INSERT INTO `system_language_translations`(`language_string_id`,`language_name`,`translated_string`) VALUES
(@languageStringId,'English','Allow to Enable and Disable Products');

/*Data for the table `system_language_strings` */
INSERT INTO `system_language_strings`(`language_string`,`language_string_type`,`system_module_id`,`screen_name`) VALUES
('Deactivate the Product', 'display_string', '2', 'System Configurations Screen');

SET @languageStringId = LAST_INSERT_ID();

INSERT INTO `system_language_translations`(`language_string_id`,`language_name`,`translated_string`) VALUES
(@languageStringId,'English','Deactivate the Product');

/*Data for the table `system_language_strings` */
INSERT INTO `system_language_strings`(`language_string`,`language_string_type`,`system_module_id`,`screen_name`) VALUES
('Deactivate the Customer', 'display_string', '1', 'People Screen');

SET @languageStringId = LAST_INSERT_ID();

INSERT INTO `system_language_translations`(`language_string_id`,`language_name`,`translated_string`) VALUES
(@languageStringId,'English','Deactivate the Customer');

/*From ERP Version 9.0 Beta 5 */
/*Data for the table `system_language_strings` */
INSERT INTO `system_language_strings`(`language_string`,`language_string_type`,`system_module_id`,`screen_name`) VALUES
('Preparation Date', 'display_string', '6', 'Distribute TLDs Screen');

SET @languageStringId = LAST_INSERT_ID();

INSERT INTO `system_language_translations`(`language_string_id`,`language_name`,`translated_string`) VALUES
(@languageStringId,'English','Preparation Date');

/*Data for the table `system_language_strings` */
INSERT INTO `system_language_strings`(`language_string`,`language_string_type`,`system_module_id`,`screen_name`) VALUES
('Anneal Date cannot be greater than Preparation Date!', 'message', '6', 'Distribute TLDs Screen');

SET @languageStringId = LAST_INSERT_ID();

INSERT INTO `system_language_translations`(`language_string_id`,`language_name`,`translated_string`) VALUES
(@languageStringId,'English','Anneal Date cannot be greater than Preparation Date!');

/*Update language strings*/
UPDATE `system_language_strings` SET `language_string` =  'The Anneal Date you entered is too old! Do you want to proceed?' WHERE `language_string` = 'You have entered a history date for the Anneal Date!';

UPDATE `system_language_translations` SET `translated_string` =  'The Anneal Date you entered is too old! Do you want to proceed?' WHERE `translated_string` = 'You have entered a history date for the Anneal Date!';

/*Data for the table `system_language_strings` */
INSERT INTO `system_language_strings`(`language_string`,`language_string_type`,`system_module_id`,`screen_name`) VALUES
('Distribution TLD Count', 'display_string', '6', 'Distribute TLDs Screen');

SET @languageStringId = LAST_INSERT_ID();

INSERT INTO `system_language_translations`(`language_string_id`,`language_name`,`translated_string`) VALUES
(@languageStringId,'English','Distribution TLD Count');

/*Data for the table `system_language_strings` */
INSERT INTO `system_language_strings`(`language_string`,`language_string_type`,`system_module_id`,`screen_name`) VALUES
('Verified TLD Count', 'display_string', '6', 'Distribute TLDs Screen');

SET @languageStringId = LAST_INSERT_ID();

INSERT INTO `system_language_translations`(`language_string_id`,`language_name`,`translated_string`) VALUES
(@languageStringId,'English','Verified TLD Count');

/*Data for the table `system_language_strings` */
INSERT INTO `system_language_strings`(`language_string`,`language_string_type`,`system_module_id`,`screen_name`) VALUES
('All TLDs are verified successfully', 'message', '6', 'Distribute TLDs Screen');

SET @languageStringId = LAST_INSERT_ID();

INSERT INTO `system_language_translations`(`language_string_id`,`language_name`,`translated_string`) VALUES
(@languageStringId,'English','All TLDs are verified successfully');

/*Data for the table `system_language_strings` */
INSERT INTO `system_language_strings`(`language_string`,`language_string_type`,`system_module_id`,`screen_name`) VALUES
(' not belongs to the selected distribution!', 'message', '6', 'Distribute TLDs Screen');

SET @languageStringId = LAST_INSERT_ID();

INSERT INTO `system_language_translations`(`language_string_id`,`language_name`,`translated_string`) VALUES
(@languageStringId,'English',' not belongs to the selected distribution!');

/*Data for the table `system_language_strings` */
INSERT INTO `system_language_strings`(`language_string`,`language_string_type`,`system_module_id`,`screen_name`) VALUES
('no_background_tld_selected_for_distribution', 'message', '6', 'Distribute TLDs Screen');

SET @languageStringId = LAST_INSERT_ID();

INSERT INTO `system_language_translations`(`language_string_id`,`language_name`,`translated_string`) VALUES
(@languageStringId,'English','Backgorund TLD is not selected for the distribution!');

/*Data for the table `system_language_strings` */
INSERT INTO `system_language_strings`(`language_string`,`language_string_type`,`system_module_id`,`screen_name`) VALUES
('Backgorund TLD is not selected for the distribution!', 'message', '6', 'Distribute TLDs Screen');

SET @languageStringId = LAST_INSERT_ID();

INSERT INTO `system_language_translations`(`language_string_id`,`language_name`,`translated_string`) VALUES
(@languageStringId,'English','Backgorund TLD is not selected for the distribution!');

/*Data for the table `system_language_strings` */
INSERT INTO `system_language_strings`(`language_string`,`language_string_type`,`system_module_id`,`screen_name`) VALUES
('Get Background Card From Distribution No', 'display_string', '6', 'Distribute TLDs Screen');

SET @languageStringId = LAST_INSERT_ID();

INSERT INTO `system_language_translations`(`language_string_id`,`language_name`,`translated_string`) VALUES
(@languageStringId,'English','Get Background Card From Distribution No');

/*Data for the table `system_language_strings` */
INSERT INTO `system_language_strings`(`language_string`,`language_string_type`,`system_module_id`,`screen_name`) VALUES
('Refer Background Card in Another Distribution', 'display_string', '6', 'Distribute TLDs Screen');

SET @languageStringId = LAST_INSERT_ID();

INSERT INTO `system_language_translations`(`language_string_id`,`language_name`,`translated_string`) VALUES
(@languageStringId,'English','Refer Background Card in Another Distribution');

/*Data for the table `system_language_strings` */
INSERT INTO `system_language_strings`(`language_string`,`language_string_type`,`system_module_id`,`screen_name`) VALUES
('Reference Background TLD', 'display_string', '6', 'Distribute TLDs Screen');

SET @languageStringId = LAST_INSERT_ID();

INSERT INTO `system_language_translations`(`language_string_id`,`language_name`,`translated_string`) VALUES
(@languageStringId,'English','Reference Background TLD');

/*From ERP Version 9.0 Beta 6 */
/*Data for the table `system_language_strings` */
INSERT INTO `system_language_strings`(`language_string`,`language_string_type`,`system_module_id`,`screen_name`) VALUES
('Bigger physical quantity! Are you sure to proceed?', 'message', '2', 'Warehouse Stock Update Screen');

SET @languageStringId = LAST_INSERT_ID();

INSERT INTO `system_language_translations`(`language_string_id`,`language_name`,`translated_string`) VALUES
(@languageStringId,'English','Bigger physical quantity! Are you sure to proceed?');

/*Data for the table `system_language_strings` */
INSERT INTO `system_language_strings`(`language_string`,`language_string_type`,`system_module_id`,`screen_name`) VALUES
('Bigger opening stock quantity! Are you sure to proceed?', 'message', '2', 'Warehouse Opening Stock Screen');

SET @languageStringId = LAST_INSERT_ID();

INSERT INTO `system_language_translations`(`language_string_id`,`language_name`,`translated_string`) VALUES
(@languageStringId,'English','Bigger opening stock quantity! Are you sure to proceed?');

/*Data for the table `system_language_strings` */
INSERT INTO `system_language_strings`(`language_string`,`language_string_type`,`system_module_id`,`screen_name`) VALUES
('Allow to Add a Collect TLD Return for a Partially Returned TLD Distribution', 'display_string', '6', 'System Configurations Screen');

SET @languageStringId = LAST_INSERT_ID();

INSERT INTO `system_language_translations`(`language_string_id`,`language_name`,`translated_string`) VALUES
(@languageStringId,'English','Allow to Add a Collect TLD Return for a Partially Returned TLD Distribution');

/*Data for the table `system_language_strings` */
INSERT INTO `system_language_strings`(`language_string`,`language_string_type`,`system_module_id`,`screen_name`) VALUES
('Already a TLD is selected for this worker in this return!', 'message', '6', 'Collect TLD Returns Screen');

SET @languageStringId = LAST_INSERT_ID();

INSERT INTO `system_language_translations`(`language_string_id`,`language_name`,`translated_string`) VALUES
(@languageStringId,'English','Already a TLD is selected for this worker in this return!');

/*Data for the table `system_language_strings` */
INSERT INTO `system_language_strings`(`language_string`,`language_string_type`,`system_module_id`,`screen_name`) VALUES
('Selected TLD belongs to a later distribution!', 'message', '6', 'Collect TLD Returns Screen');

SET @languageStringId = LAST_INSERT_ID();

INSERT INTO `system_language_translations`(`language_string_id`,`language_name`,`translated_string`) VALUES
(@languageStringId,'English','Selected TLD belongs to a later distribution!');

/*Data for the table `system_language_strings` */
INSERT INTO `system_language_strings`(`language_string`,`language_string_type`,`system_module_id`,`screen_name`) VALUES
('Already a TLD is selected for this worker in this distribution!', 'message', '6', 'Distribute TLDs Screen');

SET @languageStringId = LAST_INSERT_ID();

INSERT INTO `system_language_translations`(`language_string_id`,`language_name`,`translated_string`) VALUES
(@languageStringId,'English','Already a TLD is selected for this worker in this distribution!');

/*Data for the table `system_language_strings` */
INSERT INTO `system_language_strings`(`language_string`,`language_string_type`,`system_module_id`,`screen_name`) VALUES
('Last Exposure End Date', 'display_string', '6', 'Collect TLD Returns Screen');

SET @languageStringId = LAST_INSERT_ID();

INSERT INTO `system_language_translations`(`language_string_id`,`language_name`,`translated_string`) VALUES
(@languageStringId,'English','Last Exposure End Date');

/*Data for the table `system_language_strings` */
INSERT INTO `system_language_strings`(`language_string`,`language_string_type`,`system_module_id`,`screen_name`) VALUES
('Exposure Period From Date', 'display_string', '6', 'Collect TLD Returns Screen');

SET @languageStringId = LAST_INSERT_ID();

INSERT INTO `system_language_translations`(`language_string_id`,`language_name`,`translated_string`) VALUES
(@languageStringId,'English','Exposure Period From Date');

/*Data for the table `system_language_strings` */
INSERT INTO `system_language_strings`(`language_string`,`language_string_type`,`system_module_id`,`screen_name`) VALUES
('Exposure Period To Date', 'display_string', '6', 'Collect TLD Returns Screen');

SET @languageStringId = LAST_INSERT_ID();

INSERT INTO `system_language_translations`(`language_string_id`,`language_name`,`translated_string`) VALUES
(@languageStringId,'English','Exposure Period To Date');

/*Data for the table `system_language_strings` */
INSERT INTO `system_language_strings`(`language_string`,`language_string_type`,`system_module_id`,`screen_name`) VALUES
('Exposure Period From Date updated sucessfully.', 'message', '6', 'Collect TLD Returns Screen');

SET @languageStringId = LAST_INSERT_ID();

INSERT INTO `system_language_translations`(`language_string_id`,`language_name`,`translated_string`) VALUES
(@languageStringId,'English','Exposure Period From Date updated sucessfully.');

/*Data for the table `system_language_strings` */
INSERT INTO `system_language_strings`(`language_string`,`language_string_type`,`system_module_id`,`screen_name`) VALUES
('Invalid Exposure Period From Date.', 'message', '6', 'Collect TLD Returns Screen');

SET @languageStringId = LAST_INSERT_ID();

INSERT INTO `system_language_translations`(`language_string_id`,`language_name`,`translated_string`) VALUES
(@languageStringId,'English','Invalid Exposure Period From Date.');

/*From ERP Version 9.0 Beta 7 */
/*Data for the table `system_language_strings` */
INSERT INTO `system_language_strings`(`language_string`,`language_string_type`,`system_module_id`,`screen_name`) VALUES
('Institute Number', 'display_string', '6', 'Distribute TLDs Screen');

SET @languageStringId = LAST_INSERT_ID();

INSERT INTO `system_language_translations`(`language_string_id`,`language_name`,`translated_string`) VALUES
(@languageStringId,'English','Institute Number');

/*Data for the table `system_language_strings` */
INSERT INTO `system_language_strings`(`language_string`,`language_string_type`,`system_module_id`,`screen_name`) VALUES
('Distribution Number', 'display_string', '6', 'Distribute TLDs Screen');

SET @languageStringId = LAST_INSERT_ID();

INSERT INTO `system_language_translations`(`language_string_id`,`language_name`,`translated_string`) VALUES
(@languageStringId,'English','Distribution Number');

/*Data for the table `system_language_strings` */
INSERT INTO `system_language_strings`(`language_string`,`language_string_type`,`system_module_id`,`screen_name`) VALUES
('Prepared Date', 'display_string', '6', 'Distribute TLDs Screen');

SET @languageStringId = LAST_INSERT_ID();

INSERT INTO `system_language_translations`(`language_string_id`,`language_name`,`translated_string`) VALUES
(@languageStringId,'English','Prepared Date');

/*Data for the table `system_language_strings` */
INSERT INTO `system_language_strings`(`language_string`,`language_string_type`,`system_module_id`,`screen_name`) VALUES
('Distribution Period : ', 'display_string', '6', 'Distribute TLDs Screen');

SET @languageStringId = LAST_INSERT_ID();

INSERT INTO `system_language_translations`(`language_string_id`,`language_name`,`translated_string`) VALUES
(@languageStringId,'English','Distribution Period : ');

/*Data for the table `system_language_strings` */
INSERT INTO `system_language_strings`(`language_string`,`language_string_type`,`system_module_id`,`screen_name`) VALUES
('To : ', 'display_string', '6', 'Distribute TLDs Screen');

SET @languageStringId = LAST_INSERT_ID();

INSERT INTO `system_language_translations`(`language_string_id`,`language_name`,`translated_string`) VALUES
(@languageStringId,'English','To : ');

INSERT INTO `system_language_strings`(`language_string`,`language_string_type`,`system_module_id`,`screen_name`) VALUES
('From : ', 'display_string', '6', 'Distribute TLDs Screen');

SET @languageStringId = LAST_INSERT_ID();

INSERT INTO `system_language_translations`(`language_string_id`,`language_name`,`translated_string`) VALUES
(@languageStringId,'English','From : ');

/*Data for the table `system_language_strings` */
INSERT INTO `system_language_strings`(`language_string`,`language_string_type`,`system_module_id`,`screen_name`) VALUES
('Attention', 'display_string', '6', 'Distribute TLDs Screen');

SET @languageStringId = LAST_INSERT_ID();

INSERT INTO `system_language_translations`(`language_string_id`,`language_name`,`translated_string`) VALUES
(@languageStringId,'English','Attention');

/*Data for the table `system_language_strings` */
INSERT INTO `system_language_strings`(`language_string`,`language_string_type`,`system_module_id`,`screen_name`) VALUES
('Ref. Number', 'display_string', '6', 'Distribute TLDs Screen');

SET @languageStringId = LAST_INSERT_ID();

INSERT INTO `system_language_translations`(`language_string_id`,`language_name`,`translated_string`) VALUES
(@languageStringId,'English','Ref. Number');

/*Data for the table `system_language_strings` */
INSERT INTO `system_language_strings`(`language_string`,`language_string_type`,`system_module_id`,`screen_name`) VALUES
('TLD Card Number', 'display_string', '6', 'Distribute TLDs Screen');

SET @languageStringId = LAST_INSERT_ID();

INSERT INTO `system_language_translations`(`language_string_id`,`language_name`,`translated_string`) VALUES
(@languageStringId,'English','TLD Card Number');

/*Data for the table `system_language_strings` */
INSERT INTO `system_language_strings`(`language_string`,`language_string_type`,`system_module_id`,`screen_name`) VALUES
('Remarks', 'display_string', '6', 'Distribute TLDs Screen');

SET @languageStringId = LAST_INSERT_ID();

INSERT INTO `system_language_translations`(`language_string_id`,`language_name`,`translated_string`) VALUES
(@languageStringId,'English','Remarks');

/*Data for the table `system_language_strings` */
INSERT INTO `system_language_strings`(`language_string`,`language_string_type`,`system_module_id`,`screen_name`) VALUES
('TLDs Distribution For Workers', 'display_string', '6', 'Distribute TLDs Screen');

SET @languageStringId = LAST_INSERT_ID();

INSERT INTO `system_language_translations`(`language_string_id`,`language_name`,`translated_string`) VALUES
(@languageStringId,'English','TLDs Distribution For Workers');

/*Data for the table `system_language_strings` */
INSERT INTO `system_language_strings`(`language_string`,`language_string_type`,`system_module_id`,`screen_name`) VALUES
('Return Date', 'display_string', '6', 'Distribute TLDs Screen');

SET @languageStringId = LAST_INSERT_ID();

INSERT INTO `system_language_translations`(`language_string_id`,`language_name`,`translated_string`) VALUES
(@languageStringId,'English','Return Date');

/*Data for the table `system_language_strings` */
INSERT INTO `system_language_strings`(`language_string`,`language_string_type`,`system_module_id`,`screen_name`) VALUES
('No. of TLD cards sent by SLAEB :', 'display_string', '6', 'Distribute TLDs Screen');

SET @languageStringId = LAST_INSERT_ID();

INSERT INTO `system_language_translations`(`language_string_id`,`language_name`,`translated_string`) VALUES
(@languageStringId,'English','No. of TLD cards sent by SLAEB :');

/*Data for the table `system_language_strings` */
INSERT INTO `system_language_strings`(`language_string`,`language_string_type`,`system_module_id`,`screen_name`) VALUES
('Signature of Prepared Officer :', 'display_string', '6', 'Distribute TLDs Screen');

SET @languageStringId = LAST_INSERT_ID();

INSERT INTO `system_language_translations`(`language_string_id`,`language_name`,`translated_string`) VALUES
(@languageStringId,'English','Signature of Prepared Officer :');

/*Data for the table `system_language_strings` */
INSERT INTO `system_language_strings`(`language_string`,`language_string_type`,`system_module_id`,`screen_name`) VALUES
('Date :', 'display_string', '6', 'Distribute TLDs Screen');

SET @languageStringId = LAST_INSERT_ID();

INSERT INTO `system_language_translations`(`language_string_id`,`language_name`,`translated_string`) VALUES
(@languageStringId,'English','Date :');

/*Data for the table `system_language_strings` */
INSERT INTO `system_language_strings`(`language_string`,`language_string_type`,`system_module_id`,`screen_name`) VALUES
('Checked by :', 'display_string', '6', 'Distribute TLDs Screen');

SET @languageStringId = LAST_INSERT_ID();

INSERT INTO `system_language_translations`(`language_string_id`,`language_name`,`translated_string`) VALUES
(@languageStringId,'English','Checked by :');

/*Data for the table `system_language_strings` */
INSERT INTO `system_language_strings`(`language_string`,`language_string_type`,`system_module_id`,`screen_name`) VALUES
('Ref.No', 'display_string', '6', 'Distribute TLDs Screen');

SET @languageStringId = LAST_INSERT_ID();

INSERT INTO `system_language_translations`(`language_string_id`,`language_name`,`translated_string`) VALUES
(@languageStringId,'English','Ref.No');

/*Data for the table `system_language_strings` */
INSERT INTO `system_language_strings`(`language_string`,`language_string_type`,`system_module_id`,`screen_name`) VALUES
('Card No.', 'display_string', '6', 'Distribute TLDs Screen');

SET @languageStringId = LAST_INSERT_ID();

INSERT INTO `system_language_translations`(`language_string_id`,`language_name`,`translated_string`) VALUES
(@languageStringId,'English','Card No.');

/*Data for the table `system_language_strings` */
INSERT INTO `system_language_strings`(`language_string`,`language_string_type`,`system_module_id`,`screen_name`) VALUES
('Relevent Distribution Period', 'display_string', '6', 'Distribute TLDs Screen');

SET @languageStringId = LAST_INSERT_ID();

INSERT INTO `system_language_translations`(`language_string_id`,`language_name`,`translated_string`) VALUES
(@languageStringId,'English','Relevent Distribution Period');

/*Update language strings*/
UPDATE `system_language_strings` SET `language_string` =  'Bulk Print TLD Distribution Envelopes (A4)' WHERE `language_string_id` = '3514';

UPDATE `system_language_translations` SET `translated_string` =  'Bulk Print TLD Distribution Envelopes (A4)' WHERE `language_translation_id` = '3518';

/*Data for the table `system_language_strings` */
INSERT INTO `system_language_strings`(`language_string`,`language_string_type`,`system_module_id`,`screen_name`) VALUES
('Bulk Print TLD Distribution Envelopes (A5)', 'display_string', '6', 'Distribute TLDs Screen');

SET @languageStringId = LAST_INSERT_ID();

INSERT INTO `system_language_translations`(`language_string_id`,`language_name`,`translated_string`) VALUES
(@languageStringId,'English','Bulk Print TLD Distribution Envelopes (A5)');

/*Data for the table `system_language_strings` */
INSERT INTO `system_language_strings`(`language_string`,`language_string_type`,`system_module_id`,`screen_name`) VALUES
('Late Cards', 'display_string', '6', 'Distribute TLDs Screen');

SET @languageStringId = LAST_INSERT_ID();

INSERT INTO `system_language_translations`(`language_string_id`,`language_name`,`translated_string`) VALUES
(@languageStringId,'English','Late Cards');

/*Data for the table `system_language_strings` */
INSERT INTO `system_language_strings`(`language_string`,`language_string_type`,`system_module_id`,`screen_name`) VALUES
('Period : ', 'display_string', '6', 'Distribute TLDs Screen');

SET @languageStringId = LAST_INSERT_ID();

INSERT INTO `system_language_translations`(`language_string_id`,`language_name`,`translated_string`) VALUES
(@languageStringId,'English','Period : ');

/*Data for the table `system_language_strings` */
INSERT INTO `system_language_strings`(`language_string`,`language_string_type`,`system_module_id`,`screen_name`) VALUES
('Whole Body TLD Card Number', 'display_string', '6', 'Distribute TLDs Screen');

SET @languageStringId = LAST_INSERT_ID();

INSERT INTO `system_language_translations`(`language_string_id`,`language_name`,`translated_string`) VALUES
(@languageStringId,'English','Whole Body TLD Card Number');

/*Data for the table `system_language_strings` */
INSERT INTO `system_language_strings`(`language_string`,`language_string_type`,`system_module_id`,`screen_name`) VALUES
('Collar Dose TLD Card Number', 'display_string', '6', 'Distribute TLDs Screen');

SET @languageStringId = LAST_INSERT_ID();

INSERT INTO `system_language_translations`(`language_string_id`,`language_name`,`translated_string`) VALUES
(@languageStringId,'English','Collar Dose TLD Card Number');

/*Data for the table `system_language_strings` */
INSERT INTO `system_language_strings`(`language_string`,`language_string_type`,`system_module_id`,`screen_name`) VALUES
('distributions_are_different', 'message', '6', 'Distribute TLDs Screen');

SET @languageStringId = LAST_INSERT_ID();

INSERT INTO `system_language_translations`(`language_string_id`,`language_name`,`translated_string`) VALUES
(@languageStringId,'English','Please select distributions only for one distribution method');

/*Update language strings*/
UPDATE `system_language_strings` SET `language_string` =  'Secondary Phone Number' WHERE `language_string_id` = '166';

UPDATE `system_language_translations` SET `translated_string` =  'Secondary Phone Number' WHERE `language_translation_id` = '170';

/*Data for the table `system_language_strings` */
INSERT INTO `system_language_strings`(`language_string`,`language_string_type`,`system_module_id`,`screen_name`) VALUES
('Tertiary Phone Number', 'display_string', '1', 'Company Information Screen');

SET @languageStringId = LAST_INSERT_ID();

INSERT INTO `system_language_translations`(`language_string_id`,`language_name`,`translated_string`) VALUES
(@languageStringId,'English','Tertiary Phone Number');

/*From ERP Version 9.0 Beta 8 */
/*Data for the table `system_language_strings` */
INSERT INTO `system_language_strings`(`language_string`,`language_string_type`,`system_module_id`,`screen_name`) VALUES
('Dose Report Preview', 'display_string', '6', 'Dose Reports Screen');

SET @languageStringId = LAST_INSERT_ID();

INSERT INTO `system_language_translations`(`language_string_id`,`language_name`,`translated_string`) VALUES
(@languageStringId,'English','Dose Report Preview');

/*Data for the table `system_language_strings` */
INSERT INTO `system_language_strings`(`language_string`,`language_string_type`,`system_module_id`,`screen_name`) VALUES
('Dose Report Notes', 'display_string', '6', 'Dose Reports Screen');

SET @languageStringId = LAST_INSERT_ID();

INSERT INTO `system_language_translations`(`language_string_id`,`language_name`,`translated_string`) VALUES
(@languageStringId,'English','Dose Report Notes');

/*Data for the table `system_language_strings` */
INSERT INTO `system_language_strings`(`language_string`,`language_string_type`,`system_module_id`,`screen_name`) VALUES
('Hp(10) Dose (mSv)', 'display_string', '6', 'Dose Reports Screen');

SET @languageStringId = LAST_INSERT_ID();

INSERT INTO `system_language_translations`(`language_string_id`,`language_name`,`translated_string`) VALUES
(@languageStringId,'English','Hp(10) Dose (mSv)');

/*Data for the table `system_language_strings` */
INSERT INTO `system_language_strings`(`language_string`,`language_string_type`,`system_module_id`,`screen_name`) VALUES
('Hp(0.07) Dose (mSv)', 'display_string', '6', 'Dose Reports Screen');

SET @languageStringId = LAST_INSERT_ID();

INSERT INTO `system_language_translations`(`language_string_id`,`language_name`,`translated_string`) VALUES
(@languageStringId,'English','Hp(0.07) Dose (mSv)');

/*Data for the table `system_language_strings` */
INSERT INTO `system_language_strings`(`language_string`,`language_string_type`,`system_module_id`,`screen_name`) VALUES
('Hp(10) Dose Level', 'display_string', '6', 'Dose Reports Screen');

SET @languageStringId = LAST_INSERT_ID();

INSERT INTO `system_language_translations`(`language_string_id`,`language_name`,`translated_string`) VALUES
(@languageStringId,'English','Hp(10) Dose Level');

/*Data for the table `system_language_strings` */
INSERT INTO `system_language_strings`(`language_string`,`language_string_type`,`system_module_id`,`screen_name`) VALUES
('Hp(0.07) Dose Level', 'display_string', '6', 'Dose Reports Screen');

SET @languageStringId = LAST_INSERT_ID();

INSERT INTO `system_language_translations`(`language_string_id`,`language_name`,`translated_string`) VALUES
(@languageStringId,'English','Hp(0.07) Dose Level');

/*Data for the table `system_language_strings` */
INSERT INTO `system_language_strings`(`language_string`,`language_string_type`,`system_module_id`,`screen_name`) VALUES
('Extremity Chip Number', 'display_string', '6', 'Distribute TLDs Screen');

SET @languageStringId = LAST_INSERT_ID();

INSERT INTO `system_language_translations`(`language_string_id`,`language_name`,`translated_string`) VALUES
(@languageStringId,'English','Extremity Chip Number');

/*Data for the table `system_language_strings` */
INSERT INTO `system_language_strings`(`language_string`,`language_string_type`,`system_module_id`,`screen_name`) VALUES
('Monitoring Period : ', 'display_string', '6', 'Dose Reports Screen');

SET @languageStringId = LAST_INSERT_ID();

INSERT INTO `system_language_translations`(`language_string_id`,`language_name`,`translated_string`) VALUES
(@languageStringId,'English','Monitoring Period : ');

/*Data for the table `system_language_strings` */
INSERT INTO `system_language_strings`(`language_string`,`language_string_type`,`system_module_id`,`screen_name`) VALUES
('Report Number', 'display_string', '6', 'Dose Reports Screen');

SET @languageStringId = LAST_INSERT_ID();

INSERT INTO `system_language_translations`(`language_string_id`,`language_name`,`translated_string`) VALUES
(@languageStringId,'English','Report Number');

/*Data for the table `system_language_strings` */
INSERT INTO `system_language_strings`(`language_string`,`language_string_type`,`system_module_id`,`screen_name`) VALUES
('Generated Date', 'display_string', '6', 'Dose Reports Screen');

SET @languageStringId = LAST_INSERT_ID();

INSERT INTO `system_language_translations`(`language_string_id`,`language_name`,`translated_string`) VALUES
(@languageStringId,'English','Generated Date');

/*Data for the table `system_language_strings` */
INSERT INTO `system_language_strings`(`language_string`,`language_string_type`,`system_module_id`,`screen_name`) VALUES
('Annealed Date', 'display_string', '6', 'Dose Reports Screen');

SET @languageStringId = LAST_INSERT_ID();

INSERT INTO `system_language_translations`(`language_string_id`,`language_name`,`translated_string`) VALUES
(@languageStringId,'English','Annealed Date');

/*Data for the table `system_language_strings` */
INSERT INTO `system_language_strings`(`language_string`,`language_string_type`,`system_module_id`,`screen_name`) VALUES
('Sent Date', 'display_string', '6', 'Dose Reports Screen');

SET @languageStringId = LAST_INSERT_ID();

INSERT INTO `system_language_translations`(`language_string_id`,`language_name`,`translated_string`) VALUES
(@languageStringId,'English','Sent Date');

/*Data for the table `system_language_strings` */
INSERT INTO `system_language_strings`(`language_string`,`language_string_type`,`system_module_id`,`screen_name`) VALUES
('Receipt Date', 'display_string', '6', 'Dose Reports Screen');

SET @languageStringId = LAST_INSERT_ID();

INSERT INTO `system_language_translations`(`language_string_id`,`language_name`,`translated_string`) VALUES
(@languageStringId,'English','Receipt Date');

/*Data for the table `system_language_strings` */
INSERT INTO `system_language_strings`(`language_string`,`language_string_type`,`system_module_id`,`screen_name`) VALUES
('Read Date', 'display_string', '6', 'Dose Reports Screen');

SET @languageStringId = LAST_INSERT_ID();

INSERT INTO `system_language_translations`(`language_string_id`,`language_name`,`translated_string`) VALUES
(@languageStringId,'English','Read Date');

/*Data for the table `system_language_strings` */
INSERT INTO `system_language_strings`(`language_string`,`language_string_type`,`system_module_id`,`screen_name`) VALUES
('Processed Date', 'display_string', '6', 'Dose Reports Screen');

SET @languageStringId = LAST_INSERT_ID();

INSERT INTO `system_language_translations`(`language_string_id`,`language_name`,`translated_string`) VALUES
(@languageStringId,'English','Processed Date');

/*Data for the table `system_language_strings` */
INSERT INTO `system_language_strings`(`language_string`,`language_string_type`,`system_module_id`,`screen_name`) VALUES
('Hp(10) DOSE (mSv)', 'display_string', '6', 'Dose Reports Screen');

SET @languageStringId = LAST_INSERT_ID();

INSERT INTO `system_language_translations`(`language_string_id`,`language_name`,`translated_string`) VALUES
(@languageStringId,'English','Hp(10) DOSE (mSv)');

/*Data for the table `system_language_strings` */
INSERT INTO `system_language_strings`(`language_string`,`language_string_type`,`system_module_id`,`screen_name`) VALUES
('Hp(0.07) DOSE (mSv)', 'display_string', '6', 'Dose Reports Screen');

SET @languageStringId = LAST_INSERT_ID();

INSERT INTO `system_language_translations`(`language_string_id`,`language_name`,`translated_string`) VALUES
(@languageStringId,'English','Hp(0.07) DOSE (mSv)');

/*Data for the table `system_language_strings` */
INSERT INTO `system_language_strings`(`language_string`,`language_string_type`,`system_module_id`,`screen_name`) VALUES
('Notes', 'display_string', '6', 'Dose Reports Screen');

SET @languageStringId = LAST_INSERT_ID();

INSERT INTO `system_language_translations`(`language_string_id`,`language_name`,`translated_string`) VALUES
(@languageStringId,'English','Notes');

/*Data for the table `system_language_strings` */
INSERT INTO `system_language_strings`(`language_string`,`language_string_type`,`system_module_id`,`screen_name`) VALUES
('Dose Report already in use. Therefore, the configuration option is disabled.', 'display_string', '6', 'System Configurations Screen');

SET @languageStringId = LAST_INSERT_ID();

INSERT INTO `system_language_translations`(`language_string_id`,`language_name`,`translated_string`) VALUES
(@languageStringId,'English','Dose Report already in use. Therefore, the configuration option is disabled.');

/*Data for the table `system_language_strings` */
INSERT INTO `system_language_strings`(`language_string`,`language_string_type`,`system_module_id`,`screen_name`) VALUES
('Method Used : ', 'display_string', '6', 'Dose Reports Screen');

SET @languageStringId = LAST_INSERT_ID();

INSERT INTO `system_language_translations`(`language_string_id`,`language_name`,`translated_string`) VALUES
(@languageStringId,'English','Method Used : ');

/*Update language strings*/
UPDATE `system_language_strings` SET `language_string` =  'Bulk Print Dose Report Envelopes (A5)' WHERE `language_string_id` = '3545';

UPDATE `system_language_translations` SET `translated_string` =  'Bulk Print Dose Report Envelopes (A5)' WHERE `language_translation_id` = '3549';

/*Data for the table `system_language_strings` */
INSERT INTO `system_language_strings`(`language_string`,`language_string_type`,`system_module_id`,`screen_name`) VALUES
('Method', 'display_string', '6', 'Dose Reports Screen');

SET @languageStringId = LAST_INSERT_ID();

INSERT INTO `system_language_translations`(`language_string_id`,`language_name`,`translated_string`) VALUES
(@languageStringId,'English','Method');

/*Data for the table `system_language_strings` */
INSERT INTO `system_language_strings`(`language_string`,`language_string_type`,`system_module_id`,`screen_name`) VALUES
('Monitoring Period', 'display_string', '6', 'Dose Reports Screen');

SET @languageStringId = LAST_INSERT_ID();

INSERT INTO `system_language_translations`(`language_string_id`,`language_name`,`translated_string`) VALUES
(@languageStringId,'English','Monitoring Period');

/*Data for the table `system_language_strings` */
INSERT INTO `system_language_strings`(`language_string`,`language_string_type`,`system_module_id`,`screen_name`) VALUES
('Investigation Limit (mSv)', 'display_string', '6', 'Dose Reports Screen');

SET @languageStringId = LAST_INSERT_ID();

INSERT INTO `system_language_translations`(`language_string_id`,`language_name`,`translated_string`) VALUES
(@languageStringId,'English','Investigation Limit (mSv)');

/*From ERP Version 9.0 Beta 9 */
/*Data for the table `system_module_section_features` */
INSERT  INTO `system_module_section_features`(`module_section_feature_id`, `module_section_id`, `module_section_feature_name`, `showing_status`) VALUES
(168, 29, 'TLD Readings', 'Yes');

/*Data for the table `system_language_strings` */
INSERT INTO `system_language_strings`(`language_string`,`language_string_type`,`system_module_id`,`screen_name`) VALUES
('Radiation Protection Officer', 'display_string', '6', 'Distribute TLDs Screen');

SET @languageStringId = LAST_INSERT_ID();

INSERT INTO `system_language_translations`(`language_string_id`,`language_name`,`translated_string`) VALUES
(@languageStringId,'English','Radiation Protection Officer');

/*Data for the table `system_language_strings` */
INSERT INTO `system_language_strings`(`language_string`,`language_string_type`,`system_module_id`,`screen_name`) VALUES
('invalid_monitored_period', 'message', '6', 'Collect TLD Returns Screen');

SET @languageStringId = LAST_INSERT_ID();

INSERT INTO `system_language_translations`(`language_string_id`,`language_name`,`translated_string`) VALUES
(@languageStringId,'English','Monitoring period is not correct!');

/*Data for the table `system_language_strings` */
INSERT INTO `system_language_strings`(`language_string`,`language_string_type`,`system_module_id`,`screen_name`) VALUES
('Search Dose Reports', 'display_string', '6', 'Dose Reports Screen');

SET @languageStringId = LAST_INSERT_ID();

INSERT INTO `system_language_translations`(`language_string_id`,`language_name`,`translated_string`) VALUES
(@languageStringId,'English','Search Dose Reports');

/*Data for the table `system_language_strings` */
INSERT INTO `system_language_strings`(`language_string`,`language_string_type`,`system_module_id`,`screen_name`) VALUES
('TLD Readings', 'display_string', '6', 'Menus');

SET @languageStringId = LAST_INSERT_ID();

INSERT INTO `system_language_translations`(`language_string_id`,`language_name`,`translated_string`) VALUES
(@languageStringId,'English','TLD Readings');

/*Data for the table `system_language_strings` */
INSERT INTO `system_language_strings`(`language_string`,`language_string_type`,`system_module_id`,`screen_name`) VALUES
('Imported Date', 'display_string', '6', 'TLD Readings Screen');

SET @languageStringId = LAST_INSERT_ID();

INSERT INTO `system_language_translations`(`language_string_id`,`language_name`,`translated_string`) VALUES
(@languageStringId,'English','Imported Date');

/*Data for the table `system_language_strings` */
INSERT INTO `system_language_strings`(`language_string`,`language_string_type`,`system_module_id`,`screen_name`) VALUES
('Reading Date', 'display_string', '6', 'TLD Readings Screen');

SET @languageStringId = LAST_INSERT_ID();

INSERT INTO `system_language_translations`(`language_string_id`,`language_name`,`translated_string`) VALUES
(@languageStringId,'English','Reading Date');

/*Data for the table `system_language_strings` */
INSERT INTO `system_language_strings`(`language_string`,`language_string_type`,`system_module_id`,`screen_name`) VALUES
('Reading Time', 'display_string', '6', 'TLD Readings Screen');

SET @languageStringId = LAST_INSERT_ID();

INSERT INTO `system_language_translations`(`language_string_id`,`language_name`,`translated_string`) VALUES
(@languageStringId,'English','Reading Time');

/*Data for the table `system_language_strings` */
INSERT INTO `system_language_strings`(`language_string`,`language_string_type`,`system_module_id`,`screen_name`) VALUES
('TLD Number', 'display_string', '6', 'TLD Readings Screen');

SET @languageStringId = LAST_INSERT_ID();

INSERT INTO `system_language_translations`(`language_string_id`,`language_name`,`translated_string`) VALUES
(@languageStringId,'English','TLD Number');

/*Data for the table `system_language_strings` */
INSERT INTO `system_language_strings`(`language_string`,`language_string_type`,`system_module_id`,`screen_name`) VALUES
('Chip Two RCF', 'display_string', '6', 'TLD Readings Screen');

SET @languageStringId = LAST_INSERT_ID();

INSERT INTO `system_language_translations`(`language_string_id`,`language_name`,`translated_string`) VALUES
(@languageStringId,'English','Chip Two RCF');

/*Data for the table `system_language_strings` */
INSERT INTO `system_language_strings`(`language_string`,`language_string_type`,`system_module_id`,`screen_name`) VALUES
('Chip Two ECC', 'display_string', '6', 'TLD Readings Screen');

SET @languageStringId = LAST_INSERT_ID();

INSERT INTO `system_language_translations`(`language_string_id`,`language_name`,`translated_string`) VALUES
(@languageStringId,'English','Chip Two ECC');

/*Data for the table `system_language_strings` */
INSERT INTO `system_language_strings`(`language_string`,`language_string_type`,`system_module_id`,`screen_name`) VALUES
('Chip Two Original Reading', 'display_string', '6', 'TLD Readings Screen');

SET @languageStringId = LAST_INSERT_ID();

INSERT INTO `system_language_translations`(`language_string_id`,`language_name`,`translated_string`) VALUES
(@languageStringId,'English','Chip Two Original Reading');

/*Data for the table `system_language_strings` */
INSERT INTO `system_language_strings`(`language_string`,`language_string_type`,`system_module_id`,`screen_name`) VALUES
('Chip Two Calculated Reading (uSv)', 'display_string', '6', 'TLD Readings Screen');

SET @languageStringId = LAST_INSERT_ID();

INSERT INTO `system_language_translations`(`language_string_id`,`language_name`,`translated_string`) VALUES
(@languageStringId,'English','Chip Two Calculated Reading (uSv)');

/*Data for the table `system_language_strings` */
INSERT INTO `system_language_strings`(`language_string`,`language_string_type`,`system_module_id`,`screen_name`) VALUES
('Chip Three RCF', 'display_string', '6', 'TLD Readings Screen');

SET @languageStringId = LAST_INSERT_ID();

INSERT INTO `system_language_translations`(`language_string_id`,`language_name`,`translated_string`) VALUES
(@languageStringId,'English','Chip Three RCF');

/*Data for the table `system_language_strings` */
INSERT INTO `system_language_strings`(`language_string`,`language_string_type`,`system_module_id`,`screen_name`) VALUES
('Chip Three ECC', 'display_string', '6', 'TLD Readings Screen');

SET @languageStringId = LAST_INSERT_ID();

INSERT INTO `system_language_translations`(`language_string_id`,`language_name`,`translated_string`) VALUES
(@languageStringId,'English','Chip Three ECC');

/*Data for the table `system_language_strings` */
INSERT INTO `system_language_strings`(`language_string`,`language_string_type`,`system_module_id`,`screen_name`) VALUES
('Chip Three Original Reading', 'display_string', '6', 'TLD Readings Screen');

SET @languageStringId = LAST_INSERT_ID();

INSERT INTO `system_language_translations`(`language_string_id`,`language_name`,`translated_string`) VALUES
(@languageStringId,'English','Chip Three Original Reading');

/*Data for the table `system_language_strings` */
INSERT INTO `system_language_strings`(`language_string`,`language_string_type`,`system_module_id`,`screen_name`) VALUES
('Chip Three Calculated Reading (uSv)', 'display_string', '6', 'TLD Readings Screen');

SET @languageStringId = LAST_INSERT_ID();

INSERT INTO `system_language_translations`(`language_string_id`,`language_name`,`translated_string`) VALUES
(@languageStringId,'English','Chip Three Calculated Reading (uSv)');

/*Data for the table `system_language_strings` */
INSERT INTO `system_language_strings`(`language_string`,`language_string_type`,`system_module_id`,`screen_name`) VALUES
('Read Unit', 'display_string', '6', 'TLD Readings Screen');

SET @languageStringId = LAST_INSERT_ID();

INSERT INTO `system_language_translations`(`language_string_id`,`language_name`,`translated_string`) VALUES
(@languageStringId,'English','Read Unit');

/*Data for the table `system_language_strings` */
INSERT INTO `system_language_strings`(`language_string`,`language_string_type`,`system_module_id`,`screen_name`) VALUES
('Processing Status', 'display_string', '6', 'TLD Readings Screen');

SET @languageStringId = LAST_INSERT_ID();

INSERT INTO `system_language_translations`(`language_string_id`,`language_name`,`translated_string`) VALUES
(@languageStringId,'English','Processing Status');

/*Data for the table `system_language_strings` */
INSERT INTO `system_language_strings`(`language_string`,`language_string_type`,`system_module_id`,`screen_name`) VALUES
('Worker Code', 'display_string', '6', 'TLD Readings Screen');

SET @languageStringId = LAST_INSERT_ID();

INSERT INTO `system_language_translations`(`language_string_id`,`language_name`,`translated_string`) VALUES
(@languageStringId,'English','Worker Code');

/*Data for the table `system_language_strings` */
INSERT INTO `system_language_strings`(`language_string`,`language_string_type`,`system_module_id`,`screen_name`) VALUES
('Dose Report No', 'display_string', '6', 'TLD Readings Screen');

SET @languageStringId = LAST_INSERT_ID();

INSERT INTO `system_language_translations`(`language_string_id`,`language_name`,`translated_string`) VALUES
(@languageStringId,'English','Dose Report No');

/*Data for the table `system_language_strings` */
INSERT INTO `system_language_strings`(`language_string`,`language_string_type`,`system_module_id`,`screen_name`) VALUES
('Search TLD Readings', 'display_string', '6', 'TLD Readings Screen');

SET @languageStringId = LAST_INSERT_ID();

INSERT INTO `system_language_translations`(`language_string_id`,`language_name`,`translated_string`) VALUES
(@languageStringId,'English','Search TLD Readings');

/*Data for the table `system_language_strings` */
INSERT INTO `system_language_strings`(`language_string`,`language_string_type`,`system_module_id`,`screen_name`) VALUES
('Dose Report', 'display_string', '6', 'TLD Readings Screen');

SET @languageStringId = LAST_INSERT_ID();

INSERT INTO `system_language_translations`(`language_string_id`,`language_name`,`translated_string`) VALUES
(@languageStringId,'English','Dose Report');

/*Data for the table `system_language_strings` */
INSERT INTO `system_language_strings`(`language_string`,`language_string_type`,`system_module_id`,`screen_name`) VALUES
('TLD Invoice already in use. Therefore, the configuration option is disabled.', 'display_string', '6', 'System Configurations Screen');

SET @languageStringId = LAST_INSERT_ID();

INSERT INTO `system_language_translations`(`language_string_id`,`language_name`,`translated_string`) VALUES
(@languageStringId,'English','TLD Invoice already in use. Therefore, the configuration option is disabled.');

/*Data for the table `system_language_strings` */
INSERT INTO `system_language_strings`(`language_string`,`language_string_type`,`system_module_id`,`screen_name`) VALUES
('Auto Increment Dose Reports Reference Number', 'display_string', '6', 'System Configurations Screen');

SET @languageStringId = LAST_INSERT_ID();

INSERT INTO `system_language_translations`(`language_string_id`,`language_name`,`translated_string`) VALUES
(@languageStringId,'English','Auto Increment Dose Reports Reference Number');

/*Data for the table `system_language_strings` */
INSERT INTO `system_language_strings`(`language_string`,`language_string_type`,`system_module_id`,`screen_name`) VALUES
('Auto Increment TLD Invoices Reference Number', 'display_string', '6', 'System Configurations Screen');

SET @languageStringId = LAST_INSERT_ID();

INSERT INTO `system_language_translations`(`language_string_id`,`language_name`,`translated_string`) VALUES
(@languageStringId,'English','Auto Increment TLD Invoices Reference Number');

/*Data for the table `system_language_strings` */
INSERT INTO `system_language_strings`(`language_string`,`language_string_type`,`system_module_id`,`screen_name`) VALUES
('Invoice Calculation Rates', 'display_string', '6', 'System Configurations Screen');

SET @languageStringId = LAST_INSERT_ID();

INSERT INTO `system_language_translations`(`language_string_id`,`language_name`,`translated_string`) VALUES
(@languageStringId,'English','Invoice Calculation Rates');

/*Data for the table `system_language_strings` */
INSERT INTO `system_language_strings`(`language_string`,`language_string_type`,`system_module_id`,`screen_name`) VALUES
('Institute Service Type', 'display_string', '6', 'System Configurations Screen');

SET @languageStringId = LAST_INSERT_ID();

INSERT INTO `system_language_translations`(`language_string_id`,`language_name`,`translated_string`) VALUES
(@languageStringId,'English','Institute Service Type');

/*Data for the table `system_language_strings` */
INSERT INTO `system_language_strings`(`language_string`,`language_string_type`,`system_module_id`,`screen_name`) VALUES
('Institute Distribution Frequency', 'display_string', '6', 'System Configurations Screen');

SET @languageStringId = LAST_INSERT_ID();

INSERT INTO `system_language_translations`(`language_string_id`,`language_name`,`translated_string`) VALUES
(@languageStringId,'English','Institute Distribution Frequency');

/*Data for the table `system_language_strings` */
INSERT INTO `system_language_strings`(`language_string`,`language_string_type`,`system_module_id`,`screen_name`) VALUES
('Rate should be a double value', 'display_string', '6', 'System Configurations Screen');

SET @languageStringId = LAST_INSERT_ID();

INSERT INTO `system_language_translations`(`language_string_id`,`language_name`,`translated_string`) VALUES
(@languageStringId,'English','Rate should be a double value');

/*Data for the table `system_language_strings` */
INSERT INTO `system_language_strings`(`language_string`,`language_string_type`,`system_module_id`,`screen_name`) VALUES
('Invoice Number', 'display_string', '6', 'TLD Invoices Screen');

SET @languageStringId = LAST_INSERT_ID();

INSERT INTO `system_language_translations`(`language_string_id`,`language_name`,`translated_string`) VALUES
(@languageStringId,'English','Invoice Number');

/*Data for the table `system_language_strings` */
INSERT INTO `system_language_strings`(`language_string`,`language_string_type`,`system_module_id`,`screen_name`) VALUES
('distributions_not_selected_for_bulk_print', 'message', '6', 'Distribute TLDs Screen');

SET @languageStringId = LAST_INSERT_ID();

INSERT INTO `system_language_translations`(`language_string_id`,`language_name`,`translated_string`) VALUES
(@languageStringId,'English','Distributions not selected for bulk print!');

/*Data for the table `system_language_strings` */
INSERT INTO `system_language_strings`(`language_string`,`language_string_type`,`system_module_id`,`screen_name`) VALUES
('dose_reports_not_selected_for_bulk_print', 'message', '6', 'Distribute TLDs Screen');

SET @languageStringId = LAST_INSERT_ID();

INSERT INTO `system_language_translations`(`language_string_id`,`language_name`,`translated_string`) VALUES
(@languageStringId,'English','Dose Reports not selected for bulk print!');

/*Data for the table `system_language_strings` */
INSERT INTO `system_language_strings`(`language_string`,`language_string_type`,`system_module_id`,`screen_name`) VALUES
('reminder_successfully_generated', 'message', '6', 'Not Returned TLDs Screen');

SET @languageStringId = LAST_INSERT_ID();

INSERT INTO `system_language_translations`(`language_string_id`,`language_name`,`translated_string`) VALUES
(@languageStringId,'English','Reminder letter successfully generated!');

/*Data for the table `system_language_strings` */
INSERT INTO `system_language_strings`(`language_string`,`language_string_type`,`system_module_id`,`screen_name`) VALUES
('Print Status', 'display_string', '6', 'Not Returned TLDs Screen');

SET @languageStringId = LAST_INSERT_ID();

INSERT INTO `system_language_translations`(`language_string_id`,`language_name`,`translated_string`) VALUES
(@languageStringId,'English','Print Status');

/*Data for the table `system_language_strings` */
INSERT INTO `system_language_strings`(`language_string`,`language_string_type`,`system_module_id`,`screen_name`) VALUES
('Print Date', 'display_string', '6', 'Not Returned TLDs Screen');

SET @languageStringId = LAST_INSERT_ID();

INSERT INTO `system_language_translations`(`language_string_id`,`language_name`,`translated_string`) VALUES
(@languageStringId,'English','Print Date');

/*Data for the table `system_language_strings` */
INSERT INTO `system_language_strings`(`language_string`,`language_string_type`,`system_module_id`,`screen_name`) VALUES
('Reminder Date', 'display_string', '6', 'Not Returned TLDs Screen');

SET @languageStringId = LAST_INSERT_ID();

INSERT INTO `system_language_translations`(`language_string_id`,`language_name`,`translated_string`) VALUES
(@languageStringId,'English','Reminder Date');

/*Data for the table `system_language_strings` */
INSERT INTO `system_language_strings`(`language_string`,`language_string_type`,`system_module_id`,`screen_name`) VALUES
('Reminder Count', 'display_string', '6', 'Not Returned TLDs Screen');

SET @languageStringId = LAST_INSERT_ID();

INSERT INTO `system_language_translations`(`language_string_id`,`language_name`,`translated_string`) VALUES
(@languageStringId,'English','Reminder Count');

/*Data for the table `system_language_strings` */
INSERT INTO `system_language_strings`(`language_string`,`language_string_type`,`system_module_id`,`screen_name`) VALUES
('Previous Reminder Dates', 'display_string', '6', 'Not Returned TLDs Screen');

SET @languageStringId = LAST_INSERT_ID();

INSERT INTO `system_language_translations`(`language_string_id`,`language_name`,`translated_string`) VALUES
(@languageStringId,'English','Previous Reminder Dates');

/*Data for the table `system_language_strings` */
INSERT INTO `system_language_strings`(`language_string`,`language_string_type`,`system_module_id`,`screen_name`) VALUES
('Reminder Letter', 'message', '6', 'Not Returned TLDs Screen');

SET @languageStringId = LAST_INSERT_ID();

INSERT INTO `system_language_translations`(`language_string_id`,`language_name`,`translated_string`) VALUES
(@languageStringId,'English','Reminder Letter');

/*From ERP Version 9.0 Beta 10 */
/*Data for the table `system_language_strings` */
INSERT INTO `system_language_strings`(`language_string`,`language_string_type`,`system_module_id`,`screen_name`) VALUES
('Institute Code', 'display_string', '6', 'PMSL Reports Screen');

SET @languageStringId = LAST_INSERT_ID();

INSERT INTO `system_language_translations`(`language_string_id`,`language_name`,`translated_string`) VALUES
(@languageStringId,'English','Institute Code');

/*Data for the table `system_language_strings` */
INSERT INTO `system_language_strings`(`language_string`,`language_string_type`,`system_module_id`,`screen_name`) VALUES
('Updated Date', 'display_string', '6', 'PMSL Reports Screen');

SET @languageStringId = LAST_INSERT_ID();

INSERT INTO `system_language_translations`(`language_string_id`,`language_name`,`translated_string`) VALUES
(@languageStringId,'English','Updated Date');

/*Data for the table `system_language_strings` */
INSERT INTO `system_language_strings`(`language_string`,`language_string_type`,`system_module_id`,`screen_name`) VALUES
('Updated User', 'display_string', '6', 'PMSL Reports Screen');

SET @languageStringId = LAST_INSERT_ID();

INSERT INTO `system_language_translations`(`language_string_id`,`language_name`,`translated_string`) VALUES
(@languageStringId,'English','Updated User');

/*Data for the table `system_language_strings` */
INSERT INTO `system_language_strings`(`language_string`,`language_string_type`,`system_module_id`,`screen_name`) VALUES
('Worker Status', 'display_string', '6', 'PMSL Reports Screen');

SET @languageStringId = LAST_INSERT_ID();

INSERT INTO `system_language_translations`(`language_string_id`,`language_name`,`translated_string`) VALUES
(@languageStringId,'English','Worker Status');

/*Data for the table `system_language_strings` */
INSERT INTO `system_language_strings`(`language_string`,`language_string_type`,`system_module_id`,`screen_name`) VALUES
('Work Period', 'display_string', '6', 'PMSL Reports Screen');

SET @languageStringId = LAST_INSERT_ID();

INSERT INTO `system_language_translations`(`language_string_id`,`language_name`,`translated_string`) VALUES
(@languageStringId,'English','Work Period');

/*Data for the table `system_language_strings` */
INSERT INTO `system_language_strings`(`language_string`,`language_string_type`,`system_module_id`,`screen_name`) VALUES
('Show Worker Institute', 'display_string', '6', 'PMSL Reports Screen');

SET @languageStringId = LAST_INSERT_ID();

INSERT INTO `system_language_translations`(`language_string_id`,`language_name`,`translated_string`) VALUES
(@languageStringId,'English','Show Worker Institute');

/*Data for the table `system_language_strings` */
INSERT INTO `system_language_strings`(`language_string`,`language_string_type`,`system_module_id`,`screen_name`) VALUES
('Display Chip Two and Chip Three Readings', 'display_string', '6', 'TLD Readings Screen');

SET @languageStringId = LAST_INSERT_ID();

INSERT INTO `system_language_translations`(`language_string_id`,`language_name`,`translated_string`) VALUES
(@languageStringId,'English','Display Chip Two and Chip Three Readings');

/*Data for the table `system_language_strings` */
INSERT INTO `system_language_strings`(`language_string`,`language_string_type`,`system_module_id`,`screen_name`) VALUES
('Display Chip One and Chip Four Readings', 'display_string', '6', 'TLD Readings Screen');

SET @languageStringId = LAST_INSERT_ID();

INSERT INTO `system_language_translations`(`language_string_id`,`language_name`,`translated_string`) VALUES
(@languageStringId,'English','Display Chip One and Chip Four Readings');

/*Data for the table `system_language_strings` */
INSERT INTO `system_language_strings`(`language_string`,`language_string_type`,`system_module_id`,`screen_name`) VALUES
('Chip One RCF', 'display_string', '6', 'TLD Readings Screen');

SET @languageStringId = LAST_INSERT_ID();

INSERT INTO `system_language_translations`(`language_string_id`,`language_name`,`translated_string`) VALUES
(@languageStringId,'English','Chip One RCF');

/*Data for the table `system_language_strings` */
INSERT INTO `system_language_strings`(`language_string`,`language_string_type`,`system_module_id`,`screen_name`) VALUES
('Chip One ECC', 'display_string', '6', 'TLD Readings Screen');

SET @languageStringId = LAST_INSERT_ID();

INSERT INTO `system_language_translations`(`language_string_id`,`language_name`,`translated_string`) VALUES
(@languageStringId,'English','Chip One ECC');

/*Data for the table `system_language_strings` */
INSERT INTO `system_language_strings`(`language_string`,`language_string_type`,`system_module_id`,`screen_name`) VALUES
('Chip One Original Reading', 'display_string', '6', 'TLD Readings Screen');

SET @languageStringId = LAST_INSERT_ID();

INSERT INTO `system_language_translations`(`language_string_id`,`language_name`,`translated_string`) VALUES
(@languageStringId,'English','Chip One Original Reading');

/*Data for the table `system_language_strings` */
INSERT INTO `system_language_strings`(`language_string`,`language_string_type`,`system_module_id`,`screen_name`) VALUES
('Chip One Calculated Reading (uSv)', 'display_string', '6', 'TLD Readings Screen');

SET @languageStringId = LAST_INSERT_ID();

INSERT INTO `system_language_translations`(`language_string_id`,`language_name`,`translated_string`) VALUES
(@languageStringId,'English','Chip One Calculated Reading (uSv)');

/*Data for the table `system_language_strings` */
INSERT INTO `system_language_strings`(`language_string`,`language_string_type`,`system_module_id`,`screen_name`) VALUES
('Chip Four RCF', 'display_string', '6', 'TLD Readings Screen');

SET @languageStringId = LAST_INSERT_ID();

INSERT INTO `system_language_translations`(`language_string_id`,`language_name`,`translated_string`) VALUES
(@languageStringId,'English','Chip Four RCF');

/*Data for the table `system_language_strings` */
INSERT INTO `system_language_strings`(`language_string`,`language_string_type`,`system_module_id`,`screen_name`) VALUES
('Chip Four ECC', 'display_string', '6', 'TLD Readings Screen');

SET @languageStringId = LAST_INSERT_ID();

INSERT INTO `system_language_translations`(`language_string_id`,`language_name`,`translated_string`) VALUES
(@languageStringId,'English','Chip Four ECC');

/*Data for the table `system_language_strings` */
INSERT INTO `system_language_strings`(`language_string`,`language_string_type`,`system_module_id`,`screen_name`) VALUES
('Chip Four Original Reading', 'display_string', '6', 'TLD Readings Screen');

SET @languageStringId = LAST_INSERT_ID();

INSERT INTO `system_language_translations`(`language_string_id`,`language_name`,`translated_string`) VALUES
(@languageStringId,'English','Chip Four Original Reading');

/*Data for the table `system_language_strings` */
INSERT INTO `system_language_strings`(`language_string`,`language_string_type`,`system_module_id`,`screen_name`) VALUES
('Chip Four Calculated Reading (uSv)', 'display_string', '6', 'TLD Readings Screen');

SET @languageStringId = LAST_INSERT_ID();

INSERT INTO `system_language_translations`(`language_string_id`,`language_name`,`translated_string`) VALUES
(@languageStringId,'English','Chip Four Calculated Reading (uSv)');

/*Data for the table `system_language_strings` */
INSERT INTO `system_language_strings`(`language_string`,`language_string_type`,`system_module_id`,`screen_name`) VALUES
('Extremity Ring Dose (mSv)', 'display_string', '6', 'Dose Reports Screen');

SET @languageStringId = LAST_INSERT_ID();

INSERT INTO `system_language_translations`(`language_string_id`,`language_name`,`translated_string`) VALUES
(@languageStringId,'English','Extremity Ring Dose (mSv)');

/*Data for the table `system_language_strings` */
INSERT INTO `system_language_strings`(`language_string`,`language_string_type`,`system_module_id`,`screen_name`) VALUES
('Extremity Ring Dose Level', 'display_string', '6', 'Dose Reports Screen');

SET @languageStringId = LAST_INSERT_ID();

INSERT INTO `system_language_translations`(`language_string_id`,`language_name`,`translated_string`) VALUES
(@languageStringId,'English','Extremity Ring Dose Level');

/*Data for the table `system_language_strings` */
INSERT INTO `system_language_strings`(`language_string`,`language_string_type`,`system_module_id`,`screen_name`) VALUES
('Extremity Eye Dose (mSv)', 'display_string', '6', 'Dose Reports Screen');

SET @languageStringId = LAST_INSERT_ID();

INSERT INTO `system_language_translations`(`language_string_id`,`language_name`,`translated_string`) VALUES
(@languageStringId,'English','Extremity Eye Dose (mSv)');

/*Data for the table `system_language_strings` */
INSERT INTO `system_language_strings`(`language_string`,`language_string_type`,`system_module_id`,`screen_name`) VALUES
('Extremity Eye Dose Level', 'display_string', '6', 'Dose Reports Screen');

SET @languageStringId = LAST_INSERT_ID();

INSERT INTO `system_language_translations`(`language_string_id`,`language_name`,`translated_string`) VALUES
(@languageStringId,'English','Extremity Eye Dose Level');

/*Data for the table `system_language_strings` */
INSERT INTO `system_language_strings`(`language_string`,`language_string_type`,`system_module_id`,`screen_name`) VALUES
('EXTREMITY RING DOSE (mSv)', 'display_string', '6', 'Dose Reports Screen');

SET @languageStringId = LAST_INSERT_ID();

INSERT INTO `system_language_translations`(`language_string_id`,`language_name`,`translated_string`) VALUES
(@languageStringId,'English','EXTREMITY RING DOSE (mSv)');

/*Data for the table `system_language_strings` */
INSERT INTO `system_language_strings`(`language_string`,`language_string_type`,`system_module_id`,`screen_name`) VALUES
('EXTREMITY EYE DOSE (mSv)', 'display_string', '6', 'Dose Reports Screen');

SET @languageStringId = LAST_INSERT_ID();

INSERT INTO `system_language_translations`(`language_string_id`,`language_name`,`translated_string`) VALUES
(@languageStringId,'English','EXTREMITY EYE DOSE (mSv)');

/*Data for the table `system_language_strings` */
INSERT INTO `system_language_strings`(`language_string`,`language_string_type`,`system_module_id`,`screen_name`) VALUES
('Original Background Reading (uSv)', 'display_string', '6', 'Dose Reports Screen');

SET @languageStringId = LAST_INSERT_ID();

INSERT INTO `system_language_translations`(`language_string_id`,`language_name`,`translated_string`) VALUES
(@languageStringId,'English','Original Background Reading (uSv)');

/*Data for the table `system_language_strings` */
INSERT INTO `system_language_strings`(`language_string`,`language_string_type`,`system_module_id`,`screen_name`) VALUES
('Recalculate Dose Report', 'display_string', '6', 'Dose Reports Screen');

SET @languageStringId = LAST_INSERT_ID();

INSERT INTO `system_language_translations`(`language_string_id`,`language_name`,`translated_string`) VALUES
(@languageStringId,'English','Recalculate Dose Report');

/*Data for the table `system_language_strings` */
INSERT INTO `system_language_strings`(`language_string`,`language_string_type`,`system_module_id`,`screen_name`) VALUES
('New Background Reading (uSv)', 'display_string', '6', 'Dose Reports Screen');

SET @languageStringId = LAST_INSERT_ID();

INSERT INTO `system_language_translations`(`language_string_id`,`language_name`,`translated_string`) VALUES
(@languageStringId,'English','New Background Reading (uSv)');

/*Data for the table `system_language_strings` */
INSERT INTO `system_language_strings`(`language_string`,`language_string_type`,`system_module_id`,`screen_name`) VALUES
('Hp(10) Dose', 'display_string', '6', 'Dose Reports Screen');

SET @languageStringId = LAST_INSERT_ID();

INSERT INTO `system_language_translations`(`language_string_id`,`language_name`,`translated_string`) VALUES
(@languageStringId,'English','Hp(10) Dose');

/*Data for the table `system_language_strings` */
INSERT INTO `system_language_strings`(`language_string`,`language_string_type`,`system_module_id`,`screen_name`) VALUES
('Hp(0.07) Dose', 'display_string', '6', 'Dose Reports Screen');

SET @languageStringId = LAST_INSERT_ID();

INSERT INTO `system_language_translations`(`language_string_id`,`language_name`,`translated_string`) VALUES
(@languageStringId,'English','Hp(0.07) Dose');

/*Data for the table `system_language_strings` */
INSERT INTO `system_language_strings`(`language_string`,`language_string_type`,`system_module_id`,`screen_name`) VALUES
('Extremity Dose', 'display_string', '6', 'Dose Reports Screen');

SET @languageStringId = LAST_INSERT_ID();

INSERT INTO `system_language_translations`(`language_string_id`,`language_name`,`translated_string`) VALUES
(@languageStringId,'English','Extremity Dose');

/*Data for the table `system_language_strings` */
INSERT INTO `system_language_strings`(`language_string`,`language_string_type`,`system_module_id`,`screen_name`) VALUES
('New Hp(10) Dose', 'display_string', '6', 'Dose Reports Screen');

SET @languageStringId = LAST_INSERT_ID();

INSERT INTO `system_language_translations`(`language_string_id`,`language_name`,`translated_string`) VALUES
(@languageStringId,'English','New Hp(10) Dose');

/*Data for the table `system_language_strings` */
INSERT INTO `system_language_strings`(`language_string`,`language_string_type`,`system_module_id`,`screen_name`) VALUES
('New Hp(0.07) Dose', 'display_string', '6', 'Dose Reports Screen');

SET @languageStringId = LAST_INSERT_ID();

INSERT INTO `system_language_translations`(`language_string_id`,`language_name`,`translated_string`) VALUES
(@languageStringId,'English','New Hp(0.07) Dose');

/*Data for the table `system_language_strings` */
INSERT INTO `system_language_strings`(`language_string`,`language_string_type`,`system_module_id`,`screen_name`) VALUES
('New Extremity Dose', 'display_string', '6', 'Dose Reports Screen');

SET @languageStringId = LAST_INSERT_ID();

INSERT INTO `system_language_translations`(`language_string_id`,`language_name`,`translated_string`) VALUES
(@languageStringId,'English','New Extremity Dose');

/*Data for the table `system_language_strings` */
INSERT INTO `system_language_strings`(`language_string`,`language_string_type`,`system_module_id`,`screen_name`) VALUES
('Dose Report successfully recalculated', 'message', '6', 'Dose Reports Screen');

SET @languageStringId = LAST_INSERT_ID();

INSERT INTO `system_language_translations`(`language_string_id`,`language_name`,`translated_string`) VALUES
(@languageStringId,'English','Dose Report successfully recalculated');

/*Data for the table `system_language_strings` */
INSERT INTO `system_language_strings`(`language_string`,`language_string_type`,`system_module_id`,`screen_name`) VALUES
('Distribution No', 'display_string', '6', 'PMSL Reports Screen');

SET @languageStringId = LAST_INSERT_ID();

INSERT INTO `system_language_translations`(`language_string_id`,`language_name`,`translated_string`) VALUES
(@languageStringId,'English','Distribution No');

/*Data for the table `system_language_strings` */
INSERT INTO `system_language_strings`(`language_string`,`language_string_type`,`system_module_id`,`screen_name`) VALUES
('Background Hp(10) Dose (uSv)', 'display_string', '6', 'PMSL Reports Screen');

SET @languageStringId = LAST_INSERT_ID();

INSERT INTO `system_language_translations`(`language_string_id`,`language_name`,`translated_string`) VALUES
(@languageStringId,'English','Background Hp(10) Dose (uSv)');

/*Data for the table `system_language_strings` */
INSERT INTO `system_language_strings`(`language_string`,`language_string_type`,`system_module_id`,`screen_name`) VALUES
('Background Hp(0.07) Dose (uSv)', 'display_string', '6', 'PMSL Reports Screen');

SET @languageStringId = LAST_INSERT_ID();

INSERT INTO `system_language_translations`(`language_string_id`,`language_name`,`translated_string`) VALUES
(@languageStringId,'English','Background Hp(0.07) Dose (uSv)');

/*Data for the table `system_language_strings` */
INSERT INTO `system_language_strings`(`language_string`,`language_string_type`,`system_module_id`,`screen_name`) VALUES
('Background Extremity Dose (uSv)', 'display_string', '6', 'PMSL Reports Screen');

SET @languageStringId = LAST_INSERT_ID();

INSERT INTO `system_language_translations`(`language_string_id`,`language_name`,`translated_string`) VALUES
(@languageStringId,'English','Background Extremity Dose (uSv)');

/*Data for the table `system_language_strings` */
INSERT INTO `system_language_strings`(`language_string`,`language_string_type`,`system_module_id`,`screen_name`) VALUES
('Per Day Hp(10) Dose (uSv)', 'display_string', '6', 'PMSL Reports Screen');

SET @languageStringId = LAST_INSERT_ID();

INSERT INTO `system_language_translations`(`language_string_id`,`language_name`,`translated_string`) VALUES
(@languageStringId,'English','Per Day Hp(10) Dose (uSv)');

/*Data for the table `system_language_strings` */
INSERT INTO `system_language_strings`(`language_string`,`language_string_type`,`system_module_id`,`screen_name`) VALUES
('Per Day Hp(0.07) Dose (uSv)', 'display_string', '6', 'PMSL Reports Screen');

SET @languageStringId = LAST_INSERT_ID();

INSERT INTO `system_language_translations`(`language_string_id`,`language_name`,`translated_string`) VALUES
(@languageStringId,'English','Per Day Hp(0.07) Dose (uSv)');

/*Data for the table `system_language_strings` */
INSERT INTO `system_language_strings`(`language_string`,`language_string_type`,`system_module_id`,`screen_name`) VALUES
('Per Day Extremity Dose (uSv)', 'display_string', '6', 'PMSL Reports Screen');

SET @languageStringId = LAST_INSERT_ID();

INSERT INTO `system_language_translations`(`language_string_id`,`language_name`,`translated_string`) VALUES
(@languageStringId,'English','Per Day Extremity Dose (uSv)');

/*Data for the table `system_language_strings` */
INSERT INTO `system_language_strings`(`language_string`,`language_string_type`,`system_module_id`,`screen_name`) VALUES
('Average Per Day Hp(10) Dose (uSv)', 'display_string', '6', 'PMSL Reports Screen');

SET @languageStringId = LAST_INSERT_ID();

INSERT INTO `system_language_translations`(`language_string_id`,`language_name`,`translated_string`) VALUES
(@languageStringId,'English','Average Per Day Hp(10) Dose (uSv)');

/*Data for the table `system_language_strings` */
INSERT INTO `system_language_strings`(`language_string`,`language_string_type`,`system_module_id`,`screen_name`) VALUES
('Average Per Day Hp(0.07) Dose (uSv)', 'display_string', '6', 'PMSL Reports Screen');

SET @languageStringId = LAST_INSERT_ID();

INSERT INTO `system_language_translations`(`language_string_id`,`language_name`,`translated_string`) VALUES
(@languageStringId,'English','Average Per Day Hp(0.07) Dose (uSv)');

/*Data for the table `system_language_strings` */
INSERT INTO `system_language_strings`(`language_string`,`language_string_type`,`system_module_id`,`screen_name`) VALUES
('Average Per Day Extremity Dose (uSv)', 'display_string', '6', 'PMSL Reports Screen');

SET @languageStringId = LAST_INSERT_ID();

INSERT INTO `system_language_translations`(`language_string_id`,`language_name`,`translated_string`) VALUES
(@languageStringId,'English','Average Per Day Extremity Dose (uSv)');

/*Data for the table `system_language_strings` */
INSERT INTO `system_language_strings`(`language_string`,`language_string_type`,`system_module_id`,`screen_name`) VALUES
('Hp(10) Dose Standard Deviation (uSv)', 'display_string', '6', 'PMSL Reports Screen');

SET @languageStringId = LAST_INSERT_ID();

INSERT INTO `system_language_translations`(`language_string_id`,`language_name`,`translated_string`) VALUES
(@languageStringId,'English','Hp(10) Dose Standard Deviation (uSv)');

/*Data for the table `system_language_strings` */
INSERT INTO `system_language_strings`(`language_string`,`language_string_type`,`system_module_id`,`screen_name`) VALUES
('Hp(0.07) Dose Standard Deviation (uSv)', 'display_string', '6', 'PMSL Reports Screen');

SET @languageStringId = LAST_INSERT_ID();

INSERT INTO `system_language_translations`(`language_string_id`,`language_name`,`translated_string`) VALUES
(@languageStringId,'English','Hp(0.07) Dose Standard Deviation (uSv)');

/*Data for the table `system_language_strings` */
INSERT INTO `system_language_strings`(`language_string`,`language_string_type`,`system_module_id`,`screen_name`) VALUES
('Extremity Dose Standard Deviation (uSv)', 'display_string', '6', 'PMSL Reports Screen');

SET @languageStringId = LAST_INSERT_ID();

INSERT INTO `system_language_translations`(`language_string_id`,`language_name`,`translated_string`) VALUES
(@languageStringId,'English','Extremity Dose Standard Deviation (uSv)');

/*Data for the table `system_language_strings` */
INSERT INTO `system_language_strings`(`language_string`,`language_string_type`,`system_module_id`,`screen_name`) VALUES
('Show Average Per Day Dose Graph', 'display_string', '6', 'PMSL Reports Screen');

SET @languageStringId = LAST_INSERT_ID();

INSERT INTO `system_language_translations`(`language_string_id`,`language_name`,`translated_string`) VALUES
(@languageStringId,'English','Show Average Per Day Dose Graph');

/*Data for the table `system_language_strings` */
INSERT INTO `system_language_strings`(`language_string`,`language_string_type`,`system_module_id`,`screen_name`) VALUES
('Average Per Day Dose Variation', 'display_string', '6', 'PMSL Reports Screen');

SET @languageStringId = LAST_INSERT_ID();

INSERT INTO `system_language_translations`(`language_string_id`,`language_name`,`translated_string`) VALUES
(@languageStringId,'English','Average Per Day Dose Variation');

/*From ERP Version 9.0 Beta 11 */
/*Data for the table `system_language_strings` */
INSERT INTO `system_language_strings`(`language_string`,`language_string_type`,`system_module_id`,`screen_name`) VALUES
('Field Whole Body TLD', 'display_string', '6', 'PMSL Reports Screen');

SET @languageStringId = LAST_INSERT_ID();

INSERT INTO `system_language_translations`(`language_string_id`,`language_name`,`translated_string`) VALUES
(@languageStringId,'English','Field Whole Body TLD');

/*Data for the table `system_language_strings` */
INSERT INTO `system_language_strings`(`language_string`,`language_string_type`,`system_module_id`,`screen_name`) VALUES
('Field Collar Dose TLD', 'display_string', '6', 'PMSL Reports Screen');

SET @languageStringId = LAST_INSERT_ID();

INSERT INTO `system_language_translations`(`language_string_id`,`language_name`,`translated_string`) VALUES
(@languageStringId,'English','Field Collar Dose TLD');

/*Data for the table `system_language_strings` */
INSERT INTO `system_language_strings`(`language_string`,`language_string_type`,`system_module_id`,`screen_name`) VALUES
('Field Extremity TLD', 'display_string', '6', 'PMSL Reports Screen');

SET @languageStringId = LAST_INSERT_ID();

INSERT INTO `system_language_translations`(`language_string_id`,`language_name`,`translated_string`) VALUES
(@languageStringId,'English','Field Extremity TLD');

/*Data for the table `system_language_strings` */
INSERT INTO `system_language_strings`(`language_string`,`language_string_type`,`system_module_id`,`screen_name`) VALUES
('Selected TLD is not valid under selected distribution method!', 'message', '6', 'Distribute TLDs Screen');

SET @languageStringId = LAST_INSERT_ID();

INSERT INTO `system_language_translations`(`language_string_id`,`language_name`,`translated_string`) VALUES
(@languageStringId,'English','Selected TLD is not valid under selected distribution method!');

/*Data for the table `system_language_strings` */
INSERT INTO `system_language_strings`(`language_string`,`language_string_type`,`system_module_id`,`screen_name`) VALUES
('No.of TLD cards returned:', 'display_string', '6', 'Distribute TLDs Screen');

SET @languageStringId = LAST_INSERT_ID();

INSERT INTO `system_language_translations`(`language_string_id`,`language_name`,`translated_string`) VALUES
(@languageStringId,'English','No.of TLD cards returned:');

/*Data for the table `system_language_strings` */
INSERT INTO `system_language_strings`(`language_string`,`language_string_type`,`system_module_id`,`screen_name`) VALUES
('Name & Signature of the RPO/Authorized Person :', 'display_string', '6', 'Distribute TLDs Screen');

SET @languageStringId = LAST_INSERT_ID();

INSERT INTO `system_language_translations`(`language_string_id`,`language_name`,`translated_string`) VALUES
(@languageStringId,'English','Name & Signature of the RPO/Authorized Person :');

/*From ERP Version 9.0 Beta 12 */
/*Data for the table `system_language_strings` */
INSERT INTO `system_language_strings`(`language_string`,`language_string_type`,`system_module_id`,`screen_name`) VALUES
('Return No', 'display_string', '6', 'PMSL Reports Screen');

SET @languageStringId = LAST_INSERT_ID();

INSERT INTO `system_language_translations`(`language_string_id`,`language_name`,`translated_string`) VALUES
(@languageStringId,'English','Return No');

/*Data for the table `system_language_strings` */
INSERT INTO `system_language_strings`(`language_string`,`language_string_type`,`system_module_id`,`screen_name`) VALUES
('Invoice Date', 'display_string', '6', 'PMSL Reports Screen');

SET @languageStringId = LAST_INSERT_ID();

INSERT INTO `system_language_translations`(`language_string_id`,`language_name`,`translated_string`) VALUES
(@languageStringId,'English','Invoice Date');

/*Data for the table `system_language_strings` */
INSERT INTO `system_language_strings`(`language_string`,`language_string_type`,`system_module_id`,`screen_name`) VALUES
('Assigned Worker Code', 'display_string', '6', 'PMSL Reports Screen');

SET @languageStringId = LAST_INSERT_ID();

INSERT INTO `system_language_translations`(`language_string_id`,`language_name`,`translated_string`) VALUES
(@languageStringId,'English','Assigned Worker Code');

/*Data for the table `system_language_strings` */
INSERT INTO `system_language_strings`(`language_string`,`language_string_type`,`system_module_id`,`screen_name`) VALUES
('Assigned Worker Name', 'display_string', '6', 'PMSL Reports Screen');

SET @languageStringId = LAST_INSERT_ID();

INSERT INTO `system_language_translations`(`language_string_id`,`language_name`,`translated_string`) VALUES
(@languageStringId,'English','Assigned Worker Name');

/*Data for the table `system_language_strings` */
INSERT INTO `system_language_strings`(`language_string`,`language_string_type`,`system_module_id`,`screen_name`) VALUES
('Not Return No', 'display_string', '6', 'PMSL Reports Screen');

SET @languageStringId = LAST_INSERT_ID();

INSERT INTO `system_language_translations`(`language_string_id`,`language_name`,`translated_string`) VALUES
(@languageStringId,'English','Not Return No');

/*Data for the table `system_language_strings` */
INSERT INTO `system_language_strings`(`language_string`,`language_string_type`,`system_module_id`,`screen_name`) VALUES
('Exposure Period', 'display_string', '6', 'PMSL Reports Screen');

SET @languageStringId = LAST_INSERT_ID();

INSERT INTO `system_language_translations`(`language_string_id`,`language_name`,`translated_string`) VALUES
(@languageStringId,'English','Exposure Period');

/*Data for the table `system_language_strings` */
INSERT INTO `system_language_strings`(`language_string`,`language_string_type`,`system_module_id`,`screen_name`) VALUES
('Returned Date', 'display_string', '6', 'PMSL Reports Screen');

SET @languageStringId = LAST_INSERT_ID();

INSERT INTO `system_language_translations`(`language_string_id`,`language_name`,`translated_string`) VALUES
(@languageStringId,'English','Returned Date');

/*Data for the table `system_language_strings` */
INSERT INTO `system_language_strings`(`language_string`,`language_string_type`,`system_module_id`,`screen_name`) VALUES
('Dose Monitored Period', 'display_string', '6', 'PMSL Reports Screen');

SET @languageStringId = LAST_INSERT_ID();

INSERT INTO `system_language_translations`(`language_string_id`,`language_name`,`translated_string`) VALUES
(@languageStringId,'English','Dose Monitored Period');

/*Data for the table `system_language_strings` */
INSERT INTO `system_language_strings`(`language_string`,`language_string_type`,`system_module_id`,`screen_name`) VALUES
('Cumulated Hp(10) Dose', 'display_string', '6', 'PMSL Reports Screen');

SET @languageStringId = LAST_INSERT_ID();

INSERT INTO `system_language_translations`(`language_string_id`,`language_name`,`translated_string`) VALUES
(@languageStringId,'English','Cumulated Hp(10) Dose');

/*Data for the table `system_language_strings` */
INSERT INTO `system_language_strings`(`language_string`,`language_string_type`,`system_module_id`,`screen_name`) VALUES
('Cumulated Hp(0.07) Dose', 'display_string', '6', 'PMSL Reports Screen');

SET @languageStringId = LAST_INSERT_ID();

INSERT INTO `system_language_translations`(`language_string_id`,`language_name`,`translated_string`) VALUES
(@languageStringId,'English','Cumulated Hp(0.07) Dose');

/*Data for the table `system_language_strings` */
INSERT INTO `system_language_strings`(`language_string`,`language_string_type`,`system_module_id`,`screen_name`) VALUES
('Cumulated Extremity Ring Dose', 'display_string', '6', 'PMSL Reports Screen');

SET @languageStringId = LAST_INSERT_ID();

INSERT INTO `system_language_translations`(`language_string_id`,`language_name`,`translated_string`) VALUES
(@languageStringId,'English','Cumulated Extremity Ring Dose');

/*Data for the table `system_language_strings` */
INSERT INTO `system_language_strings`(`language_string`,`language_string_type`,`system_module_id`,`screen_name`) VALUES
('Cumulated Extremity Eye Dose', 'display_string', '6', 'PMSL Reports Screen');

SET @languageStringId = LAST_INSERT_ID();

INSERT INTO `system_language_translations`(`language_string_id`,`language_name`,`translated_string`) VALUES
(@languageStringId,'English','Cumulated Extremity Eye Dose');

/*Data for the table `system_language_strings` */
INSERT INTO `system_language_strings`(`language_string`,`language_string_type`,`system_module_id`,`screen_name`) VALUES
('Extremity Ring Dose', 'display_string', '6', 'PMSL Reports Screen');

SET @languageStringId = LAST_INSERT_ID();

INSERT INTO `system_language_translations`(`language_string_id`,`language_name`,`translated_string`) VALUES
(@languageStringId,'English','Extremity Ring Dose');

/*Data for the table `system_language_strings` */
INSERT INTO `system_language_strings`(`language_string`,`language_string_type`,`system_module_id`,`screen_name`) VALUES
('Extremity Eye Dose', 'display_string', '6', 'PMSL Reports Screen');

SET @languageStringId = LAST_INSERT_ID();

INSERT INTO `system_language_translations`(`language_string_id`,`language_name`,`translated_string`) VALUES
(@languageStringId,'English','Extremity Eye Dose');

/*Data for the table `system_language_strings` */
INSERT INTO `system_language_strings`(`language_string`,`language_string_type`,`system_module_id`,`screen_name`) VALUES
('Exposure Start Date', 'display_string', '6', 'Dose Reports Screen');

SET @languageStringId = LAST_INSERT_ID();

INSERT INTO `system_language_translations`(`language_string_id`,`language_name`,`translated_string`) VALUES
(@languageStringId,'English','Exposure Start Date');

/*Data for the table `system_language_strings` */
INSERT INTO `system_language_strings`(`language_string`,`language_string_type`,`system_module_id`,`screen_name`) VALUES
('Exposure End Date', 'display_string', '6', 'Dose Reports Screen');

SET @languageStringId = LAST_INSERT_ID();

INSERT INTO `system_language_translations`(`language_string_id`,`language_name`,`translated_string`) VALUES
(@languageStringId,'English','Exposure End Date');

/*Data for the table `system_language_strings` */
INSERT INTO `system_language_strings`(`language_string`,`language_string_type`,`system_module_id`,`screen_name`) VALUES
('Maximum Allowed Product Opening Stock Value', 'display_string', '2', 'System Configurations Screen');

SET @languageStringId = LAST_INSERT_ID();

INSERT INTO `system_language_translations`(`language_string_id`,`language_name`,`translated_string`) VALUES
(@languageStringId,'English','Maximum Allowed Product Opening Stock Value');

/*Data for the table `system_language_strings` */
INSERT INTO `system_language_strings`(`language_string`,`language_string_type`,`system_module_id`,`screen_name`) VALUES
('Maximum Allowed Product Stock Update Physical Stock Value', 'display_string', '2', 'System Configurations Screen');

SET @languageStringId = LAST_INSERT_ID();

INSERT INTO `system_language_translations`(`language_string_id`,`language_name`,`translated_string`) VALUES
(@languageStringId,'English','Maximum Allowed Product Stock Update Physical Stock Value');

/*Data for the table `system_language_strings` */
INSERT INTO `system_language_strings`(`language_string`,`language_string_type`,`system_module_id`,`screen_name`) VALUES
('Opening Stock Quantity you entered is exceeding maximum allowed opening stock quantity!', 'message', '2', 'Warehouse Opening Stock Screen');

SET @languageStringId = LAST_INSERT_ID();

INSERT INTO `system_language_translations`(`language_string_id`,`language_name`,`translated_string`) VALUES
(@languageStringId,'English','Opening Stock Quantity you entered is exceeding maximum allowed opening stock quantity!');

/*Data for the table `system_language_strings` */
INSERT INTO `system_language_strings`(`language_string`,`language_string_type`,`system_module_id`,`screen_name`) VALUES
('Physical Quantity you entered is exceeding maximum allowed product stock update physical stock quantity!', 'message', '2', 'Warehouse Stock Update Screen');

SET @languageStringId = LAST_INSERT_ID();

INSERT INTO `system_language_translations`(`language_string_id`,`language_name`,`translated_string`) VALUES
(@languageStringId,'English','Physical Quantity you entered is exceeding maximum allowed product stock update physical stock quantity!');

/*From ERP Version 9.0 Beta 13 */
/*Data for the table `system_language_strings` */
INSERT INTO `system_language_strings`(`language_string`,`language_string_type`,`system_module_id`,`screen_name`) VALUES
('reminder_already_generated', 'message', '6', 'Not Returned TLDs Screen');

SET @languageStringId = LAST_INSERT_ID();

INSERT INTO `system_language_translations`(`language_string_id`,`language_name`,`translated_string`) VALUES
(@languageStringId,'English','Reminders already generated for today!');

/*Data for the table `system_language_strings` */
INSERT INTO `system_language_strings`(`language_string`,`language_string_type`,`system_module_id`,`screen_name`) VALUES
('TLD card was used by worker', 'display_string', '6', 'Not Returned TLDs Screen');

SET @languageStringId = LAST_INSERT_ID();

INSERT INTO `system_language_translations`(`language_string_id`,`language_name`,`translated_string`) VALUES
(@languageStringId,'English','TLD card was used by worker');

/*Data for the table `system_language_strings` */
INSERT INTO `system_language_strings`(`language_string`,`language_string_type`,`system_module_id`,`screen_name`) VALUES
('tld_distribution_marked_as_pending', 'message', '6', 'Distribute TLDs Screen');

SET @languageStringId = LAST_INSERT_ID();

INSERT INTO `system_language_translations`(`language_string_id`,`language_name`,`translated_string`) VALUES
(@languageStringId,'English','Distribition successfully marked as Pending!');

/*Data for the table `system_language_strings` */
INSERT INTO `system_language_strings`(`language_string`,`language_string_type`,`system_module_id`,`screen_name`) VALUES
('Current TLD Assignment Data', 'display_string', '6', 'PMSL Reports Screen');

SET @languageStringId = LAST_INSERT_ID();

INSERT INTO `system_language_translations`(`language_string_id`,`language_name`,`translated_string`) VALUES
(@languageStringId,'English','Current TLD Assignment Data');

/*Data for the table `system_language_strings` */
INSERT INTO `system_language_strings`(`language_string`,`language_string_type`,`system_module_id`,`screen_name`) VALUES
('TLD Assignment History Data', 'display_string', '6', 'PMSL Reports Screen');

SET @languageStringId = LAST_INSERT_ID();

INSERT INTO `system_language_translations`(`language_string_id`,`language_name`,`translated_string`) VALUES
(@languageStringId,'English','TLD Assignment History Data');

/*From ERP Version 9.0 Beta 14 */
/*Data for the table `system_language_strings` */
INSERT INTO `system_language_strings`(`language_string`,`language_string_type`,`system_module_id`,`screen_name`) VALUES
('TLD Reader Machines', 'display_string', '6', 'Menus');

SET @languageStringId = LAST_INSERT_ID();

INSERT INTO `system_language_translations`(`language_string_id`,`language_name`,`translated_string`) VALUES
(@languageStringId,'English','TLD Reader Machines');

/*Data for the table `system_language_strings` */
INSERT INTO `system_language_strings`(`language_string`,`language_string_type`,`system_module_id`,`screen_name`) VALUES
('Search TLD Reader Machine Records', 'display_string', '6', 'TLD Reader Machines Screen');

SET @languageStringId = LAST_INSERT_ID();

INSERT INTO `system_language_translations`(`language_string_id`,`language_name`,`translated_string`) VALUES
(@languageStringId,'English','Search TLD Reader Machine Records');

/*Data for the table `system_language_strings` */
INSERT INTO `system_language_strings`(`language_string`,`language_string_type`,`system_module_id`,`screen_name`) VALUES
('TLD Reader Machine', 'display_string', '6', 'TLD Reader Machines Screen');

SET @languageStringId = LAST_INSERT_ID();

INSERT INTO `system_language_translations`(`language_string_id`,`language_name`,`translated_string`) VALUES
(@languageStringId,'English','TLD Reader Machine');

/*Data for the table `system_language_strings` */
INSERT INTO `system_language_strings`(`language_string`,`language_string_type`,`system_module_id`,`screen_name`) VALUES
('Edit TLD Reading Data', 'display_string', '6', 'TLD Readings Screen');

SET @languageStringId = LAST_INSERT_ID();

INSERT INTO `system_language_translations`(`language_string_id`,`language_name`,`translated_string`) VALUES
(@languageStringId,'English','Edit TLD Reading Data');

/*Data for the table `system_language_strings` */
INSERT INTO `system_language_strings`(`language_string`,`language_string_type`,`system_module_id`,`screen_name`) VALUES
('Force and Prepare Dose Report', 'display_string', '6', 'TLD Readings Screen');

SET @languageStringId = LAST_INSERT_ID();

INSERT INTO `system_language_translations`(`language_string_id`,`language_name`,`translated_string`) VALUES
(@languageStringId,'English','Force and Prepare Dose Report');

/*Data for the table `system_language_strings` */
INSERT INTO `system_language_strings`(`language_string`,`language_string_type`,`system_module_id`,`screen_name`) VALUES
('tld_return_marked_as_pending', 'message', '6', 'Collect TLD Returns Screen');

SET @languageStringId = LAST_INSERT_ID();

INSERT INTO `system_language_translations`(`language_string_id`,`language_name`,`translated_string`) VALUES
(@languageStringId,'English','Collect TLD Return successfully marked as Pending!');

/*Data for the table `system_language_strings` */
INSERT INTO `system_language_strings`(`language_string`,`language_string_type`,`system_module_id`,`screen_name`) VALUES
('Invalid Exposure Period To Date.', 'message', '6', 'Collect TLD Returns Screen');

SET @languageStringId = LAST_INSERT_ID();

INSERT INTO `system_language_translations`(`language_string_id`,`language_name`,`translated_string`) VALUES
(@languageStringId,'English','Invalid Exposure Period To Date.');

/*Data for the table `system_language_strings` */
INSERT INTO `system_language_strings`(`language_string`,`language_string_type`,`system_module_id`,`screen_name`) VALUES
('Exposure Period To Date updated sucessfully.', 'message', '6', 'Collect TLD Returns Screen');

SET @languageStringId = LAST_INSERT_ID();

INSERT INTO `system_language_translations`(`language_string_id`,`language_name`,`translated_string`) VALUES
(@languageStringId,'English','Exposure Period To Date updated sucessfully.');

/*From ERP Version 9.0 Beta 15 */
/*Data for the table `system_language_strings` */
INSERT INTO `system_language_strings`(`language_string`,`language_string_type`,`system_module_id`,`screen_name`) VALUES
('TLD Name', 'display_string', '6', 'PMSL Reports Screen');

SET @languageStringId = LAST_INSERT_ID();

INSERT INTO `system_language_translations`(`language_string_id`,`language_name`,`translated_string`) VALUES
(@languageStringId,'English','TLD Name');

/*Data for the table `system_language_strings` */
INSERT INTO `system_language_strings`(`language_string`,`language_string_type`,`system_module_id`,`screen_name`) VALUES
('TLD A', 'display_string', '6', 'PMSL Reports Screen');

SET @languageStringId = LAST_INSERT_ID();

INSERT INTO `system_language_translations`(`language_string_id`,`language_name`,`translated_string`) VALUES
(@languageStringId,'English','TLD A');

/*Data for the table `system_language_strings` */
INSERT INTO `system_language_strings`(`language_string`,`language_string_type`,`system_module_id`,`screen_name`) VALUES
('TLD B', 'display_string', '6', 'PMSL Reports Screen');

SET @languageStringId = LAST_INSERT_ID();

INSERT INTO `system_language_translations`(`language_string_id`,`language_name`,`translated_string`) VALUES
(@languageStringId,'English','TLD B');

/*Data for the table `system_language_strings` */
INSERT INTO `system_language_strings`(`language_string`,`language_string_type`,`system_module_id`,`screen_name`) VALUES
('TLD C', 'display_string', '6', 'PMSL Reports Screen');

SET @languageStringId = LAST_INSERT_ID();

INSERT INTO `system_language_translations`(`language_string_id`,`language_name`,`translated_string`) VALUES
(@languageStringId,'English','TLD C');

/*Data for the table `system_language_strings` */
INSERT INTO `system_language_strings`(`language_string`,`language_string_type`,`system_module_id`,`screen_name`) VALUES
('TLD Reading', 'display_string', '6', 'TLD Readings Screen');

SET @languageStringId = LAST_INSERT_ID();

INSERT INTO `system_language_translations`(`language_string_id`,`language_name`,`translated_string`) VALUES
(@languageStringId,'English','TLD Reading');

/*Data for the table `system_language_strings` */
INSERT INTO `system_language_strings`(`language_string`,`language_string_type`,`system_module_id`,`screen_name`) VALUES
('tld_reading_already_processed_for_a_dose_report', 'message', '6', 'TLD Readings Screen');

SET @languageStringId = LAST_INSERT_ID();

INSERT INTO `system_language_translations`(`language_string_id`,`language_name`,`translated_string`) VALUES
(@languageStringId,'English','TLD Reading already processed for a dose report!');

/*Data for the table `system_language_strings` */
INSERT INTO `system_language_strings`(`language_string`,`language_string_type`,`system_module_id`,`screen_name`) VALUES
('TLD Reading File', 'display_string', '6', 'Import TLD Readings Screen');

SET @languageStringId = LAST_INSERT_ID();

INSERT INTO `system_language_translations`(`language_string_id`,`language_name`,`translated_string`) VALUES
(@languageStringId,'English','TLD Reading File');

/*Data for the table `system_language_strings` */
INSERT INTO `system_language_strings`(`language_string`,`language_string_type`,`system_module_id`,`screen_name`) VALUES
('tld_readings_already_processed_for_dose_reports', 'message', '6', 'TLD Readings Screen');
  
SET @languageStringId = LAST_INSERT_ID();

INSERT INTO `system_language_translations`(`language_string_id`,`language_name`,`translated_string`) VALUES
(@languageStringId,'English','TLD Readings already processed for dose reports!');

/*From ERP Version 9.0 Beta 16 */
/*Data for the table `system_language_strings` */
INSERT INTO `system_language_strings`(`language_string`,`language_string_type`,`system_module_id`,`screen_name`) VALUES
('Used Period', 'display_string', '6', 'PMSL Reports Screen');

SET @languageStringId = LAST_INSERT_ID();

INSERT INTO `system_language_translations`(`language_string_id`,`language_name`,`translated_string`) VALUES
(@languageStringId,'English','Used Period');

/*Data for the table `system_language_strings` */
INSERT INTO `system_language_strings`(`language_string`,`language_string_type`,`system_module_id`,`screen_name`) VALUES
('Bulk Edit', 'display_string', '1', 'People Screen');

SET @languageStringId = LAST_INSERT_ID();

INSERT INTO `system_language_translations`(`language_string_id`,`language_name`,`translated_string`) VALUES
(@languageStringId,'English','Bulk Edit');

/*Data for the table `system_language_strings` */
INSERT INTO `system_language_strings`(`language_string`,`language_string_type`,`system_module_id`,`screen_name`) VALUES
('People Bulk Edit', 'display_string', '1', 'People Screen');

SET @languageStringId = LAST_INSERT_ID();

INSERT INTO `system_language_translations`(`language_string_id`,`language_name`,`translated_string`) VALUES
(@languageStringId,'English','People Bulk Edit');

/*Data for the table `system_language_strings` */
INSERT INTO `system_language_strings`(`language_string`,`language_string_type`,`system_module_id`,`screen_name`) VALUES
('TLD Summary', 'display_string', '6', 'Menus');

SET @languageStringId = LAST_INSERT_ID();

INSERT INTO `system_language_translations`(`language_string_id`,`language_name`,`translated_string`) VALUES
(@languageStringId,'English','TLD Summary');

/*Data for the table `system_language_strings` */
INSERT INTO `system_language_strings`(`language_string`,`language_string_type`,`system_module_id`,`screen_name`) VALUES
('Returns Pending TLD Distributions', 'display_string', '6', 'Menus');

SET @languageStringId = LAST_INSERT_ID();

INSERT INTO `system_language_translations`(`language_string_id`,`language_name`,`translated_string`) VALUES
(@languageStringId,'English','Returns Pending TLD Distributions');

/*Data for the table `system_language_strings` */
INSERT INTO `system_language_strings`(`language_string`,`language_string_type`,`system_module_id`,`screen_name`) VALUES
('Reading Pending TLD Returns', 'display_string', '6', 'Menus');

SET @languageStringId = LAST_INSERT_ID();

INSERT INTO `system_language_translations`(`language_string_id`,`language_name`,`translated_string`) VALUES
(@languageStringId,'English','Reading Pending TLD Returns');

/*Data for the table `system_language_strings` */
INSERT INTO `system_language_strings`(`language_string`,`language_string_type`,`system_module_id`,`screen_name`) VALUES
('Pending Dose Report Generations', 'display_string', '6', 'Menus');

SET @languageStringId = LAST_INSERT_ID();

INSERT INTO `system_language_translations`(`language_string_id`,`language_name`,`translated_string`) VALUES
(@languageStringId,'English','Pending Dose Report Generations');

/*Data for the table `system_language_strings` */
INSERT INTO `system_language_strings`(`language_string`,`language_string_type`,`system_module_id`,`screen_name`) VALUES
('Pending Invoice Generations', 'display_string', '6', 'Menus');

SET @languageStringId = LAST_INSERT_ID();

INSERT INTO `system_language_translations`(`language_string_id`,`language_name`,`translated_string`) VALUES
(@languageStringId,'English','Pending Invoice Generations');

/*Data for the table `system_language_strings` */
INSERT INTO `system_language_strings`(`language_string`,`language_string_type`,`system_module_id`,`screen_name`) VALUES
('Returns Pending After Third Reminder', 'display_string', '6', 'Menus');

SET @languageStringId = LAST_INSERT_ID();

INSERT INTO `system_language_translations`(`language_string_id`,`language_name`,`translated_string`) VALUES
(@languageStringId,'English','Returns Pending After Third Reminder');

/*Data for the table `system_language_strings` */
INSERT INTO `system_language_strings`(`language_string`,`language_string_type`,`system_module_id`,`screen_name`) VALUES
('Not Returned TLD Information', 'display_string', '6', 'Menus');

SET @languageStringId = LAST_INSERT_ID();

INSERT INTO `system_language_translations`(`language_string_id`,`language_name`,`translated_string`) VALUES
(@languageStringId,'English','Not Returned TLD Information');

/*Data for the table `system_language_strings` */
INSERT INTO `system_language_strings`(`language_string`,`language_string_type`,`system_module_id`,`screen_name`) VALUES
('Dose Report Generation Count of Users', 'display_string', '6', 'Menus');

SET @languageStringId = LAST_INSERT_ID();

INSERT INTO `system_language_translations`(`language_string_id`,`language_name`,`translated_string`) VALUES
(@languageStringId,'English','Dose Report Generation Count of Users');

/*Data for the table `system_language_strings` */
INSERT INTO `system_language_strings`(`language_string`,`language_string_type`,`system_module_id`,`screen_name`) VALUES
('Dose Report Count', 'display_string', '6', 'Menus');

SET @languageStringId = LAST_INSERT_ID();

INSERT INTO `system_language_translations`(`language_string_id`,`language_name`,`translated_string`) VALUES
(@languageStringId,'English','Dose Report Count');

/*Data for the table `system_language_strings` */
INSERT INTO `system_language_strings`(`language_string`,`language_string_type`,`system_module_id`,`screen_name`) VALUES
('TLD Reading Count', 'display_string', '6', 'Menus');

SET @languageStringId = LAST_INSERT_ID();

INSERT INTO `system_language_translations`(`language_string_id`,`language_name`,`translated_string`) VALUES
(@languageStringId,'English','TLD Reading Count');

/*Data for the table `system_language_strings` */
INSERT INTO `system_language_strings`(`language_string`,`language_string_type`,`system_module_id`,`screen_name`) VALUES
('Invoice Generation Count of Users', 'display_string', '6', 'Menus');

SET @languageStringId = LAST_INSERT_ID();

INSERT INTO `system_language_translations`(`language_string_id`,`language_name`,`translated_string`) VALUES
(@languageStringId,'English','Invoice Generation Count of Users');

/*Data for the table `system_language_strings` */
INSERT INTO `system_language_strings`(`language_string`,`language_string_type`,`system_module_id`,`screen_name`) VALUES
('Invoice Count', 'display_string', '6', 'Menus');

SET @languageStringId = LAST_INSERT_ID();

INSERT INTO `system_language_translations`(`language_string_id`,`language_name`,`translated_string`) VALUES
(@languageStringId,'English','Invoice Count');

/*Data for the table `system_language_strings` */
INSERT INTO `system_language_strings`(`language_string`,`language_string_type`,`system_module_id`,`screen_name`) VALUES
('Attendance data not imported successfully. Please make sure that attendance data formats are correct.', 'message', '4', 'Employee Attendance Screen');

SET @languageStringId = LAST_INSERT_ID();

INSERT INTO `system_language_translations`(`language_string_id`,`language_name`,`translated_string`) VALUES
(@languageStringId,'English','Attendance data not imported successfully. Please make sure that attendance data formats are correct.');

/*Data for the table `system_language_strings` */
INSERT INTO `system_language_strings`(`language_string`,`language_string_type`,`system_module_id`,`screen_name`) VALUES
('Round Off Sales Invoice Due Payment in POS', 'display_string', '2', 'System Configurations Screen');

SET @languageStringId = LAST_INSERT_ID();

INSERT INTO `system_language_translations`(`language_string_id`,`language_name`,`translated_string`) VALUES
(@languageStringId,'English','Round Off Sales Invoice Due Payment in POS');

/*Data for the table `system_language_strings` */
INSERT INTO `system_language_strings`(`language_string`,`language_string_type`,`system_module_id`,`screen_name`) VALUES
('Activate All Inactive Customers', 'display_string', '1', 'People Screen');

SET @languageStringId = LAST_INSERT_ID();

INSERT INTO `system_language_translations`(`language_string_id`,`language_name`,`translated_string`) VALUES
(@languageStringId,'English','Activate All Inactive Customers');

/*Data for the table `system_language_strings` */
INSERT INTO `system_language_strings`(`language_string`,`language_string_type`,`system_module_id`,`screen_name`) VALUES
('All inactive customers activated successfully', 'message', '1', 'People Screen');

SET @languageStringId = LAST_INSERT_ID();

INSERT INTO `system_language_translations`(`language_string_id`,`language_name`,`translated_string`) VALUES
(@languageStringId,'English','All inactive customers activated successfully');

/*Data for the table `system_language_strings` */
INSERT INTO `system_language_strings`(`language_string`,`language_string_type`,`system_module_id`,`screen_name`) VALUES
('Permanently Deactivate the Customer', 'display_string', '1', 'People Screen');

SET @languageStringId = LAST_INSERT_ID();

INSERT INTO `system_language_translations`(`language_string_id`,`language_name`,`translated_string`) VALUES
(@languageStringId,'English','Permanently Deactivate the Customer');

/*Data for the table `system_language_strings` */
INSERT INTO `system_language_strings`(`language_string`,`language_string_type`,`system_module_id`,`screen_name`) VALUES
('Termination', 'display_string', '1', 'People Screen');

SET @languageStringId = LAST_INSERT_ID();

INSERT INTO `system_language_translations`(`language_string_id`,`language_name`,`translated_string`) VALUES
(@languageStringId,'English','Termination');

/*Data for the table `system_language_strings` */
INSERT INTO `system_language_strings`(`language_string`,`language_string_type`,`system_module_id`,`screen_name`) VALUES
('Are you sure you want to activate all inactive customers', 'message', '1', 'People Screen');

SET @languageStringId = LAST_INSERT_ID();

INSERT INTO `system_language_translations`(`language_string_id`,`language_name`,`translated_string`) VALUES
(@languageStringId,'English','Are you sure you want to activate all inactive customers');

/*Data for the table `system_language_strings` */
INSERT INTO `system_language_strings`(`language_string`,`language_string_type`,`system_module_id`,`screen_name`) VALUES
('TLD Rental Service Income', 'display_string', '6', 'Menus');

SET @languageStringId = LAST_INSERT_ID();

INSERT INTO `system_language_translations`(`language_string_id`,`language_name`,`translated_string`) VALUES
(@languageStringId,'English','TLD Rental Service Income');

/*Data for the table `system_language_strings` */
INSERT INTO `system_language_strings`(`language_string`,`language_string_type`,`system_module_id`,`screen_name`) VALUES
('Rental Period', 'display_string', '6', 'Menus');

SET @languageStringId = LAST_INSERT_ID();

INSERT INTO `system_language_translations`(`language_string_id`,`language_name`,`translated_string`) VALUES
(@languageStringId,'English','Rental Period');

/*Data for the table `system_language_strings` */
INSERT INTO `system_language_strings`(`language_string`,`language_string_type`,`system_module_id`,`screen_name`) VALUES
('This Year Monthly Rentals', 'display_string', '6', 'Menus');

SET @languageStringId = LAST_INSERT_ID();

INSERT INTO `system_language_translations`(`language_string_id`,`language_name`,`translated_string`) VALUES
(@languageStringId,'English','This Year Monthly Rentals');

/*Data for the table `system_language_strings` */
INSERT INTO `system_language_strings`(`language_string`,`language_string_type`,`system_module_id`,`screen_name`) VALUES
('Last Year Monthly Rentals', 'display_string', '6', 'Menus');

SET @languageStringId = LAST_INSERT_ID();

INSERT INTO `system_language_translations`(`language_string_id`,`language_name`,`translated_string`) VALUES
(@languageStringId,'English','Last Year Monthly Rentals');

/*Data for the table `system_language_strings` */
INSERT INTO `system_language_strings`(`language_string`,`language_string_type`,`system_module_id`,`screen_name`) VALUES
('Current Month Weekly Rentals', 'display_string', '6', 'Menus');

SET @languageStringId = LAST_INSERT_ID();

INSERT INTO `system_language_translations`(`language_string_id`,`language_name`,`translated_string`) VALUES
(@languageStringId,'English','Current Month Weekly Rentals');

/*Data for the table `system_language_strings` */
INSERT INTO `system_language_strings`(`language_string`,`language_string_type`,`system_module_id`,`screen_name`) VALUES
('Last Month Weekly Rentals', 'display_string', '6', 'Menus');

SET @languageStringId = LAST_INSERT_ID();

INSERT INTO `system_language_translations`(`language_string_id`,`language_name`,`translated_string`) VALUES
(@languageStringId,'English','Last Month Weekly Rentals');

/*Data for the table `system_language_strings` */
INSERT INTO `system_language_strings`(`language_string`,`language_string_type`,`system_module_id`,`screen_name`) VALUES
('Last Two Months Weekly Rentals', 'display_string', '6', 'Menus');

SET @languageStringId = LAST_INSERT_ID();

INSERT INTO `system_language_translations`(`language_string_id`,`language_name`,`translated_string`) VALUES
(@languageStringId,'English','Last Two Months Weekly Rentals');

/*Data for the table `system_language_strings` */
INSERT INTO `system_language_strings`(`language_string`,`language_string_type`,`system_module_id`,`screen_name`) VALUES
('Last Three Months Monthly Rentals', 'display_string', '6', 'Menus');

SET @languageStringId = LAST_INSERT_ID();

INSERT INTO `system_language_translations`(`language_string_id`,`language_name`,`translated_string`) VALUES
(@languageStringId,'English','Last Three Months Monthly Rentals');

/*Data for the table `system_language_strings` */
INSERT INTO `system_language_strings`(`language_string`,`language_string_type`,`system_module_id`,`screen_name`) VALUES
('Last Six Months Monthly Rentals', 'display_string', '6', 'Menus');

SET @languageStringId = LAST_INSERT_ID();

INSERT INTO `system_language_translations`(`language_string_id`,`language_name`,`translated_string`) VALUES
(@languageStringId,'English','Last Six Months Monthly Rentals');

/*From ERP Version 9.0 Beta 17 */
/*Data for the table `system_language_strings` */
INSERT INTO `system_language_strings`(`language_string`,`language_string_type`,`system_module_id`,`screen_name`) VALUES
('Exposure Period From date cannot be greater than Exposure Period To date', 'message', '6', 'Collect TLD Returns Screen');

SET @languageStringId = LAST_INSERT_ID();

INSERT INTO `system_language_translations`(`language_string_id`,`language_name`,`translated_string`) VALUES
(@languageStringId,'English','Exposure Period From date cannot be greater than Exposure Period To date');

/*Data for the table `system_language_strings` */
INSERT INTO `system_language_strings`(`language_string`,`language_string_type`,`system_module_id`,`screen_name`) VALUES
('Exposure Period To date cannot be lesser than Exposure Period From date', 'message', '6', 'Collect TLD Returns Screen');

SET @languageStringId = LAST_INSERT_ID();

INSERT INTO `system_language_translations`(`language_string_id`,`language_name`,`translated_string`) VALUES
(@languageStringId,'English','Exposure Period To date cannot be lesser than Exposure Period From date');

/*Data for the table `system_language_strings` */
INSERT INTO `system_language_strings`(`language_string`,`language_string_type`,`system_module_id`,`screen_name`) VALUES
('Process Dose Reports After Import TLD Readings', 'display_string', '6', 'System Configurations Screen');

SET @languageStringId = LAST_INSERT_ID();

INSERT INTO `system_language_translations`(`language_string_id`,`language_name`,`translated_string`) VALUES
(@languageStringId,'English','Process Dose Reports After Import TLD Readings');

/*Data for the table `system_language_strings` */
INSERT INTO `system_language_strings`(`language_string`,`language_string_type`,`system_module_id`,`screen_name`) VALUES
('Delete Selected TLD Readings', 'display_string', '6', 'TLD Readings Screen');

SET @languageStringId = LAST_INSERT_ID();

INSERT INTO `system_language_translations`(`language_string_id`,`language_name`,`translated_string`) VALUES
(@languageStringId,'English','Delete Selected TLD Readings');

/*Data for the table `system_language_strings` */
INSERT INTO `system_language_strings`(`language_string`,`language_string_type`,`system_module_id`,`screen_name`) VALUES
('Are you sure you want to delete selected TLD Readings', 'message', '6', 'TLD Readings Screen');

SET @languageStringId = LAST_INSERT_ID();

INSERT INTO `system_language_translations`(`language_string_id`,`language_name`,`translated_string`) VALUES
(@languageStringId,'English','Are you sure you want to delete selected TLD Readings');

/*Data for the table `system_language_strings` */
INSERT INTO `system_language_strings`(`language_string`,`language_string_type`,`system_module_id`,`screen_name`) VALUES
('tlds_not_selected_to_delete', 'message', '6', 'TLD Readings Screen');

SET @languageStringId = LAST_INSERT_ID();

INSERT INTO `system_language_translations`(`language_string_id`,`language_name`,`translated_string`) VALUES
(@languageStringId,'English','TLD readings not selected to delete!');

/*Data for the table `system_language_strings` */
INSERT INTO `system_language_strings`(`language_string`,`language_string_type`,`system_module_id`,`screen_name`) VALUES
('Return TLDs verified successfully', 'message', '6', 'Collect TLD Returns Screen');

SET @languageStringId = LAST_INSERT_ID();

INSERT INTO `system_language_translations`(`language_string_id`,`language_name`,`translated_string`) VALUES
(@languageStringId,'English','Return TLDs verified successfully');

/*Data for the table `system_language_strings` */
INSERT INTO `system_language_strings`(`language_string`,`language_string_type`,`system_module_id`,`screen_name`) VALUES
('TNLR', 'display_string', '6', 'Collect TLD Returns Screen');

SET @languageStringId = LAST_INSERT_ID();

INSERT INTO `system_language_translations`(`language_string_id`,`language_name`,`translated_string`) VALUES
(@languageStringId,'English','TNLR');

/*Data for the table `system_language_strings` */
INSERT INTO `system_language_strings`(`language_string`,`language_string_type`,`system_module_id`,`screen_name`) VALUES
('You have selected workers to mark as TNLR. Are you sure to proceed', 'message', '6', 'Collect TLD Returns Screen');

SET @languageStringId = LAST_INSERT_ID();

INSERT INTO `system_language_translations`(`language_string_id`,`language_name`,`translated_string`) VALUES
(@languageStringId,'English','You have selected workers to mark as TNLR. Are you sure to proceed');

/*Data for the table `system_language_strings` */
INSERT INTO `system_language_strings`(`language_string`,`language_string_type`,`system_module_id`,`screen_name`) VALUES
('Invoice Person', 'display_string', '6', 'TLD Invoices Screen');

SET @languageStringId = LAST_INSERT_ID();

INSERT INTO `system_language_translations`(`language_string_id`,`language_name`,`translated_string`) VALUES
(@languageStringId,'English','Invoice Person');

/*Data for the table `system_language_strings` */
INSERT INTO `system_language_strings`(`language_string`,`language_string_type`,`system_module_id`,`screen_name`) VALUES
('Return Number', 'display_string', '6', 'TLD Invoices Screen');

SET @languageStringId = LAST_INSERT_ID();

INSERT INTO `system_language_translations`(`language_string_id`,`language_name`,`translated_string`) VALUES
(@languageStringId,'English','Return Number');

/*Data for the table `system_language_strings` */
INSERT INTO `system_language_strings`(`language_string`,`language_string_type`,`system_module_id`,`screen_name`) VALUES
('Completed', 'display_string', '6', 'TLD Invoices Screen');

SET @languageStringId = LAST_INSERT_ID();

INSERT INTO `system_language_translations`(`language_string_id`,`language_name`,`translated_string`) VALUES
(@languageStringId,'English','Completed');

/*Data for the table `system_language_strings` */
INSERT INTO `system_language_strings`(`language_string`,`language_string_type`,`system_module_id`,`screen_name`) VALUES
('TLD Invoice as completed', 'message', '6', 'TLD Invoices Screen');

SET @languageStringId = LAST_INSERT_ID();

INSERT INTO `system_language_translations`(`language_string_id`,`language_name`,`translated_string`) VALUES
(@languageStringId,'English','TLD Invoice as completed');

/*Data for the table `system_language_strings` */
INSERT INTO `system_language_strings`(`language_string`,`language_string_type`,`system_module_id`,`screen_name`) VALUES
('Printed', 'display_string', '6', 'Dose Reports Screen');

SET @languageStringId = LAST_INSERT_ID();

INSERT INTO `system_language_translations`(`language_string_id`,`language_name`,`translated_string`) VALUES
(@languageStringId,'English','Printed');

/*Data for the table `system_language_strings` */
INSERT INTO `system_language_strings`(`language_string`,`language_string_type`,`system_module_id`,`screen_name`) VALUES
('Dose Report as printed', 'message', '6', 'Dose Reports Screen');

SET @languageStringId = LAST_INSERT_ID();

INSERT INTO `system_language_translations`(`language_string_id`,`language_name`,`translated_string`) VALUES
(@languageStringId,'English','Dose Report as printed');

/*From ERP Version 9.0 Beta 18 */
/*Data for the table `system_language_strings` */
INSERT INTO `system_language_strings`(`language_string`,`language_string_type`,`system_module_id`,`screen_name`) VALUES
('Distribution Progress', 'display_string', '6', 'Menus');

SET @languageStringId = LAST_INSERT_ID();

INSERT INTO `system_language_translations`(`language_string_id`,`language_name`,`translated_string`) VALUES
(@languageStringId,'English','Distribution Progress');

/*Data for the table `system_language_strings` */
INSERT INTO `system_language_strings`(`language_string`,`language_string_type`,`system_module_id`,`screen_name`) VALUES
('Collection Progress', 'display_string', '6', 'Menus');

SET @languageStringId = LAST_INSERT_ID();

INSERT INTO `system_language_translations`(`language_string_id`,`language_name`,`translated_string`) VALUES
(@languageStringId,'English','Collection Progress');

/*Data for the table `system_language_strings` */
INSERT INTO `system_language_strings`(`language_string`,`language_string_type`,`system_module_id`,`screen_name`) VALUES
('Overall Progress', 'display_string', '6', 'Menus');

SET @languageStringId = LAST_INSERT_ID();

INSERT INTO `system_language_translations`(`language_string_id`,`language_name`,`translated_string`) VALUES
(@languageStringId,'English','Overall Progress');

/*Data for the table `system_language_strings` */
INSERT INTO `system_language_strings`(`language_string`,`language_string_type`,`system_module_id`,`screen_name`) VALUES
('As At Date', 'display_string', '6', 'Menus');

SET @languageStringId = LAST_INSERT_ID();

INSERT INTO `system_language_translations`(`language_string_id`,`language_name`,`translated_string`) VALUES
(@languageStringId,'English','As At Date');

/*Data for the table `system_language_strings` */
INSERT INTO `system_language_strings`(`language_string`,`language_string_type`,`system_module_id`,`screen_name`) VALUES
('Institutes Do Not Obtain Proper Service', 'display_string', '6', 'Menus');

SET @languageStringId = LAST_INSERT_ID();

INSERT INTO `system_language_translations`(`language_string_id`,`language_name`,`translated_string`) VALUES
(@languageStringId,'English','Institutes Do Not Obtain Proper Service');

/*Data for the table `system_language_strings` */
INSERT INTO `system_language_strings`(`language_string`,`language_string_type`,`system_module_id`,`screen_name`) VALUES
('Institute No', 'display_string', '6', 'Menus');

SET @languageStringId = LAST_INSERT_ID();

INSERT INTO `system_language_translations`(`language_string_id`,`language_name`,`translated_string`) VALUES
(@languageStringId,'English','Institute No');

/*Data for the table `system_language_strings` */
INSERT INTO `system_language_strings`(`language_string`,`language_string_type`,`system_module_id`,`screen_name`) VALUES
('RPO Name', 'display_string', '6', 'Menus');

SET @languageStringId = LAST_INSERT_ID();

INSERT INTO `system_language_translations`(`language_string_id`,`language_name`,`translated_string`) VALUES
(@languageStringId,'English','RPO Name');

/*Data for the table `system_language_strings` */
INSERT INTO `system_language_strings`(`language_string`,`language_string_type`,`system_module_id`,`screen_name`) VALUES
('Last Distribution No', 'display_string', '6', 'Menus');

SET @languageStringId = LAST_INSERT_ID();

INSERT INTO `system_language_translations`(`language_string_id`,`language_name`,`translated_string`) VALUES
(@languageStringId,'English','Last Distribution No');

/*Data for the table `system_language_strings` */
INSERT INTO `system_language_strings`(`language_string`,`language_string_type`,`system_module_id`,`screen_name`) VALUES
('Last Distribution Date', 'display_string', '6', 'Menus');

SET @languageStringId = LAST_INSERT_ID();

INSERT INTO `system_language_translations`(`language_string_id`,`language_name`,`translated_string`) VALUES
(@languageStringId,'English','Last Distribution Date');

/*Data for the table `system_language_strings` */
INSERT INTO `system_language_strings`(`language_string`,`language_string_type`,`system_module_id`,`screen_name`) VALUES
('Last Collection No', 'display_string', '6', 'Menus');

SET @languageStringId = LAST_INSERT_ID();

INSERT INTO `system_language_translations`(`language_string_id`,`language_name`,`translated_string`) VALUES
(@languageStringId,'English','Last Collection No');

/*Data for the table `system_language_strings` */
INSERT INTO `system_language_strings`(`language_string`,`language_string_type`,`system_module_id`,`screen_name`) VALUES
('Last Collection Date', 'display_string', '6', 'Menus');

SET @languageStringId = LAST_INSERT_ID();

INSERT INTO `system_language_translations`(`language_string_id`,`language_name`,`translated_string`) VALUES
(@languageStringId,'English','Last Collection Date');

/*Data for the table `system_language_strings` */
INSERT INTO `system_language_strings`(`language_string`,`language_string_type`,`system_module_id`,`screen_name`) VALUES
('User Service Performance', 'display_string', '6', 'Menus');

SET @languageStringId = LAST_INSERT_ID();

INSERT INTO `system_language_translations`(`language_string_id`,`language_name`,`translated_string`) VALUES
(@languageStringId,'English','User Service Performance');

/*Data for the table `system_language_strings` */
INSERT INTO `system_language_strings`(`language_string`,`language_string_type`,`system_module_id`,`screen_name`) VALUES
('Distributions Prepared', 'display_string', '6', 'Menus');

SET @languageStringId = LAST_INSERT_ID();

INSERT INTO `system_language_translations`(`language_string_id`,`language_name`,`translated_string`) VALUES
(@languageStringId,'English','Distributions Prepared');

/*Data for the table `system_language_strings` */
INSERT INTO `system_language_strings`(`language_string`,`language_string_type`,`system_module_id`,`screen_name`) VALUES
('Distributions Verified', 'display_string', '6', 'Menus');

SET @languageStringId = LAST_INSERT_ID();

INSERT INTO `system_language_translations`(`language_string_id`,`language_name`,`translated_string`) VALUES
(@languageStringId,'English','Distributions Verified');

/*Data for the table `system_language_strings` */
INSERT INTO `system_language_strings`(`language_string`,`language_string_type`,`system_module_id`,`screen_name`) VALUES
('TLD Collections', 'display_string', '6', 'Menus');

SET @languageStringId = LAST_INSERT_ID();

INSERT INTO `system_language_translations`(`language_string_id`,`language_name`,`translated_string`) VALUES
(@languageStringId,'English','TLD Collections');

/*Data for the table `system_language_strings` */
INSERT INTO `system_language_strings`(`language_string`,`language_string_type`,`system_module_id`,`screen_name`) VALUES
('Collected TLD Count', 'display_string', '6', 'Menus');

SET @languageStringId = LAST_INSERT_ID();

INSERT INTO `system_language_translations`(`language_string_id`,`language_name`,`translated_string`) VALUES
(@languageStringId,'English','Collected TLD Count');

/*Data for the table `system_language_strings` */
INSERT INTO `system_language_strings`(`language_string`,`language_string_type`,`system_module_id`,`screen_name`) VALUES
('Dose Reports Prepared', 'display_string', '6', 'Menus');

SET @languageStringId = LAST_INSERT_ID();

INSERT INTO `system_language_translations`(`language_string_id`,`language_name`,`translated_string`) VALUES
(@languageStringId,'English','Dose Reports Prepared');

/*Data for the table `system_language_strings` */
INSERT INTO `system_language_strings`(`language_string`,`language_string_type`,`system_module_id`,`screen_name`) VALUES
('Dose Report Worker Count', 'display_string', '6', 'Menus');

SET @languageStringId = LAST_INSERT_ID();

INSERT INTO `system_language_translations`(`language_string_id`,`language_name`,`translated_string`) VALUES
(@languageStringId,'English','Dose Report Worker Count');

/*Data for the table `system_language_strings` */
INSERT INTO `system_language_strings`(`language_string`,`language_string_type`,`system_module_id`,`screen_name`) VALUES
('Invoices Prepared', 'display_string', '6', 'Menus');

SET @languageStringId = LAST_INSERT_ID();

INSERT INTO `system_language_translations`(`language_string_id`,`language_name`,`translated_string`) VALUES
(@languageStringId,'English','Invoices Prepared');

/*Data for the table `system_language_strings` */
INSERT INTO `system_language_strings`(`language_string`,`language_string_type`,`system_module_id`,`screen_name`) VALUES
('Institute Summary', 'display_string', '6', 'Menus');

SET @languageStringId = LAST_INSERT_ID();

INSERT INTO `system_language_translations`(`language_string_id`,`language_name`,`translated_string`) VALUES
(@languageStringId,'English','Institute Summary');

/*Data for the table `system_language_strings` */
INSERT INTO `system_language_strings`(`language_string`,`language_string_type`,`system_module_id`,`screen_name`) VALUES
('TLD Card Summary', 'display_string', '6', 'Menus');

SET @languageStringId = LAST_INSERT_ID();

INSERT INTO `system_language_translations`(`language_string_id`,`language_name`,`translated_string`) VALUES
(@languageStringId,'English','TLD Card Summary');

/*Data for the table `system_language_strings` */
INSERT INTO `system_language_strings`(`language_string`,`language_string_type`,`system_module_id`,`screen_name`) VALUES
('TLD Extremity Summary', 'display_string', '6', 'Menus');

SET @languageStringId = LAST_INSERT_ID();

INSERT INTO `system_language_translations`(`language_string_id`,`language_name`,`translated_string`) VALUES
(@languageStringId,'English','TLD Extremity Summary');

/*Data for the table `system_language_strings` */
INSERT INTO `system_language_strings`(`language_string`,`language_string_type`,`system_module_id`,`screen_name`) VALUES
('Show All Readings', 'display_string', '6', 'TLD Readings Screen');

SET @languageStringId = LAST_INSERT_ID();

INSERT INTO `system_language_translations`(`language_string_id`,`language_name`,`translated_string`) VALUES
(@languageStringId,'English','Show All Readings');

/*From ERP Version 9.0 Beta 19 */
/*Data for the table `system_language_strings` */
INSERT INTO `system_language_strings`(`language_string`,`language_string_type`,`system_module_id`,`screen_name`) VALUES
('Institute Wise Worker Service Registrations', 'display_string', '6', 'PMSL Reports Screen');

SET @languageStringId = LAST_INSERT_ID();

INSERT INTO `system_language_translations`(`language_string_id`,`language_name`,`translated_string`) VALUES
(@languageStringId,'English','Institute Wise Worker Service Registrations');

/*Data for the table `system_language_strings` */
INSERT INTO `system_language_strings`(`language_string`,`language_string_type`,`system_module_id`,`screen_name`) VALUES
('No of Workers Obtain Single TLD Service', 'display_string', '6', 'PMSL Reports Screen');

SET @languageStringId = LAST_INSERT_ID();

INSERT INTO `system_language_translations`(`language_string_id`,`language_name`,`translated_string`) VALUES
(@languageStringId,'English','No of Workers Obtain Single TLD Service');

/*Data for the table `system_language_strings` */
INSERT INTO `system_language_strings`(`language_string`,`language_string_type`,`system_module_id`,`screen_name`) VALUES
('No of Workers Obtain Two TLD Service', 'display_string', '6', 'PMSL Reports Screen');

SET @languageStringId = LAST_INSERT_ID();

INSERT INTO `system_language_translations`(`language_string_id`,`language_name`,`translated_string`) VALUES
(@languageStringId,'English','No of Workers Obtain Two TLD Service');

/*Data for the table `system_language_strings` */
INSERT INTO `system_language_strings`(`language_string`,`language_string_type`,`system_module_id`,`screen_name`) VALUES
('No of Workers Obtain Extremity Eye Service', 'display_string', '6', 'PMSL Reports Screen');

SET @languageStringId = LAST_INSERT_ID();

INSERT INTO `system_language_translations`(`language_string_id`,`language_name`,`translated_string`) VALUES
(@languageStringId,'English','No of Workers Obtain Extremity Eye Service');

/*Data for the table `system_language_strings` */
INSERT INTO `system_language_strings`(`language_string`,`language_string_type`,`system_module_id`,`screen_name`) VALUES
('No of Workers Obtain Extremity Ring Service', 'display_string', '6', 'PMSL Reports Screen');

SET @languageStringId = LAST_INSERT_ID();

INSERT INTO `system_language_translations`(`language_string_id`,`language_name`,`translated_string`) VALUES
(@languageStringId,'English','No of Workers Obtain Extremity Ring Service');

/*Data for the table `system_language_strings` */
INSERT INTO `system_language_strings`(`language_string`,`language_string_type`,`system_module_id`,`screen_name`) VALUES
('Institute Wise Worker TLD Assignments', 'display_string', '6', 'PMSL Reports Screen');

SET @languageStringId = LAST_INSERT_ID();

INSERT INTO `system_language_translations`(`language_string_id`,`language_name`,`translated_string`) VALUES
(@languageStringId,'English','Institute Wise Worker TLD Assignments');

/*Data for the table `system_language_strings` */
INSERT INTO `system_language_strings`(`language_string`,`language_string_type`,`system_module_id`,`screen_name`) VALUES
('No Of Single TLD Assigned', 'display_string', '6', 'PMSL Reports Screen');

SET @languageStringId = LAST_INSERT_ID();

INSERT INTO `system_language_translations`(`language_string_id`,`language_name`,`translated_string`) VALUES
(@languageStringId,'English','No Of Single TLD Assigned');

/*Data for the table `system_language_strings` */
INSERT INTO `system_language_strings`(`language_string`,`language_string_type`,`system_module_id`,`screen_name`) VALUES
('No Of Two TLD Assigned', 'display_string', '6', 'PMSL Reports Screen');

SET @languageStringId = LAST_INSERT_ID();

INSERT INTO `system_language_translations`(`language_string_id`,`language_name`,`translated_string`) VALUES
(@languageStringId,'English','No Of Two TLD Assigned');

/*Data for the table `system_language_strings` */
INSERT INTO `system_language_strings`(`language_string`,`language_string_type`,`system_module_id`,`screen_name`) VALUES
('No Of Extremity Eye Assigned', 'display_string', '6', 'PMSL Reports Screen');

SET @languageStringId = LAST_INSERT_ID();

INSERT INTO `system_language_translations`(`language_string_id`,`language_name`,`translated_string`) VALUES
(@languageStringId,'English','No Of Extremity Eye Assigned');

/*Data for the table `system_language_strings` */
INSERT INTO `system_language_strings`(`language_string`,`language_string_type`,`system_module_id`,`screen_name`) VALUES
('No Of Extremity Ring Assigned', 'display_string', '6', 'PMSL Reports Screen');

SET @languageStringId = LAST_INSERT_ID();

INSERT INTO `system_language_translations`(`language_string_id`,`language_name`,`translated_string`) VALUES
(@languageStringId,'English','No Of Extremity Ring Assigned');

/*Data for the table `system_language_strings` */
INSERT INTO `system_language_strings`(`language_string`,`language_string_type`,`system_module_id`,`screen_name`) VALUES
('TLD Movements', 'display_string', '6', 'PMSL Reports Screen');

SET @languageStringId = LAST_INSERT_ID();

INSERT INTO `system_language_translations`(`language_string_id`,`language_name`,`translated_string`) VALUES
(@languageStringId,'English','TLD Movements');

/*Data for the table `system_language_strings` */
INSERT INTO `system_language_strings`(`language_string`,`language_string_type`,`system_module_id`,`screen_name`) VALUES
('Not Used TLD Summary', 'display_string', '6', 'Menus');

SET @languageStringId = LAST_INSERT_ID();

INSERT INTO `system_language_translations`(`language_string_id`,`language_name`,`translated_string`) VALUES
(@languageStringId,'English','Not Used TLD Summary');

/*Data for the table `system_language_strings` */
INSERT INTO `system_language_strings`(`language_string`,`language_string_type`,`system_module_id`,`screen_name`) VALUES
('TLD Distribution Data', 'display_string', '6', 'PMSL Reports Screen');

SET @languageStringId = LAST_INSERT_ID();

INSERT INTO `system_language_translations`(`language_string_id`,`language_name`,`translated_string`) VALUES
(@languageStringId,'English','TLD Distribution Data');

/*Data for the table `system_language_strings` */
INSERT INTO `system_language_strings`(`language_string`,`language_string_type`,`system_module_id`,`screen_name`) VALUES
('Institute Wise Distribution Count Data', 'display_string', '6', 'PMSL Reports Screen');

SET @languageStringId = LAST_INSERT_ID();

INSERT INTO `system_language_translations`(`language_string_id`,`language_name`,`translated_string`) VALUES
(@languageStringId,'English','Institute Wise Distribution Count Data');

/*Data for the table `system_language_strings` */
INSERT INTO `system_language_strings`(`language_string`,`language_string_type`,`system_module_id`,`screen_name`) VALUES
('Institutes Which Has No Distributions', 'display_string', '6', 'PMSL Reports Screen');

SET @languageStringId = LAST_INSERT_ID();

INSERT INTO `system_language_translations`(`language_string_id`,`language_name`,`translated_string`) VALUES
(@languageStringId,'English','Institutes Which Has No Distributions');

/*Data for the table `system_language_strings` */
INSERT INTO `system_language_strings`(`language_string`,`language_string_type`,`system_module_id`,`screen_name`) VALUES
('Distribution Count', 'display_string', '6', 'PMSL Reports Screen');

SET @languageStringId = LAST_INSERT_ID();

INSERT INTO `system_language_translations`(`language_string_id`,`language_name`,`translated_string`) VALUES
(@languageStringId,'English','Distribution Count');

/*Data for the table `system_language_strings` */
INSERT INTO `system_language_strings`(`language_string`,`language_string_type`,`system_module_id`,`screen_name`) VALUES
('Collection Number', 'display_string', '6', 'Dose Reports Screen');

SET @languageStringId = LAST_INSERT_ID();

INSERT INTO `system_language_translations`(`language_string_id`,`language_name`,`translated_string`) VALUES
(@languageStringId,'English','Collection Number');

/*Data for the table `system_language_strings` */
INSERT INTO `system_language_strings`(`language_string`,`language_string_type`,`system_module_id`,`screen_name`) VALUES
('Show Distribution Number', 'display_string', '6', 'PMSL Reports Screen');

SET @languageStringId = LAST_INSERT_ID();

INSERT INTO `system_language_translations`(`language_string_id`,`language_name`,`translated_string`) VALUES
(@languageStringId,'English','Show Distribution Number');

/*Data for the table `system_language_strings` */
INSERT INTO `system_language_strings`(`language_string`,`language_string_type`,`system_module_id`,`screen_name`) VALUES
('Show Collection Number', 'display_string', '6', 'PMSL Reports Screen');

SET @languageStringId = LAST_INSERT_ID();

INSERT INTO `system_language_translations`(`language_string_id`,`language_name`,`translated_string`) VALUES
(@languageStringId,'English','Show Collection Number');

/*Data for the table `system_language_strings` */
INSERT INTO `system_language_strings`(`language_string`,`language_string_type`,`system_module_id`,`screen_name`) VALUES
('Show Anneal Date', 'display_string', '6', 'PMSL Reports Screen');

SET @languageStringId = LAST_INSERT_ID();

INSERT INTO `system_language_translations`(`language_string_id`,`language_name`,`translated_string`) VALUES
(@languageStringId,'English','Show Anneal Date');

/*Data for the table `system_language_strings` */
INSERT INTO `system_language_strings`(`language_string`,`language_string_type`,`system_module_id`,`screen_name`) VALUES
('Show Prepared Date', 'display_string', '6', 'PMSL Reports Screen');

SET @languageStringId = LAST_INSERT_ID();

INSERT INTO `system_language_translations`(`language_string_id`,`language_name`,`translated_string`) VALUES
(@languageStringId,'English','Show Prepared Date');

/*Data for the table `system_language_strings` */
INSERT INTO `system_language_strings`(`language_string`,`language_string_type`,`system_module_id`,`screen_name`) VALUES
('Show Distribution Date', 'display_string', '6', 'PMSL Reports Screen');

SET @languageStringId = LAST_INSERT_ID();

INSERT INTO `system_language_translations`(`language_string_id`,`language_name`,`translated_string`) VALUES
(@languageStringId,'English','Show Distribution Date');

/*Data for the table `system_language_strings` */
INSERT INTO `system_language_strings`(`language_string`,`language_string_type`,`system_module_id`,`screen_name`) VALUES
('Show Collection Date', 'display_string', '6', 'PMSL Reports Screen');

SET @languageStringId = LAST_INSERT_ID();

INSERT INTO `system_language_translations`(`language_string_id`,`language_name`,`translated_string`) VALUES
(@languageStringId,'English','Show Collection Date');

/*Data for the table `system_language_strings` */
INSERT INTO `system_language_strings`(`language_string`,`language_string_type`,`system_module_id`,`screen_name`) VALUES
('Show Read Date', 'display_string', '6', 'PMSL Reports Screen');

SET @languageStringId = LAST_INSERT_ID();

INSERT INTO `system_language_translations`(`language_string_id`,`language_name`,`translated_string`) VALUES
(@languageStringId,'English','Show Read Date');

/*Data for the table `system_language_strings` */
INSERT INTO `system_language_strings`(`language_string`,`language_string_type`,`system_module_id`,`screen_name`) VALUES
('Show Processed Date', 'display_string', '6', 'PMSL Reports Screen');

SET @languageStringId = LAST_INSERT_ID();

INSERT INTO `system_language_translations`(`language_string_id`,`language_name`,`translated_string`) VALUES
(@languageStringId,'English','Show Processed Date');

/*Data for the table `system_language_strings` */
INSERT INTO `system_language_strings`(`language_string`,`language_string_type`,`system_module_id`,`screen_name`) VALUES
('Show Exposure Period', 'display_string', '6', 'PMSL Reports Screen');

SET @languageStringId = LAST_INSERT_ID();

INSERT INTO `system_language_translations`(`language_string_id`,`language_name`,`translated_string`) VALUES
(@languageStringId,'English','Show Exposure Period');

/*Data for the table `system_language_strings` */
INSERT INTO `system_language_strings`(`language_string`,`language_string_type`,`system_module_id`,`screen_name`) VALUES
('Show Distribution Type', 'display_string', '6', 'PMSL Reports Screen');

SET @languageStringId = LAST_INSERT_ID();

INSERT INTO `system_language_translations`(`language_string_id`,`language_name`,`translated_string`) VALUES
(@languageStringId,'English','Show Distribution Type');

/*Data for the table `system_language_strings` */
INSERT INTO `system_language_strings`(`language_string`,`language_string_type`,`system_module_id`,`screen_name`) VALUES
('Show Distribution Method', 'display_string', '6', 'PMSL Reports Screen');

SET @languageStringId = LAST_INSERT_ID();

INSERT INTO `system_language_translations`(`language_string_id`,`language_name`,`translated_string`) VALUES
(@languageStringId,'English','Show Distribution Method');

/*Data for the table `system_language_strings` */
INSERT INTO `system_language_strings`(`language_string`,`language_string_type`,`system_module_id`,`screen_name`) VALUES
('Show Dose Monitored Period', 'display_string', '6', 'PMSL Reports Screen');

SET @languageStringId = LAST_INSERT_ID();

INSERT INTO `system_language_translations`(`language_string_id`,`language_name`,`translated_string`) VALUES
(@languageStringId,'English','Show Dose Monitored Period');

/*Data for the table `system_language_strings` */
INSERT INTO `system_language_strings`(`language_string`,`language_string_type`,`system_module_id`,`screen_name`) VALUES
('Collection Date', 'display_string', '6', 'PMSL Reports Screen');

SET @languageStringId = LAST_INSERT_ID();

INSERT INTO `system_language_translations`(`language_string_id`,`language_name`,`translated_string`) VALUES
(@languageStringId,'English','Collection Date');

/*Data for the table `system_language_strings` */
INSERT INTO `system_language_strings`(`language_string`,`language_string_type`,`system_module_id`,`screen_name`) VALUES
('Collection No', 'display_string', '6', 'PMSL Reports Screen');

SET @languageStringId = LAST_INSERT_ID();

INSERT INTO `system_language_translations`(`language_string_id`,`language_name`,`translated_string`) VALUES
(@languageStringId,'English','Collection No');

/*Data for the table `system_language_strings` */
INSERT INTO `system_language_strings`(`language_string`,`language_string_type`,`system_module_id`,`screen_name`) VALUES
('Extremity Ring', 'display_string', '6', 'PMSL Reports Screen');

SET @languageStringId = LAST_INSERT_ID();

INSERT INTO `system_language_translations`(`language_string_id`,`language_name`,`translated_string`) VALUES
(@languageStringId,'English','Extremity Ring');

/*Data for the table `system_language_strings` */
INSERT INTO `system_language_strings`(`language_string`,`language_string_type`,`system_module_id`,`screen_name`) VALUES
('Extremity Eye', 'display_string', '6', 'PMSL Reports Screen');

SET @languageStringId = LAST_INSERT_ID();

INSERT INTO `system_language_translations`(`language_string_id`,`language_name`,`translated_string`) VALUES
(@languageStringId,'English','Extremity Eye');

/*Data for the table `system_language_strings` */
INSERT INTO `system_language_strings`(`language_string`,`language_string_type`,`system_module_id`,`screen_name`) VALUES
('Late Return', 'display_string', '6', 'PMSL Reports Screen');

SET @languageStringId = LAST_INSERT_ID();

INSERT INTO `system_language_translations`(`language_string_id`,`language_name`,`translated_string`) VALUES
(@languageStringId,'English','Late Return');

/*Data for the table `system_language_strings` */
INSERT INTO `system_language_strings`(`language_string`,`language_string_type`,`system_module_id`,`screen_name`) VALUES
('Institute Dose Report Taken Success Rate', 'display_string', '6', 'Menus');

SET @languageStringId = LAST_INSERT_ID();

INSERT INTO `system_language_translations`(`language_string_id`,`language_name`,`translated_string`) VALUES
(@languageStringId,'English','Institute Dose Report Taken Success Rate');

/*Data for the table `system_language_strings` */
INSERT INTO `system_language_strings`(`language_string`,`language_string_type`,`system_module_id`,`screen_name`) VALUES
('Expected Dose Report Count', 'display_string', '6', 'Menus');

SET @languageStringId = LAST_INSERT_ID();

INSERT INTO `system_language_translations`(`language_string_id`,`language_name`,`translated_string`) VALUES
(@languageStringId,'English','Expected Dose Report Count');

/*Data for the table `system_language_strings` */
INSERT INTO `system_language_strings`(`language_string`,`language_string_type`,`system_module_id`,`screen_name`) VALUES
('Taken Dose Report Count', 'display_string', '6', 'Menus');

SET @languageStringId = LAST_INSERT_ID();

INSERT INTO `system_language_translations`(`language_string_id`,`language_name`,`translated_string`) VALUES
(@languageStringId,'English','Taken Dose Report Count');

/*Data for the table `system_language_strings` */
INSERT INTO `system_language_strings`(`language_string`,`language_string_type`,`system_module_id`,`screen_name`) VALUES
('Dose Report Taken Success Rate', 'display_string', '6', 'Menus');

SET @languageStringId = LAST_INSERT_ID();

INSERT INTO `system_language_translations`(`language_string_id`,`language_name`,`translated_string`) VALUES
(@languageStringId,'English','Dose Report Taken Success Rate');




/*Data for the table `system_language_strings` */
INSERT INTO `system_language_strings`(`language_string`,`language_string_type`,`system_module_id`,`screen_name`) VALUES
('Period', 'display_string', '6', 'Menus');

SET @languageStringId = LAST_INSERT_ID();

INSERT INTO `system_language_translations`(`language_string_id`,`language_name`,`translated_string`) VALUES
(@languageStringId,'English','Period');

/*Data for the table `system_language_strings` */
INSERT INTO `system_language_strings`(`language_string`,`language_string_type`,`system_module_id`,`screen_name`) VALUES
('12 Months', 'display_string', '6', 'Menus');

SET @languageStringId = LAST_INSERT_ID();

INSERT INTO `system_language_translations`(`language_string_id`,`language_name`,`translated_string`) VALUES
(@languageStringId,'English','12 Months');

/*Data for the table `system_language_strings` */
INSERT INTO `system_language_strings`(`language_string`,`language_string_type`,`system_module_id`,`screen_name`) VALUES
('24 Months', 'display_string', '6', 'Menus');

SET @languageStringId = LAST_INSERT_ID();

INSERT INTO `system_language_translations`(`language_string_id`,`language_name`,`translated_string`) VALUES
(@languageStringId,'English','24 Months');

/*Data for the table `system_language_strings` */
INSERT INTO `system_language_strings`(`language_string`,`language_string_type`,`system_module_id`,`screen_name`) VALUES
('36 Months', 'display_string', '6', 'Menus');

SET @languageStringId = LAST_INSERT_ID();

INSERT INTO `system_language_translations`(`language_string_id`,`language_name`,`translated_string`) VALUES
(@languageStringId,'English','36 Months');

/*Data for the table `system_language_strings` */
INSERT INTO `system_language_strings`(`language_string`,`language_string_type`,`system_module_id`,`screen_name`) VALUES
('48 Months', 'display_string', '6', 'Menus');

SET @languageStringId = LAST_INSERT_ID();

INSERT INTO `system_language_translations`(`language_string_id`,`language_name`,`translated_string`) VALUES
(@languageStringId,'English','48 Months');

/*Data for the table `system_language_strings` */
INSERT INTO `system_language_strings`(`language_string`,`language_string_type`,`system_module_id`,`screen_name`) VALUES
('60 Months', 'display_string', '6', 'Menus');

SET @languageStringId = LAST_INSERT_ID();

INSERT INTO `system_language_translations`(`language_string_id`,`language_name`,`translated_string`) VALUES
(@languageStringId,'English','60 Months');

/*Data for the table `system_language_strings` */
INSERT INTO `system_language_strings`(`language_string`,`language_string_type`,`system_module_id`,`screen_name`) VALUES
('TLD Items Sold', 'display_string', '6', 'Menus');

SET @languageStringId = LAST_INSERT_ID();

INSERT INTO `system_language_translations`(`language_string_id`,`language_name`,`translated_string`) VALUES
(@languageStringId,'English','TLD Items Sold');

/*Data for the table `system_language_strings` */
INSERT INTO `system_language_strings`(`language_string`,`language_string_type`,`system_module_id`,`screen_name`) VALUES
('TLD Item Sales Income', 'display_string', '6', 'Menus');

SET @languageStringId = LAST_INSERT_ID();

INSERT INTO `system_language_translations`(`language_string_id`,`language_name`,`translated_string`) VALUES
(@languageStringId,'English','TLD Item Sales Income');

/*Data for the table `system_language_strings` */
INSERT INTO `system_language_strings`(`language_string`,`language_string_type`,`system_module_id`,`screen_name`) VALUES
('Stock Value Based on Product Movement', 'display_string', '2', 'Sales Reports Screen');

SET @languageStringId = LAST_INSERT_ID();

INSERT INTO `system_language_translations`(`language_string_id`,`language_name`,`translated_string`) VALUES
(@languageStringId,'English','Stock Value Based on Product Movement');

/*Data for the table `system_language_strings` */
INSERT INTO `system_language_strings`(`language_string`,`language_string_type`,`system_module_id`,`screen_name`) VALUES
('Stock Value', 'display_string', '2', 'Sales Reports Screen');

SET @languageStringId = LAST_INSERT_ID();

INSERT INTO `system_language_translations`(`language_string_id`,`language_name`,`translated_string`) VALUES
(@languageStringId,'English','Stock Value');

/*From ERP Version 9.0 Beta 20 */
/*Data for the table `system_language_strings` */
INSERT INTO `system_language_strings`(`language_string`,`language_string_type`,`system_module_id`,`screen_name`) VALUES
('Assignment Type', 'display_string', '6', 'PMSL Reports Screen');

SET @languageStringId = LAST_INSERT_ID();

INSERT INTO `system_language_translations`(`language_string_id`,`language_name`,`translated_string`) VALUES
(@languageStringId,'English','Assignment Type');

/*Data for the table `system_language_strings` */
INSERT INTO `system_language_strings`(`language_string`,`language_string_type`,`system_module_id`,`screen_name`) VALUES
('Institute Wise TLD Return Count Data', 'display_string', '6', 'PMSL Reports Screen');

SET @languageStringId = LAST_INSERT_ID();

INSERT INTO `system_language_translations`(`language_string_id`,`language_name`,`translated_string`) VALUES
(@languageStringId,'English','Institute Wise TLD Return Count Data');

/*Data for the table `system_language_strings` */
INSERT INTO `system_language_strings`(`language_string`,`language_string_type`,`system_module_id`,`screen_name`) VALUES
('TLD Return Count', 'display_string', '6', 'PMSL Reports Screen');

SET @languageStringId = LAST_INSERT_ID();

INSERT INTO `system_language_translations`(`language_string_id`,`language_name`,`translated_string`) VALUES
(@languageStringId,'English','TLD Return Count');

/*Data for the table `system_language_strings` */
INSERT INTO `system_language_strings`(`language_string`,`language_string_type`,`system_module_id`,`screen_name`) VALUES
('Sales Invoice Gross Profit Total', 'display_string', '2', 'Sales Reports Screen');

SET @languageStringId = LAST_INSERT_ID();

INSERT INTO `system_language_translations`(`language_string_id`,`language_name`,`translated_string`) VALUES
(@languageStringId,'English','Sales Invoice Gross Profit Total');

/*Data for the table `system_language_strings` */
INSERT INTO `system_language_strings`(`language_string`,`language_string_type`,`system_module_id`,`screen_name`) VALUES
('Show Daily Sales Summary', 'display_string', '2', 'Sales Reports Screen');

SET @languageStringId = LAST_INSERT_ID();

INSERT INTO `system_language_translations`(`language_string_id`,`language_name`,`translated_string`) VALUES
(@languageStringId,'English','Show Daily Sales Summary');

/*Data for the table `system_language_strings` */
INSERT INTO `system_language_strings`(`language_string`,`language_string_type`,`system_module_id`,`screen_name`) VALUES
('Restrict POS Credit Invoicing for Default Sales Invoice Issue Customer', 'display_string', '2', 'System Configurations Screen');

SET @languageStringId = LAST_INSERT_ID();

INSERT INTO `system_language_translations`(`language_string_id`,`language_name`,`translated_string`) VALUES
(@languageStringId,'English','Restrict POS Credit Invoicing for Default Sales Invoice Issue Customer');

/*Data for the table `system_language_strings` */
INSERT INTO `system_language_strings`(`language_string`,`language_string_type`,`system_module_id`,`screen_name`) VALUES
('You are not allowed to add a credit invoice for Cash Sale default customer. Please select a valid customer.', 'message', '2', 'Sales Invoice Screen');

SET @languageStringId = LAST_INSERT_ID();

INSERT INTO `system_language_translations`(`language_string_id`,`language_name`,`translated_string`) VALUES
(@languageStringId,'English','You are not allowed to add a credit invoice for Cash Sale default customer. Please select a valid customer.');

/*Data for the table `system_language_strings` */
INSERT INTO `system_language_strings`(`language_string`,`language_string_type`,`system_module_id`,`screen_name`) VALUES
('Dose Report Calculation Investigation Limits', 'display_string', '6', 'System Configurations Screen');

SET @languageStringId = LAST_INSERT_ID();

INSERT INTO `system_language_translations`(`language_string_id`,`language_name`,`translated_string`) VALUES
(@languageStringId,'English','Dose Report Calculation Investigation Limits');

/*Data for the table `system_language_strings` */
INSERT INTO `system_language_strings`(`language_string`,`language_string_type`,`system_module_id`,`screen_name`) VALUES
('Investigation Limit Name', 'display_string', '6', 'System Configurations Screen');

SET @languageStringId = LAST_INSERT_ID();

INSERT INTO `system_language_translations`(`language_string_id`,`language_name`,`translated_string`) VALUES
(@languageStringId,'English','Investigation Limit Name');

/*Data for the table `system_language_strings` */
INSERT INTO `system_language_strings`(`language_string`,`language_string_type`,`system_module_id`,`screen_name`) VALUES
('Investigation Limit (uSv)', 'display_string', '6', 'System Configurations Screen');

SET @languageStringId = LAST_INSERT_ID();

INSERT INTO `system_language_translations`(`language_string_id`,`language_name`,`translated_string`) VALUES
(@languageStringId,'English','Investigation Limit (uSv)');

/*Data for the table `system_language_strings` */
INSERT INTO `system_language_strings`(`language_string`,`language_string_type`,`system_module_id`,`screen_name`) VALUES
('Investigation Limit should be a double value', 'message', '6', 'System Configurations Screen');

SET @languageStringId = LAST_INSERT_ID();

INSERT INTO `system_language_translations`(`language_string_id`,`language_name`,`translated_string`) VALUES
(@languageStringId,'English','Investigation Limit should be a double value');

/*From ERP Version 9.0 Beta 21 */
/*Data for the table `system_language_strings` */
INSERT INTO `system_language_strings`(`language_string`,`language_string_type`,`system_module_id`,`screen_name`) VALUES
('Web Portal Registration Email', 'display_string', '1', 'External Institutes Screen');

SET @languageStringId = LAST_INSERT_ID();

INSERT INTO `system_language_translations`(`language_string_id`,`language_name`,`translated_string`) VALUES
(@languageStringId,'English','Web Portal Registration Email');

/*Data for the table `system_language_strings` */
INSERT INTO `system_language_strings`(`language_string`,`language_string_type`,`system_module_id`,`screen_name`) VALUES
('Web Portal Username', 'display_string', '1', 'External Institutes Screen');

SET @languageStringId = LAST_INSERT_ID();

INSERT INTO `system_language_translations`(`language_string_id`,`language_name`,`translated_string`) VALUES
(@languageStringId,'English','Web Portal Username');

/*Data for the table `system_language_strings` */
INSERT INTO `system_language_strings`(`language_string`,`language_string_type`,`system_module_id`,`screen_name`) VALUES
('Web Portal Password', 'display_string', '1', 'External Institutes Screen');

SET @languageStringId = LAST_INSERT_ID();

INSERT INTO `system_language_translations`(`language_string_id`,`language_name`,`translated_string`) VALUES
(@languageStringId,'English','Web Portal Password');

/*Data for the table `system_language_strings` */
INSERT INTO `system_language_strings`(`language_string`,`language_string_type`,`system_module_id`,`screen_name`) VALUES
('Web Portal Confirm Password', 'display_string', '1', 'External Institutes Screen');

SET @languageStringId = LAST_INSERT_ID();

INSERT INTO `system_language_translations`(`language_string_id`,`language_name`,`translated_string`) VALUES
(@languageStringId,'English','Web Portal Confirm Password');

/*Data for the table `system_language_strings` */
INSERT INTO `system_language_strings`(`language_string`,`language_string_type`,`system_module_id`,`screen_name`) VALUES
('Reset Password and Email New Password to Portal User', 'display_string', '1', 'External Institutes Screen');

SET @languageStringId = LAST_INSERT_ID();

INSERT INTO `system_language_translations`(`language_string_id`,`language_name`,`translated_string`) VALUES
(@languageStringId,'English','Reset Password and Email New Password to Portal User');

/*Data for the table `system_language_strings` */
INSERT INTO `system_language_strings`(`language_string`,`language_string_type`,`system_module_id`,`screen_name`) VALUES
('Are you sure you want to reset the password and email the new password to portal user?', 'message', '1', 'External Institutes Screen');

SET @languageStringId = LAST_INSERT_ID();

INSERT INTO `system_language_translations`(`language_string_id`,`language_name`,`translated_string`) VALUES
(@languageStringId,'English','Are you sure you want to reset the password and email the new password to portal user?');

/*Data for the table `system_language_strings` */
INSERT INTO `system_language_strings`(`language_string`,`language_string_type`,`system_module_id`,`screen_name`) VALUES
('Password Reset Details', 'message', '1', 'External Institutes Screen');

SET @languageStringId = LAST_INSERT_ID();

INSERT INTO `system_language_translations`(`language_string_id`,`language_name`,`translated_string`) VALUES
(@languageStringId,'English','Password Reset Details');

/*Data for the table `system_language_strings` */
INSERT INTO `system_language_strings`(`language_string`,`language_string_type`,`system_module_id`,`screen_name`) VALUES
('Your account password has been reset and you can now login to your account area using the details below.', 'message', '1', 'External Institutes Screen');

SET @languageStringId = LAST_INSERT_ID();

INSERT INTO `system_language_translations`(`language_string_id`,`language_name`,`translated_string`) VALUES
(@languageStringId,'English','Your account password has been reset and you can now login to your account area using the details below.');

/*Data for the table `system_language_strings` */
INSERT INTO `system_language_strings`(`language_string`,`language_string_type`,`system_module_id`,`screen_name`) VALUES
('Portal user password reset and new password emailed to the user successfully.', 'message', '1', 'External Institutes Screen');

SET @languageStringId = LAST_INSERT_ID();

INSERT INTO `system_language_translations`(`language_string_id`,`language_name`,`translated_string`) VALUES
(@languageStringId,'English','Portal user password reset and new password emailed to the user successfully.');

/*Data for the table `system_language_strings` */
INSERT INTO `system_language_strings`(`language_string`,`language_string_type`,`system_module_id`,`screen_name`) VALUES
('Mail Server', 'display_string', '1', 'System Configurations Screen');

SET @languageStringId = LAST_INSERT_ID();

INSERT INTO `system_language_translations`(`language_string_id`,`language_name`,`translated_string`) VALUES
(@languageStringId,'English','Mail Server');

/*Data for the table `system_language_strings` */
INSERT INTO `system_language_strings`(`language_string`,`language_string_type`,`system_module_id`,`screen_name`) VALUES
('Mail Server Details', 'display_string', '1', 'System Configurations Screen');

SET @languageStringId = LAST_INSERT_ID();

INSERT INTO `system_language_translations`(`language_string_id`,`language_name`,`translated_string`) VALUES
(@languageStringId,'English','Mail Server Details');

/*Data for the table `system_language_strings` */
INSERT INTO `system_language_strings`(`language_string`,`language_string_type`,`system_module_id`,`screen_name`) VALUES
('Mail Server Name', 'display_string', '1', 'System Configurations Screen');

SET @languageStringId = LAST_INSERT_ID();

INSERT INTO `system_language_translations`(`language_string_id`,`language_name`,`translated_string`) VALUES
(@languageStringId,'English','Mail Server Name');

/*Data for the table `system_language_strings` */
INSERT INTO `system_language_strings`(`language_string`,`language_string_type`,`system_module_id`,`screen_name`) VALUES
('Mail Server Username', 'display_string', '1', 'System Configurations Screen');

SET @languageStringId = LAST_INSERT_ID();

INSERT INTO `system_language_translations`(`language_string_id`,`language_name`,`translated_string`) VALUES
(@languageStringId,'English','Mail Server Username');

/*Data for the table `system_language_strings` */
INSERT INTO `system_language_strings`(`language_string`,`language_string_type`,`system_module_id`,`screen_name`) VALUES
('Mail Server Password', 'display_string', '1', 'System Configurations Screen');

SET @languageStringId = LAST_INSERT_ID();

INSERT INTO `system_language_translations`(`language_string_id`,`language_name`,`translated_string`) VALUES
(@languageStringId,'English','Mail Server Password');

/*Data for the table `system_language_strings` */
INSERT INTO `system_language_strings`(`language_string`,`language_string_type`,`system_module_id`,`screen_name`) VALUES
('Customer Web Portal', 'display_string', '6', 'System Configurations Screen');

SET @languageStringId = LAST_INSERT_ID();

INSERT INTO `system_language_translations`(`language_string_id`,`language_name`,`translated_string`) VALUES
(@languageStringId,'English','Customer Web Portal');

/*Data for the table `system_language_strings` */
INSERT INTO `system_language_strings`(`language_string`,`language_string_type`,`system_module_id`,`screen_name`) VALUES
('Registered Email', 'display_string', '6', 'System Configurations Screen');

SET @languageStringId = LAST_INSERT_ID();

INSERT INTO `system_language_translations`(`language_string_id`,`language_name`,`translated_string`) VALUES
(@languageStringId,'English','Registered Email');

/*Data for the table `system_language_strings` */
INSERT INTO `system_language_strings`(`language_string`,`language_string_type`,`system_module_id`,`screen_name`) VALUES
('Company Login Account Details', 'display_string', '6', 'System Configurations Screen');

SET @languageStringId = LAST_INSERT_ID();

INSERT INTO `system_language_translations`(`language_string_id`,`language_name`,`translated_string`) VALUES
(@languageStringId,'English','Company Login Account Details');

/*Data for the table `system_language_strings` */
INSERT INTO `system_language_strings`(`language_string`,`language_string_type`,`system_module_id`,`screen_name`) VALUES
('Audit Firm Login Account Details', 'display_string', '6', 'System Configurations Screen');

SET @languageStringId = LAST_INSERT_ID();

INSERT INTO `system_language_translations`(`language_string_id`,`language_name`,`translated_string`) VALUES
(@languageStringId,'English','Audit Firm Login Account Details');

/*Data for the table `system_language_strings` */
INSERT INTO `system_language_strings`(`language_string`,`language_string_type`,`system_module_id`,`screen_name`) VALUES
('Return Date should be greater than Exposure Period To date!', 'message', '6', 'Collect TLD Returns Screen');

SET @languageStringId = LAST_INSERT_ID();

INSERT INTO `system_language_translations`(`language_string_id`,`language_name`,`translated_string`) VALUES
(@languageStringId,'English','Return Date should be greater than Exposure Period To date!');

/*Update language strings*/
UPDATE `system_language_strings` SET `language_string` =  'Bulk Print Dose Report Envelopes (A4)' WHERE `language_string_id` = '3545';

UPDATE `system_language_translations` SET `translated_string` =  'Bulk Print Dose Report Envelopes (A4)' WHERE `language_translation_id` = '3549';

/*Data for the table `system_language_strings` */
INSERT INTO `system_language_strings`(`language_string`,`language_string_type`,`system_module_id`,`screen_name`) VALUES
('success_updated_but_worker_cannot_terminate', 'message', '1', 'People Screen');

SET @languageStringId = LAST_INSERT_ID();

INSERT INTO `system_language_translations`(`language_string_id`,`language_name`,`translated_string`) VALUES
(@languageStringId,'English','Data successfully saved! However, worker cannot terminate as the worker has active TLD assignments.');

/*Data for the table `system_language_strings` */
INSERT INTO `system_language_strings`(`language_string`,`language_string_type`,`system_module_id`,`screen_name`) VALUES
('Show Serial Product Column in Product List', 'display_string', '2', 'System Configurations Screen');

SET @languageStringId = LAST_INSERT_ID();

INSERT INTO `system_language_translations`(`language_string_id`,`language_name`,`translated_string`) VALUES
(@languageStringId,'English','Show Serial Product Column in Product List');

/*Data for the table `system_language_strings` */
INSERT INTO `system_language_strings`(`language_string`,`language_string_type`,`system_module_id`,`screen_name`) VALUES
('TLD Rentals Help', 'display_string', '6', 'TLD Rentals Help Screen');

SET @languageStringId = LAST_INSERT_ID();

INSERT INTO `system_language_translations`(`language_string_id`,`language_name`,`translated_string`) VALUES
(@languageStringId,'English','TLD Rentals Help');

/*Data for the table `system_language_strings` */
INSERT INTO `system_language_strings`(`language_string`,`language_string_type`,`system_module_id`,`screen_name`) VALUES
('Download TLD Rentals Help User Guide', 'display_string', '6', 'TLD Rentals Help Screen');

SET @languageStringId = LAST_INSERT_ID();

INSERT INTO `system_language_translations`(`language_string_id`,`language_name`,`translated_string`) VALUES
(@languageStringId,'English','Download TLD Rentals Help User Guide');

/*Data for the table `system_language_strings` */
INSERT INTO `system_language_strings`(`language_string`,`language_string_type`,`system_module_id`,`screen_name`) VALUES
('PMSL Reports Help', 'display_string', '6', 'PMSL Reports Help Screen');

SET @languageStringId = LAST_INSERT_ID();

INSERT INTO `system_language_translations`(`language_string_id`,`language_name`,`translated_string`) VALUES
(@languageStringId,'English','PMSL Reports Help');

/*Data for the table `system_language_strings` */
INSERT INTO `system_language_strings`(`language_string`,`language_string_type`,`system_module_id`,`screen_name`) VALUES
('Download PMSL Reports Help User Guide', 'display_string', '6', 'PMSL Reports Help Screen');

SET @languageStringId = LAST_INSERT_ID();

INSERT INTO `system_language_translations`(`language_string_id`,`language_name`,`translated_string`) VALUES
(@languageStringId,'English','Download PMSL Reports Help User Guide');

/*Data for the table `system_language_strings` */
INSERT INTO `system_language_strings`(`language_string`,`language_string_type`,`system_module_id`,`screen_name`) VALUES
('Dose Report Containing Folder Name in Server', 'display_string', '6', 'System Configurations Screen');

SET @languageStringId = LAST_INSERT_ID();

INSERT INTO `system_language_translations`(`language_string_id`,`language_name`,`translated_string`) VALUES
(@languageStringId,'English','Dose Report Containing Folder Name in Server');

/*From ERP Version 10.0 Beta 1 */
/*Data for the table `system_language_strings` */
INSERT INTO `system_language_strings`(`language_string`,`language_string_type`,`system_module_id`,`screen_name`) VALUES
('Received Credit Payment', 'display_string', '1', 'Welfare Company Credit Accounts Screen');

SET @languageStringId = LAST_INSERT_ID();

INSERT INTO `system_language_translations`(`language_string_id`,`language_name`,`translated_string`) VALUES
(@languageStringId,'English','Received Credit Payment');

/*Data for the table `system_language_strings` */
INSERT INTO `system_language_strings`(`language_string`,`language_string_type`,`system_module_id`,`screen_name`) VALUES
('Balance Credit Amount', 'display_string', '1', 'Welfare Company Credit Accounts Screen');

SET @languageStringId = LAST_INSERT_ID();

INSERT INTO `system_language_translations`(`language_string_id`,`language_name`,`translated_string`) VALUES
(@languageStringId,'English','Balance Credit Amount');

/*Data for the table `system_language_strings` */
INSERT INTO `system_language_strings`(`language_string`,`language_string_type`,`system_module_id`,`screen_name`) VALUES
('Welfare Company Payment', 'display_string', '1', 'Welfare Company Credit Accounts Screen');

SET @languageStringId = LAST_INSERT_ID();

INSERT INTO `system_language_translations`(`language_string_id`,`language_name`,`translated_string`) VALUES
(@languageStringId,'English','Welfare Company Payment');

/*Data for the table `system_language_strings` */
INSERT INTO `system_language_strings`(`language_string`,`language_string_type`,`system_module_id`,`screen_name`) VALUES
('Welfare Company Payment Details', 'display_string', '1', 'Welfare Company Credit Accounts Screen');

SET @languageStringId = LAST_INSERT_ID();

INSERT INTO `system_language_translations`(`language_string_id`,`language_name`,`translated_string`) VALUES
(@languageStringId,'English','Welfare Company Payment Details');

/*Data for the table `system_language_strings` */
INSERT INTO `system_language_strings`(`language_string`,`language_string_type`,`system_module_id`,`screen_name`) VALUES
('Outstanding Credit Amount', 'display_string', '1', 'Welfare Company Credit Accounts Screen');

SET @languageStringId = LAST_INSERT_ID();

INSERT INTO `system_language_translations`(`language_string_id`,`language_name`,`translated_string`) VALUES
(@languageStringId,'English','Outstanding Credit Amount');

/*Data for the table `system_language_strings` */
INSERT INTO `system_language_strings`(`language_string`,`language_string_type`,`system_module_id`,`screen_name`) VALUES
('Credit Payment Amount', 'display_string', '1', 'Welfare Company Credit Accounts Screen');

SET @languageStringId = LAST_INSERT_ID();

INSERT INTO `system_language_translations`(`language_string_id`,`language_name`,`translated_string`) VALUES
(@languageStringId,'English','Credit Payment Amount');

/*Data for the table `system_language_strings` */
INSERT INTO `system_language_strings`(`language_string`,`language_string_type`,`system_module_id`,`screen_name`) VALUES
('Total Payment', 'display_string', '1', 'Welfare Company Credit Accounts Screen');

SET @languageStringId = LAST_INSERT_ID();

INSERT INTO `system_language_translations`(`language_string_id`,`language_name`,`translated_string`) VALUES
(@languageStringId,'English','Total Payment');

/*Data for the table `system_language_strings` */
INSERT INTO `system_language_strings`(`language_string`,`language_string_type`,`system_module_id`,`screen_name`) VALUES
('Cheque Number should be a number', 'message', '1', 'Welfare Company Credit Accounts Screen');

SET @languageStringId = LAST_INSERT_ID();

INSERT INTO `system_language_translations`(`language_string_id`,`language_name`,`translated_string`) VALUES
(@languageStringId,'English','Cheque Number should be a number');

/*Data for the table `system_language_strings` */
INSERT INTO `system_language_strings`(`language_string`,`language_string_type`,`system_module_id`,`screen_name`) VALUES
('Save Payment', 'display_string', '1', 'Welfare Company Credit Accounts Screen');

SET @languageStringId = LAST_INSERT_ID();

INSERT INTO `system_language_translations`(`language_string_id`,`language_name`,`translated_string`) VALUES
(@languageStringId,'English','Save Payment');

/*Data for the table `system_language_strings` */
INSERT INTO `system_language_strings`(`language_string`,`language_string_type`,`system_module_id`,`screen_name`) VALUES
('Complete Payment', 'display_string', '1', 'Welfare Company Credit Accounts Screen');

SET @languageStringId = LAST_INSERT_ID();

INSERT INTO `system_language_translations`(`language_string_id`,`language_name`,`translated_string`) VALUES
(@languageStringId,'English','Complete Payment');

/*Data for the table `system_language_strings` */
INSERT INTO `system_language_strings`(`language_string`,`language_string_type`,`system_module_id`,`screen_name`) VALUES
('Select Credit Bills for Payment', 'display_string', '1', 'Welfare Company Credit Accounts Screen');

SET @languageStringId = LAST_INSERT_ID();

INSERT INTO `system_language_translations`(`language_string_id`,`language_name`,`translated_string`) VALUES
(@languageStringId,'English','Select Credit Bills for Payment');

/*Data for the table `system_language_strings` */
INSERT INTO `system_language_strings`(`language_string`,`language_string_type`,`system_module_id`,`screen_name`) VALUES
('TLD Distribution Dispatch', 'display_string', '6', 'Menus');

SET @languageStringId = LAST_INSERT_ID();

INSERT INTO `system_language_translations`(`language_string_id`,`language_name`,`translated_string`) VALUES
(@languageStringId,'English','TLD Distribution Dispatch');

/*Data for the table `system_language_strings` */
INSERT INTO `system_language_strings`(`language_string`,`language_string_type`,`system_module_id`,`screen_name`) VALUES
('Receive TLD Returns', 'display_string', '6', 'Menus');

SET @languageStringId = LAST_INSERT_ID();

INSERT INTO `system_language_translations`(`language_string_id`,`language_name`,`translated_string`) VALUES
(@languageStringId,'English','Receive TLD Returns');

/*Data for the table `system_language_strings` */
INSERT INTO `system_language_strings`(`language_string`,`language_string_type`,`system_module_id`,`screen_name`) VALUES
('TLD Distribution Dispatches', 'display_string', '6', 'TLD Distribution Dispatch Screen');

SET @languageStringId = LAST_INSERT_ID();

INSERT INTO `system_language_translations`(`language_string_id`,`language_name`,`translated_string`) VALUES
(@languageStringId,'English','TLD Distribution Dispatches');

/*Data for the table `system_language_strings` */
INSERT INTO `system_language_strings`(`language_string`,`language_string_type`,`system_module_id`,`screen_name`) VALUES
('TLD Distribution Dispatch Details', 'display_string', '6', 'TLD Distribution Dispatch Screen');

SET @languageStringId = LAST_INSERT_ID();

INSERT INTO `system_language_translations`(`language_string_id`,`language_name`,`translated_string`) VALUES
(@languageStringId,'English','TLD Distribution Dispatch Details');

/*Data for the table `system_language_strings` */
INSERT INTO `system_language_strings`(`language_string`,`language_string_type`,`system_module_id`,`screen_name`) VALUES
('Add New TLD Distribution Dispatch', 'display_string', '6', 'TLD Distribution Dispatch Screen');

SET @languageStringId = LAST_INSERT_ID();

INSERT INTO `system_language_translations`(`language_string_id`,`language_name`,`translated_string`) VALUES
(@languageStringId,'English','Add New TLD Distribution Dispatch');

/*Data for the table `system_language_strings` */
INSERT INTO `system_language_strings`(`language_string`,`language_string_type`,`system_module_id`,`screen_name`) VALUES
('Dispatch No', 'display_string', '6', 'TLD Distribution Dispatch Screen');

SET @languageStringId = LAST_INSERT_ID();

INSERT INTO `system_language_translations`(`language_string_id`,`language_name`,`translated_string`) VALUES
(@languageStringId,'English','Dispatch No');

/*Data for the table `system_language_strings` */
INSERT INTO `system_language_strings`(`language_string`,`language_string_type`,`system_module_id`,`screen_name`) VALUES
('Dispatch Date', 'display_string', '6', 'TLD Distribution Dispatch Screen');

SET @languageStringId = LAST_INSERT_ID();

INSERT INTO `system_language_translations`(`language_string_id`,`language_name`,`translated_string`) VALUES
(@languageStringId,'English','Dispatch Date');

/*Data for the table `system_language_strings` */
INSERT INTO `system_language_strings`(`language_string`,`language_string_type`,`system_module_id`,`screen_name`) VALUES
('Dispatch Method', 'display_string', '6', 'TLD Distribution Dispatch Screen');

SET @languageStringId = LAST_INSERT_ID();

INSERT INTO `system_language_translations`(`language_string_id`,`language_name`,`translated_string`) VALUES
(@languageStringId,'English','Dispatch Method');

/*Data for the table `system_language_strings` */
INSERT INTO `system_language_strings`(`language_string`,`language_string_type`,`system_module_id`,`screen_name`) VALUES
('Dispatch Reference', 'display_string', '6', 'TLD Distribution Dispatch Screen');

SET @languageStringId = LAST_INSERT_ID();

INSERT INTO `system_language_translations`(`language_string_id`,`language_name`,`translated_string`) VALUES
(@languageStringId,'English','Dispatch Reference');

/*Data for the table `system_language_strings` */
INSERT INTO `system_language_strings`(`language_string`,`language_string_type`,`system_module_id`,`screen_name`) VALUES
('distribution dispatch', 'message', '6', 'TLD Distribution Dispatch Screen');

SET @languageStringId = LAST_INSERT_ID();

INSERT INTO `system_language_translations`(`language_string_id`,`language_name`,`translated_string`) VALUES
(@languageStringId,'English','distribution dispatch');

/*Data for the table `system_language_strings` */
INSERT INTO `system_language_strings`(`language_string`,`language_string_type`,`system_module_id`,`screen_name`) VALUES
('Search TLD Distribution Dispatches', 'display_string', '6', 'TLD Distribution Dispatch Screen');

SET @languageStringId = LAST_INSERT_ID();

INSERT INTO `system_language_translations`(`language_string_id`,`language_name`,`translated_string`) VALUES
(@languageStringId,'English','Search TLD Distribution Dispatches');

/*Data for the table `system_language_strings` */
INSERT INTO `system_language_strings`(`language_string`,`language_string_type`,`system_module_id`,`screen_name`) VALUES
('Receive TLD Returns', 'display_string', '6', 'Receive TLD Returns Screen');

SET @languageStringId = LAST_INSERT_ID();

INSERT INTO `system_language_translations`(`language_string_id`,`language_name`,`translated_string`) VALUES
(@languageStringId,'English','Receive TLD Returns');

/*Data for the table `system_language_strings` */
INSERT INTO `system_language_strings`(`language_string`,`language_string_type`,`system_module_id`,`screen_name`) VALUES
('Receive TLD Return Details', 'display_string', '6', 'Receive TLD Returns Screen');

SET @languageStringId = LAST_INSERT_ID();

INSERT INTO `system_language_translations`(`language_string_id`,`language_name`,`translated_string`) VALUES
(@languageStringId,'English','Receive TLD Return Details');

/*Data for the table `system_language_strings` */
INSERT INTO `system_language_strings`(`language_string`,`language_string_type`,`system_module_id`,`screen_name`) VALUES
('Add New Receive TLD Return', 'display_string', '6', 'Receive TLD Returns Screen');

SET @languageStringId = LAST_INSERT_ID();

INSERT INTO `system_language_translations`(`language_string_id`,`language_name`,`translated_string`) VALUES
(@languageStringId,'English','Add New Receive TLD Return');

/*Data for the table `system_language_strings` */
INSERT INTO `system_language_strings`(`language_string`,`language_string_type`,`system_module_id`,`screen_name`) VALUES
('Receive No', 'display_string', '6', 'Receive TLD Returns Screen');

SET @languageStringId = LAST_INSERT_ID();

INSERT INTO `system_language_translations`(`language_string_id`,`language_name`,`translated_string`) VALUES
(@languageStringId,'English','Receive No');

/*Data for the table `system_language_strings` */
INSERT INTO `system_language_strings`(`language_string`,`language_string_type`,`system_module_id`,`screen_name`) VALUES
('Receive Date', 'display_string', '6', 'Receive TLD Returns Screen');

SET @languageStringId = LAST_INSERT_ID();

INSERT INTO `system_language_translations`(`language_string_id`,`language_name`,`translated_string`) VALUES
(@languageStringId,'English','Receive Date');

/*Data for the table `system_language_strings` */
INSERT INTO `system_language_strings`(`language_string`,`language_string_type`,`system_module_id`,`screen_name`) VALUES
('Receive Method', 'display_string', '6', 'Receive TLD Returns Screen');

SET @languageStringId = LAST_INSERT_ID();

INSERT INTO `system_language_translations`(`language_string_id`,`language_name`,`translated_string`) VALUES
(@languageStringId,'English','Receive Method');

/*Data for the table `system_language_strings` */
INSERT INTO `system_language_strings`(`language_string`,`language_string_type`,`system_module_id`,`screen_name`) VALUES
('Receive Reference', 'display_string', '6', 'Receive TLD Returns Screen');

SET @languageStringId = LAST_INSERT_ID();

INSERT INTO `system_language_translations`(`language_string_id`,`language_name`,`translated_string`) VALUES
(@languageStringId,'English','Receive Reference');

/*Data for the table `system_language_strings` */
INSERT INTO `system_language_strings`(`language_string`,`language_string_type`,`system_module_id`,`screen_name`) VALUES
('receive TLD return', 'message', '6', 'Receive TLD Returns Screen');

SET @languageStringId = LAST_INSERT_ID();

INSERT INTO `system_language_translations`(`language_string_id`,`language_name`,`translated_string`) VALUES
(@languageStringId,'English','receive TLD return');

/*Data for the table `system_language_strings` */
INSERT INTO `system_language_strings`(`language_string`,`language_string_type`,`system_module_id`,`screen_name`) VALUES
('Search Receive TLD Returns', 'display_string', '6', 'Receive TLD Returns Screen');

SET @languageStringId = LAST_INSERT_ID();

INSERT INTO `system_language_translations`(`language_string_id`,`language_name`,`translated_string`) VALUES
(@languageStringId,'English','Search Receive TLD Returns');

/*Data for the table `system_language_strings` */
INSERT INTO `system_language_strings`(`language_string`,`language_string_type`,`system_module_id`,`screen_name`) VALUES
('New Registration Applications', 'display_string', '1', 'External Institutes Screen');

SET @languageStringId = LAST_INSERT_ID();

INSERT INTO `system_language_translations`(`language_string_id`,`language_name`,`translated_string`) VALUES
(@languageStringId,'English','New Registration Applications');

/*Data for the table `system_language_strings` */
INSERT INTO `system_language_strings`(`language_string`,`language_string_type`,`system_module_id`,`screen_name`) VALUES
('New Registration Application', 'display_string', '1', 'External Institutes Screen');

SET @languageStringId = LAST_INSERT_ID();

INSERT INTO `system_language_translations`(`language_string_id`,`language_name`,`translated_string`) VALUES
(@languageStringId,'English','New Registration Application');

/*Data for the table `system_language_strings` */
INSERT INTO `system_language_strings`(`language_string`,`language_string_type`,`system_module_id`,`screen_name`) VALUES
('Application Number', 'display_string', '1', 'External Institutes Screen');

SET @languageStringId = LAST_INSERT_ID();

INSERT INTO `system_language_translations`(`language_string_id`,`language_name`,`translated_string`) VALUES
(@languageStringId,'English','Application Number');

/*Data for the table `system_language_strings` */
INSERT INTO `system_language_strings`(`language_string`,`language_string_type`,`system_module_id`,`screen_name`) VALUES
('Registration Type', 'display_string', '1', 'External Institutes Screen');

SET @languageStringId = LAST_INSERT_ID();

INSERT INTO `system_language_translations`(`language_string_id`,`language_name`,`translated_string`) VALUES
(@languageStringId,'English','Registration Type');

/*Data for the table `system_language_strings` */
INSERT INTO `system_language_strings`(`language_string`,`language_string_type`,`system_module_id`,`screen_name`) VALUES
('Application Received Date', 'display_string', '1', 'External Institutes Screen');

SET @languageStringId = LAST_INSERT_ID();

INSERT INTO `system_language_translations`(`language_string_id`,`language_name`,`translated_string`) VALUES
(@languageStringId,'English','Application Received Date');

/*Data for the table `system_language_strings` */
INSERT INTO `system_language_strings`(`language_string`,`language_string_type`,`system_module_id`,`screen_name`) VALUES
('Application Completed Date', 'display_string', '1', 'External Institutes Screen');

SET @languageStringId = LAST_INSERT_ID();

INSERT INTO `system_language_translations`(`language_string_id`,`language_name`,`translated_string`) VALUES
(@languageStringId,'English','Application Completed Date');

/*Data for the table `system_language_strings` */
INSERT INTO `system_language_strings`(`language_string`,`language_string_type`,`system_module_id`,`screen_name`) VALUES
('Application Status', 'display_string', '1', 'External Institutes Screen');

SET @languageStringId = LAST_INSERT_ID();

INSERT INTO `system_language_translations`(`language_string_id`,`language_name`,`translated_string`) VALUES
(@languageStringId,'English','Application Status');

/*Data for the table `system_language_strings` */
INSERT INTO `system_language_strings`(`language_string`,`language_string_type`,`system_module_id`,`screen_name`) VALUES
('Add New Registration Application', 'display_string', '1', 'External Institutes Screen');

SET @languageStringId = LAST_INSERT_ID();

INSERT INTO `system_language_translations`(`language_string_id`,`language_name`,`translated_string`) VALUES
(@languageStringId,'English','Add New Registration Application');

/*Data for the table `system_language_strings` */
INSERT INTO `system_language_strings`(`language_string`,`language_string_type`,`system_module_id`,`screen_name`) VALUES
('Received Date', 'display_string', '1', 'External Institutes Screen');

SET @languageStringId = LAST_INSERT_ID();

INSERT INTO `system_language_translations`(`language_string_id`,`language_name`,`translated_string`) VALUES
(@languageStringId,'English','Received Date');

/*Data for the table `system_language_strings` */
INSERT INTO `system_language_strings`(`language_string`,`language_string_type`,`system_module_id`,`screen_name`) VALUES
('Completed Date', 'display_string', '1', 'External Institutes Screen');

SET @languageStringId = LAST_INSERT_ID();

INSERT INTO `system_language_translations`(`language_string_id`,`language_name`,`translated_string`) VALUES
(@languageStringId,'English','Completed Date');

/*Data for the table `system_language_strings` */
INSERT INTO `system_language_strings`(`language_string`,`language_string_type`,`system_module_id`,`screen_name`) VALUES
('application_number', 'message', '1', 'External Institutes Screen');

SET @languageStringId = LAST_INSERT_ID();

INSERT INTO `system_language_translations`(`language_string_id`,`language_name`,`translated_string`) VALUES
(@languageStringId,'English','Application Number is already in use');

/*Data for the table `system_language_strings` */
INSERT INTO `system_language_strings`(`language_string`,`language_string_type`,`system_module_id`,`screen_name`) VALUES
('application', 'message', '1', 'External Institutes Screen');

SET @languageStringId = LAST_INSERT_ID();

INSERT INTO `system_language_translations`(`language_string_id`,`language_name`,`translated_string`) VALUES
(@languageStringId,'English','application');

/*Data for the table `system_language_strings` */
INSERT INTO `system_language_strings`(`language_string`,`language_string_type`,`system_module_id`,`screen_name`) VALUES
('Received From Date', 'display_string', '1', 'External Institutes Screen');

SET @languageStringId = LAST_INSERT_ID();

INSERT INTO `system_language_translations`(`language_string_id`,`language_name`,`translated_string`) VALUES
(@languageStringId,'English','Received From Date');

/*Data for the table `system_language_strings` */
INSERT INTO `system_language_strings`(`language_string`,`language_string_type`,`system_module_id`,`screen_name`) VALUES
('Received To Date', 'display_string', '1', 'External Institutes Screen');

SET @languageStringId = LAST_INSERT_ID();

INSERT INTO `system_language_translations`(`language_string_id`,`language_name`,`translated_string`) VALUES
(@languageStringId,'English','Received To Date');

/*Data for the table `system_language_strings` */
INSERT INTO `system_language_strings`(`language_string`,`language_string_type`,`system_module_id`,`screen_name`) VALUES
('Application File', 'display_string', '1', 'External Institutes Screen');

SET @languageStringId = LAST_INSERT_ID();

INSERT INTO `system_language_translations`(`language_string_id`,`language_name`,`translated_string`) VALUES
(@languageStringId,'English','Application File');

/*Data for the table `system_language_strings` */
INSERT INTO `system_language_strings`(`language_string`,`language_string_type`,`system_module_id`,`screen_name`) VALUES
('Show All Pendings', 'display_string', '1', 'Menus');

SET @languageStringId = LAST_INSERT_ID();

INSERT INTO `system_language_translations`(`language_string_id`,`language_name`,`translated_string`) VALUES
(@languageStringId,'English','Show All Pendings');

/*Data for the table `system_language_strings` */
INSERT INTO `system_language_strings`(`language_string`,`language_string_type`,`system_module_id`,`screen_name`) VALUES
('Show Old Pendings', 'display_string', '1', 'Menus');

SET @languageStringId = LAST_INSERT_ID();

INSERT INTO `system_language_translations`(`language_string_id`,`language_name`,`translated_string`) VALUES
(@languageStringId,'English','Show Old Pendings');

/*Data for the table `system_language_strings` */
INSERT INTO `system_language_strings`(`language_string`,`language_string_type`,`system_module_id`,`screen_name`) VALUES
('Print Sales Unit On Sales Invoice Detail Bill', 'display_string', '2', 'System Configurations Screen');

SET @languageStringId = LAST_INSERT_ID();

INSERT INTO `system_language_translations`(`language_string_id`,`language_name`,`translated_string`) VALUES
(@languageStringId,'English','Print Sales Unit On Sales Invoice Detail Bill');

/*Data for the table `system_language_strings` */
INSERT INTO `system_language_strings`(`language_string`,`language_string_type`,`system_module_id`,`screen_name`) VALUES
('Print Markup Price On Sales Invoice Detail Bill', 'display_string', '2', 'System Configurations Screen');

SET @languageStringId = LAST_INSERT_ID();

INSERT INTO `system_language_translations`(`language_string_id`,`language_name`,`translated_string`) VALUES
(@languageStringId,'English','Print Markup Price On Sales Invoice Detail Bill');

/*Data for the table `system_language_strings` */
INSERT INTO `system_language_strings`(`language_string`,`language_string_type`,`system_module_id`,`screen_name`) VALUES
('Markup Price', 'display_string', '2', 'Products Screen');

SET @languageStringId = LAST_INSERT_ID();

INSERT INTO `system_language_translations`(`language_string_id`,`language_name`,`translated_string`) VALUES
(@languageStringId,'English','Markup Price');

/*Data for the table `system_language_strings` */
INSERT INTO `system_language_strings`(`language_string`,`language_string_type`,`system_module_id`,`screen_name`) VALUES
('Are you sure you want to deactivate the selected person', 'message', '2', 'People Screen');

SET @languageStringId = LAST_INSERT_ID();

INSERT INTO `system_language_translations`(`language_string_id`,`language_name`,`translated_string`) VALUES
(@languageStringId,'English','Are you sure you want to deactivate the selected person');

/*Data for the table `system_language_strings` */
INSERT INTO `system_language_strings`(`language_string`,`language_string_type`,`system_module_id`,`screen_name`) VALUES
('Are you sure you want to permanently deactivate the selected person', 'message', '2', 'People Screen');

SET @languageStringId = LAST_INSERT_ID();

INSERT INTO `system_language_translations`(`language_string_id`,`language_name`,`translated_string`) VALUES
(@languageStringId,'English','Are you sure you want to permanently deactivate the selected person');

/*From ERP Version 10.0 Beta 2 */
/*Data for the table `system_language_strings` */
INSERT INTO `system_language_strings`(`language_string`,`language_string_type`,`system_module_id`,`screen_name`) VALUES
('Financial Year Ends', 'display_string', '7', 'Menus');

SET @languageStringId = LAST_INSERT_ID();

INSERT INTO `system_language_translations`(`language_string_id`,`language_name`,`translated_string`) VALUES
(@languageStringId,'English','Financial Year Ends');

/*Data for the table `system_language_strings` */
INSERT INTO `system_language_strings`(`language_string`,`language_string_type`,`system_module_id`,`screen_name`) VALUES
('Financial Year', 'display_string', '7', 'Financial Year Ends Screen');

SET @languageStringId = LAST_INSERT_ID();

INSERT INTO `system_language_translations`(`language_string_id`,`language_name`,`translated_string`) VALUES
(@languageStringId,'English','Financial Year');

/*Data for the table `system_language_strings` */
INSERT INTO `system_language_strings`(`language_string`,`language_string_type`,`system_module_id`,`screen_name`) VALUES
('Financial Year Start Date', 'display_string', '7', 'Financial Year Ends Screen');

SET @languageStringId = LAST_INSERT_ID();

INSERT INTO `system_language_translations`(`language_string_id`,`language_name`,`translated_string`) VALUES
(@languageStringId,'English','Financial Year Start Date');

/*Data for the table `system_language_strings` */
INSERT INTO `system_language_strings`(`language_string`,`language_string_type`,`system_module_id`,`screen_name`) VALUES
('Financial Year End Date', 'display_string', '7', 'Financial Year Ends Screen');

SET @languageStringId = LAST_INSERT_ID();

INSERT INTO `system_language_translations`(`language_string_id`,`language_name`,`translated_string`) VALUES
(@languageStringId,'English','Financial Year End Date');

/*Data for the table `system_language_strings` */
INSERT INTO `system_language_strings`(`language_string`,`language_string_type`,`system_module_id`,`screen_name`) VALUES
('Year End Process Status', 'display_string', '7', 'Financial Year Ends Screen');

SET @languageStringId = LAST_INSERT_ID();

INSERT INTO `system_language_translations`(`language_string_id`,`language_name`,`translated_string`) VALUES
(@languageStringId,'English','Year End Process Status');

/*Data for the table `system_language_strings` */
INSERT INTO `system_language_strings`(`language_string`,`language_string_type`,`system_module_id`,`screen_name`) VALUES
('Year End Processed By', 'display_string', '7', 'Financial Year Ends Screen');

SET @languageStringId = LAST_INSERT_ID();

INSERT INTO `system_language_translations`(`language_string_id`,`language_name`,`translated_string`) VALUES
(@languageStringId,'English','Year End Processed By');

/*Data for the table `system_language_strings` */
INSERT INTO `system_language_strings`(`language_string`,`language_string_type`,`system_module_id`,`screen_name`) VALUES
('Process Year End', 'display_string', '7', 'Financial Year Ends Screen');

SET @languageStringId = LAST_INSERT_ID();

INSERT INTO `system_language_translations`(`language_string_id`,`language_name`,`translated_string`) VALUES
(@languageStringId,'English','Process Year End');

/*Data for the table `system_language_strings` */
INSERT INTO `system_language_strings`(`language_string`,`language_string_type`,`system_module_id`,`screen_name`) VALUES
('Previous financial year is not closed! Please close the previous financal year before add transactions.', 'message', '7', 'Journal Entries Screen');

SET @languageStringId = LAST_INSERT_ID();

INSERT INTO `system_language_translations`(`language_string_id`,`language_name`,`translated_string`) VALUES
(@languageStringId,'English','Previous financial year is not closed! Please close the previous financal year before add transactions.');

/*Data for the table `system_language_strings` */
INSERT INTO `system_language_strings`(`language_string`,`language_string_type`,`system_module_id`,`screen_name`) VALUES
('The financial year of the transaction you are trying to delete is already closed!', 'message', '7', 'Journal Entries Screen');

SET @languageStringId = LAST_INSERT_ID();

INSERT INTO `system_language_translations`(`language_string_id`,`language_name`,`translated_string`) VALUES
(@languageStringId,'English','The financial year of the transaction you are trying to delete is already closed!');
