
/*Update version number*/
UPDATE `system_common_configurations` SET `config_filed_value` =  '1.3' WHERE id = 1;
UPDATE `system_common_configurations` SET `config_filed_value` =  '10.0 Beta 10' WHERE id = 2;

INSERT INTO `system_common_configurations`(`config_filed_name`, `config_filed_value`) VALUES
('ogm_people_salutations_list', '');

/*Data for the table `system_language_strings` */
INSERT INTO `system_language_strings`(`language_string`,`language_string_type`,`system_module_id`,`screen_name`) VALUES
('Print Voucher', 'display_string', '7', 'Make Payment Screen');

SET @languageStringId = LAST_INSERT_ID();

INSERT INTO `system_language_translations`(`language_string_id`,`language_name`,`translated_string`) VALUES
(@languageStringId,'English','Print Voucher');

/*Data for the table `system_language_strings` */
INSERT INTO `system_language_strings`(`language_string`,`language_string_type`,`system_module_id`,`screen_name`) VALUES
('Print Detailed Voucher', 'display_string', '7', 'Make Payment Screen');

SET @languageStringId = LAST_INSERT_ID();

INSERT INTO `system_language_translations`(`language_string_id`,`language_name`,`translated_string`) VALUES
(@languageStringId,'English','Print Detailed Voucher');

/*Data for the table `system_language_strings` */
INSERT INTO `system_language_strings`(`language_string`,`language_string_type`,`system_module_id`,`screen_name`) VALUES
('Print Short Voucher', 'display_string', '7', 'Make Payment Screen');

SET @languageStringId = LAST_INSERT_ID();

INSERT INTO `system_language_translations`(`language_string_id`,`language_name`,`translated_string`) VALUES
(@languageStringId,'English','Print Short Voucher');

/*Data for the table `system_language_strings` */
INSERT INTO `system_language_strings`(`language_string`,`language_string_type`,`system_module_id`,`screen_name`) VALUES
('Payment No', 'display_string', '7', 'Make Payment Screen');

SET @languageStringId = LAST_INSERT_ID();

INSERT INTO `system_language_translations`(`language_string_id`,`language_name`,`translated_string`) VALUES
(@languageStringId,'English','Payment No');

/*Data for the table `system_language_strings` */
INSERT INTO `system_language_strings`(`language_string`,`language_string_type`,`system_module_id`,`screen_name`) VALUES
('Paid To', 'display_string', '7', 'Make Payment Screen');

SET @languageStringId = LAST_INSERT_ID();

INSERT INTO `system_language_translations`(`language_string_id`,`language_name`,`translated_string`) VALUES
(@languageStringId,'English','Paid To');

/*Data for the table `system_language_strings` */
INSERT INTO `system_language_strings`(`language_string`,`language_string_type`,`system_module_id`,`screen_name`) VALUES
('GRN No', 'display_string', '7', 'Make Payment Screen');

SET @languageStringId = LAST_INSERT_ID();

INSERT INTO `system_language_translations`(`language_string_id`,`language_name`,`translated_string`) VALUES
(@languageStringId,'English','GRN No');

/*Data for the table `system_language_strings` */
INSERT INTO `system_language_strings`(`language_string`,`language_string_type`,`system_module_id`,`screen_name`) VALUES
('Balance', 'display_string', '7', 'Make Payment Screen');

SET @languageStringId = LAST_INSERT_ID();

INSERT INTO `system_language_translations`(`language_string_id`,`language_name`,`translated_string`) VALUES
(@languageStringId,'English','Balance');

/*Data for the table `system_language_strings` */
INSERT INTO `system_language_strings`(`language_string`,`language_string_type`,`system_module_id`,`screen_name`) VALUES
('Outstanding Balance', 'display_string', '7', 'Make Payment Screen');

SET @languageStringId = LAST_INSERT_ID();

INSERT INTO `system_language_translations`(`language_string_id`,`language_name`,`translated_string`) VALUES
(@languageStringId,'English','Outstanding Balance');

/*Data for the table `system_language_strings` */
INSERT INTO `system_language_strings`(`language_string`,`language_string_type`,`system_module_id`,`screen_name`) VALUES
('Payment Voucher', 'display_string', '7', 'Make Payment Screen');

SET @languageStringId = LAST_INSERT_ID();

INSERT INTO `system_language_translations`(`language_string_id`,`language_name`,`translated_string`) VALUES
(@languageStringId,'English','Payment Voucher');

/*Data for the table `system_language_strings` */
INSERT INTO `system_language_strings`(`language_string`,`language_string_type`,`system_module_id`,`screen_name`) VALUES
('Payment for GRNs', 'display_string', '7', 'Make Payment Screen');

SET @languageStringId = LAST_INSERT_ID();

INSERT INTO `system_language_translations`(`language_string_id`,`language_name`,`translated_string`) VALUES
(@languageStringId,'English','Payment for GRNs');

/*Data for the table `system_language_strings` */
INSERT INTO `system_language_strings`(`language_string`,`language_string_type`,`system_module_id`,`screen_name`) VALUES
('Payment Details', 'display_string', '7', 'Make Payment Screen');

SET @languageStringId = LAST_INSERT_ID();

INSERT INTO `system_language_translations`(`language_string_id`,`language_name`,`translated_string`) VALUES
(@languageStringId,'English','Payment Details');

/*Data for the table `system_language_strings` */
INSERT INTO `system_language_strings`(`language_string`,`language_string_type`,`system_module_id`,`screen_name`) VALUES
('Salutations', 'display_string', '1', 'System Configurations Screen');

SET @languageStringId = LAST_INSERT_ID();

INSERT INTO `system_language_translations`(`language_string_id`,`language_name`,`translated_string`) VALUES
(@languageStringId,'English','Salutations');

/*Data for the table `system_language_strings` */
INSERT INTO `system_language_strings`(`language_string`,`language_string_type`,`system_module_id`,`screen_name`) VALUES
('Salutation', 'display_string', '1', 'People Screen');

SET @languageStringId = LAST_INSERT_ID();

INSERT INTO `system_language_translations`(`language_string_id`,`language_name`,`translated_string`) VALUES
(@languageStringId,'English','Salutation');

/*Data for the table `system_language_strings` */
INSERT INTO `system_language_strings`(`language_string`,`language_string_type`,`system_module_id`,`screen_name`) VALUES
('Separate with a comma', 'display_string', '1', 'People Screen');

SET @languageStringId = LAST_INSERT_ID();

INSERT INTO `system_language_translations`(`language_string_id`,`language_name`,`translated_string`) VALUES
(@languageStringId,'English','Separate with a comma');

/*Data for the table `system_module_section_features` */
INSERT  INTO `system_module_section_features`(`module_section_feature_id`, `module_section_id`, `module_section_feature_name`, `showing_status`) VALUES
(185, 11, 'HR Workflows', 'Yes');

/*Data for the table `system_language_strings` */
INSERT INTO `system_language_strings`(`language_string`,`language_string_type`,`system_module_id`,`screen_name`) VALUES
('Entitlement rules are not selected for the leave type. Please check in system configurations.', 'display_string', '4', 'Leave Rules Screen');

SET @languageStringId = LAST_INSERT_ID();

INSERT INTO `system_language_translations`(`language_string_id`,`language_name`,`translated_string`) VALUES
(@languageStringId,'English','Entitlement rules are not selected for the leave type. Please check in system configurations.');

/*Data for the table `system_language_strings` */
INSERT INTO `system_language_strings`(`language_string`,`language_string_type`,`system_module_id`,`screen_name`) VALUES
('Apply restriction rules are not selected for the leave type. Please check in system configurations.', 'display_string', '4', 'Leave Rules Screen');

SET @languageStringId = LAST_INSERT_ID();

INSERT INTO `system_language_translations`(`language_string_id`,`language_name`,`translated_string`) VALUES
(@languageStringId,'English','Apply restriction rules are not selected for the leave type. Please check in system configurations.');

/*Data for the table `system_language_strings` */
INSERT INTO `system_language_strings`(`language_string`,`language_string_type`,`system_module_id`,`screen_name`) VALUES
('Supervisor Details', 'display_string', '4', 'Supervisor Details Screen');

SET @languageStringId = LAST_INSERT_ID();

INSERT INTO `system_language_translations`(`language_string_id`,`language_name`,`translated_string`) VALUES
(@languageStringId,'English','Supervisor Details');

/*Data for the table `system_language_strings` */
INSERT INTO `system_language_strings`(`language_string`,`language_string_type`,`system_module_id`,`screen_name`) VALUES
('First Level Supervisor', 'display_string', '4', 'Supervisor Details Screen');

SET @languageStringId = LAST_INSERT_ID();

INSERT INTO `system_language_translations`(`language_string_id`,`language_name`,`translated_string`) VALUES
(@languageStringId,'English','First Level Supervisor');

/*Data for the table `system_language_strings` */
INSERT INTO `system_language_strings`(`language_string`,`language_string_type`,`system_module_id`,`screen_name`) VALUES
('Second Level Supervisor', 'display_string', '4', 'Supervisor Details Screen');

SET @languageStringId = LAST_INSERT_ID();

INSERT INTO `system_language_translations`(`language_string_id`,`language_name`,`translated_string`) VALUES
(@languageStringId,'English','Second Level Supervisor');

/*Data for the table `system_language_strings` */
INSERT INTO `system_language_strings`(`language_string`,`language_string_type`,`system_module_id`,`screen_name`) VALUES
('Third Level Supervisor', 'display_string', '4', 'Supervisor Details Screen');

SET @languageStringId = LAST_INSERT_ID();

INSERT INTO `system_language_translations`(`language_string_id`,`language_name`,`translated_string`) VALUES
(@languageStringId,'English','Third Level Supervisor');

/*Data for the table `system_language_strings` */
INSERT INTO `system_language_strings`(`language_string`,`language_string_type`,`system_module_id`,`screen_name`) VALUES
('Previous Supervisors', 'display_string', '4', 'Supervisor Details Screen');

SET @languageStringId = LAST_INSERT_ID();

INSERT INTO `system_language_translations`(`language_string_id`,`language_name`,`translated_string`) VALUES
(@languageStringId,'English','Previous Supervisors');

/*Data for the table `system_language_strings` */
INSERT INTO `system_language_strings`(`language_string`,`language_string_type`,`system_module_id`,`screen_name`) VALUES
('Supervisor Name', 'display_string', '4', 'Supervisor Details Screen');

SET @languageStringId = LAST_INSERT_ID();

INSERT INTO `system_language_translations`(`language_string_id`,`language_name`,`translated_string`) VALUES
(@languageStringId,'English','Supervisor Name');

/*Data for the table `system_language_strings` */
INSERT INTO `system_language_strings`(`language_string`,`language_string_type`,`system_module_id`,`screen_name`) VALUES
('Supervisor Type', 'display_string', '4', 'Supervisor Details Screen');

SET @languageStringId = LAST_INSERT_ID();

INSERT INTO `system_language_translations`(`language_string_id`,`language_name`,`translated_string`) VALUES
(@languageStringId,'English','Supervisor Type');

/*Data for the table `system_language_strings` */
INSERT INTO `system_language_strings`(`language_string`,`language_string_type`,`system_module_id`,`screen_name`) VALUES
('Supervisor History Details', 'display_string', '4', 'Supervisor Details Screen');

SET @languageStringId = LAST_INSERT_ID();

INSERT INTO `system_language_translations`(`language_string_id`,`language_name`,`translated_string`) VALUES
(@languageStringId,'English','Supervisor History Details');

/*Data for the table `system_language_strings` */
INSERT INTO `system_language_strings`(`language_string`,`language_string_type`,`system_module_id`,`screen_name`) VALUES
('HR Workflows', 'display_string', '4', 'HR Workflows Screen');

SET @languageStringId = LAST_INSERT_ID();

INSERT INTO `system_language_translations`(`language_string_id`,`language_name`,`translated_string`) VALUES
(@languageStringId,'English','HR Workflows');

/*Data for the table `system_language_strings` */
INSERT INTO `system_language_strings`(`language_string`,`language_string_type`,`system_module_id`,`screen_name`) VALUES
('Workflow Details', 'display_string', '4', 'HR Workflows Screen');

SET @languageStringId = LAST_INSERT_ID();

INSERT INTO `system_language_translations`(`language_string_id`,`language_name`,`translated_string`) VALUES
(@languageStringId,'English','Workflow Details');

/*Data for the table `system_language_strings` */
INSERT INTO `system_language_strings`(`language_string`,`language_string_type`,`system_module_id`,`screen_name`) VALUES
('Workflows', 'display_string', '4', 'HR Workflows Screen');

SET @languageStringId = LAST_INSERT_ID();

INSERT INTO `system_language_translations`(`language_string_id`,`language_name`,`translated_string`) VALUES
(@languageStringId,'English','Workflows');

/*Data for the table `system_language_strings` */
INSERT INTO `system_language_strings`(`language_string`,`language_string_type`,`system_module_id`,`screen_name`) VALUES
('Workflow Name', 'display_string', '4', 'HR Workflows Screen');

SET @languageStringId = LAST_INSERT_ID();

INSERT INTO `system_language_translations`(`language_string_id`,`language_name`,`translated_string`) VALUES
(@languageStringId,'English','Workflow Name');

/*Data for the table `system_language_strings` */
INSERT INTO `system_language_strings`(`language_string`,`language_string_type`,`system_module_id`,`screen_name`) VALUES
('Add New Workflow', 'display_string', '4', 'HR Workflows Screen');

SET @languageStringId = LAST_INSERT_ID();

INSERT INTO `system_language_translations`(`language_string_id`,`language_name`,`translated_string`) VALUES
(@languageStringId,'English','Add New Workflow');

/*Data for the table `system_language_strings` */
INSERT INTO `system_language_strings`(`language_string`,`language_string_type`,`system_module_id`,`screen_name`) VALUES
('Supervisor Levels', 'display_string', '4', 'HR Workflows Screen');

SET @languageStringId = LAST_INSERT_ID();

INSERT INTO `system_language_translations`(`language_string_id`,`language_name`,`translated_string`) VALUES
(@languageStringId,'English','Supervisor Levels');

/*Data for the table `system_language_strings` */
INSERT INTO `system_language_strings`(`language_string`,`language_string_type`,`system_module_id`,`screen_name`) VALUES
('Add New Level', 'display_string', '4', 'HR Workflows Screen');

SET @languageStringId = LAST_INSERT_ID();

INSERT INTO `system_language_translations`(`language_string_id`,`language_name`,`translated_string`) VALUES
(@languageStringId,'English','Add New Level');

/*Data for the table `system_language_strings` */
INSERT INTO `system_language_strings`(`language_string`,`language_string_type`,`system_module_id`,`screen_name`) VALUES
('Clear', 'display_string', '4', 'HR Workflows Screen');

SET @languageStringId = LAST_INSERT_ID();

INSERT INTO `system_language_translations`(`language_string_id`,`language_name`,`translated_string`) VALUES
(@languageStringId,'English','Clear');

/*Data for the table `system_language_strings` */
INSERT INTO `system_language_strings`(`language_string`,`language_string_type`,`system_module_id`,`screen_name`) VALUES
('Current Level', 'display_string', '4', 'HR Workflows Screen');

SET @languageStringId = LAST_INSERT_ID();

INSERT INTO `system_language_translations`(`language_string_id`,`language_name`,`translated_string`) VALUES
(@languageStringId,'English','Current Level');

/*Data for the table `system_language_strings` */
INSERT INTO `system_language_strings`(`language_string`,`language_string_type`,`system_module_id`,`screen_name`) VALUES
('Workflow', 'display_string', '4', 'HR Workflows Screen');

SET @languageStringId = LAST_INSERT_ID();

INSERT INTO `system_language_translations`(`language_string_id`,`language_name`,`translated_string`) VALUES
(@languageStringId,'English','Workflow');

/*Data for the table `system_language_strings` */
INSERT INTO `system_language_strings`(`language_string`,`language_string_type`,`system_module_id`,`screen_name`) VALUES
('Workflow Design', 'display_string', '4', 'HR Workflows Screen');

SET @languageStringId = LAST_INSERT_ID();

INSERT INTO `system_language_translations`(`language_string_id`,`language_name`,`translated_string`) VALUES
(@languageStringId,'English','Workflow Design');

/*Data for the table `system_language_strings` */
INSERT INTO `system_language_strings`(`language_string`,`language_string_type`,`system_module_id`,`screen_name`) VALUES
('Leave Entitlements', 'display_string', '4', 'Leave Rules Screen');

SET @languageStringId = LAST_INSERT_ID();

INSERT INTO `system_language_translations`(`language_string_id`,`language_name`,`translated_string`) VALUES
(@languageStringId,'English','Leave Entitlements');

/*Data for the table `system_language_strings` */
INSERT INTO `system_language_strings`(`language_string`,`language_string_type`,`system_module_id`,`screen_name`) VALUES
('Leave Approval Workflows', 'display_string', '4', 'Leave Rules Screen');

SET @languageStringId = LAST_INSERT_ID();

INSERT INTO `system_language_translations`(`language_string_id`,`language_name`,`translated_string`) VALUES
(@languageStringId,'English','Leave Approval Workflows');

/*Data for the table `system_language_strings` */
INSERT INTO `system_language_strings`(`language_string`,`language_string_type`,`system_module_id`,`screen_name`) VALUES
('Entitlement Amount', 'display_string', '4', 'Leave Rules Screen');

SET @languageStringId = LAST_INSERT_ID();

INSERT INTO `system_language_translations`(`language_string_id`,`language_name`,`translated_string`) VALUES
(@languageStringId,'English','Entitlement Amount');

/*Data for the table `system_language_strings` */
INSERT INTO `system_language_strings`(`language_string`,`language_string_type`,`system_module_id`,`screen_name`) VALUES
('Select Gift Vouchers', 'display_string', '2', 'Sales Invoice Screen');

SET @languageStringId = LAST_INSERT_ID();

INSERT INTO `system_language_translations`(`language_string_id`,`language_name`,`translated_string`) VALUES
(@languageStringId,'English','Select Gift Vouchers');

/*Data for the table `system_language_strings` */
INSERT INTO `system_language_strings`(`language_string`,`language_string_type`,`system_module_id`,`screen_name`) VALUES
('Gift Vouchers', 'display_string', '2', 'Sales Invoice Screen');

SET @languageStringId = LAST_INSERT_ID();

INSERT INTO `system_language_translations`(`language_string_id`,`language_name`,`translated_string`) VALUES
(@languageStringId,'English','Gift Vouchers');

/*Data for the table `system_language_strings` */
INSERT INTO `system_language_strings`(`language_string`,`language_string_type`,`system_module_id`,`screen_name`) VALUES
('Sales invoice gift voucher payment for finish good', 'display_string', '2', 'System Configurations Screen');

SET @languageStringId = LAST_INSERT_ID();

INSERT INTO `system_language_translations`(`language_string_id`,`language_name`,`translated_string`) VALUES
(@languageStringId,'English','Sales invoice gift voucher payment for finish good');

/*Data for the table `system_language_strings` */
INSERT INTO `system_language_strings`(`language_string`,`language_string_type`,`system_module_id`,`screen_name`) VALUES
(' for sales invoice gift voucher payment', 'display_string', '2', 'Sales Invoice Screen');

SET @languageStringId = LAST_INSERT_ID();

INSERT INTO `system_language_translations`(`language_string_id`,`language_name`,`translated_string`) VALUES
(@languageStringId,'English',' for sales invoice gift voucher payment');

/*Data for the table `system_language_strings` */
INSERT INTO `system_language_strings`(`language_string`,`language_string_type`,`system_module_id`,`screen_name`) VALUES
('POS Gift Voucher Payment', 'display_string', '2', 'Sales Invoice Screen');

SET @languageStringId = LAST_INSERT_ID();

INSERT INTO `system_language_translations`(`language_string_id`,`language_name`,`translated_string`) VALUES
(@languageStringId,'English','POS Gift Voucher Payment');

INSERT INTO `system_common_configurations`(`config_filed_name`, `config_filed_value`) VALUES
('fg_minus_stocks_should_be_authorized_before_update_stock', 'No'),
('fg_minus_stock_update_authorizer_id', '0'),
('minus_stock_update_authorization_validity_period_in_days', '0');

/*Data for the table `system_language_strings` */
INSERT INTO `system_language_strings`(`language_string`,`language_string_type`,`system_module_id`,`screen_name`) VALUES
('Duplicate leave entitlement filter combination identified!', 'message', '4', 'Leave Rules Screen');

SET @languageStringId = LAST_INSERT_ID();

INSERT INTO `system_language_translations`(`language_string_id`,`language_name`,`translated_string`) VALUES
(@languageStringId,'English','Duplicate leave entitlement filter combination identified!');

/*Data for the table `system_language_strings` */
INSERT INTO `system_language_strings`(`language_string`,`language_string_type`,`system_module_id`,`screen_name`) VALUES
('Duplicate leave approval workflow filter combination identified!', 'message', '4', 'Leave Rules Screen');

SET @languageStringId = LAST_INSERT_ID();

INSERT INTO `system_language_translations`(`language_string_id`,`language_name`,`translated_string`) VALUES
(@languageStringId,'English','Duplicate leave approval workflow filter combination identified!');

/*Data for the table `system_language_strings` */
INSERT INTO `system_language_strings`(`language_string`,`language_string_type`,`system_module_id`,`screen_name`) VALUES
('Leave Approval Workflow', 'display_string', '4', 'Leave Rules Screen');

SET @languageStringId = LAST_INSERT_ID();

INSERT INTO `system_language_translations`(`language_string_id`,`language_name`,`translated_string`) VALUES
(@languageStringId,'English','Leave Approval Workflow');

/*Data for the table `system_language_strings` */
INSERT INTO `system_language_strings`(`language_string`,`language_string_type`,`system_module_id`,`screen_name`) VALUES
('Check Ability To Do Stock Update', 'display_string', '2', 'Warehouse Stock Balance Update Screen');

SET @languageStringId = LAST_INSERT_ID();

INSERT INTO `system_language_translations`(`language_string_id`,`language_name`,`translated_string`) VALUES
(@languageStringId,'English','Check Ability To Do Stock Update');

/*Data for the table `system_language_strings` */
INSERT INTO `system_language_strings`(`language_string`,`language_string_type`,`system_module_id`,`screen_name`) VALUES
('Check Ability to Update Stock', 'display_string', '2', 'Warehouse Stock Balance Update Screen');

SET @languageStringId = LAST_INSERT_ID();

INSERT INTO `system_language_translations`(`language_string_id`,`language_name`,`translated_string`) VALUES
(@languageStringId,'English','Check Ability to Update Stock');

/*Data for the table `system_language_strings` */
INSERT INTO `system_language_strings`(`language_string`,`language_string_type`,`system_module_id`,`screen_name`) VALUES
('Authorize Stock Update', 'display_string', '2', 'Warehouse Stock Balance Update Screen');

SET @languageStringId = LAST_INSERT_ID();

INSERT INTO `system_language_translations`(`language_string_id`,`language_name`,`translated_string`) VALUES
(@languageStringId,'English','Authorize Stock Update');

/*Data for the table `system_language_strings` */
INSERT INTO `system_language_strings`(`language_string`,`language_string_type`,`system_module_id`,`screen_name`) VALUES
('Authorizer Username', 'display_string', '2', 'Warehouse Stock Balance Update Screen');

SET @languageStringId = LAST_INSERT_ID();

INSERT INTO `system_language_translations`(`language_string_id`,`language_name`,`translated_string`) VALUES
(@languageStringId,'English','Authorizer Username');

/*Data for the table `system_language_strings` */
INSERT INTO `system_language_strings`(`language_string`,`language_string_type`,`system_module_id`,`screen_name`) VALUES
('Authorizer Password', 'display_string', '2', 'Warehouse Stock Balance Update Screen');

SET @languageStringId = LAST_INSERT_ID();

INSERT INTO `system_language_translations`(`language_string_id`,`language_name`,`translated_string`) VALUES
(@languageStringId,'English','Authorizer Password');

/*Data for the table `system_language_strings` */
INSERT INTO `system_language_strings`(`language_string`,`language_string_type`,`system_module_id`,`screen_name`) VALUES
('Authorize', 'display_string', '2', 'Warehouse Stock Balance Update Screen');

SET @languageStringId = LAST_INSERT_ID();

INSERT INTO `system_language_translations`(`language_string_id`,`language_name`,`translated_string`) VALUES
(@languageStringId,'English','Authorize');

/*Data for the table `system_language_strings` */
INSERT INTO `system_language_strings`(`language_string`,`language_string_type`,`system_module_id`,`screen_name`) VALUES
('Stock has minus stock for following items. Minus stocks must be authorized before update the stock.', 'display_string', '2', 'Warehouse Stock Balance Update Screen');

SET @languageStringId = LAST_INSERT_ID();

INSERT INTO `system_language_translations`(`language_string_id`,`language_name`,`translated_string`) VALUES
(@languageStringId,'English','Stock has minus stock for following items. Minus stocks must be authorized before update the stock.');

/*Data for the table `system_language_strings` */
INSERT INTO `system_language_strings`(`language_string`,`language_string_type`,`system_module_id`,`screen_name`) VALUES
('Stock does not have minus stock for any item. User can proceed and do the stock update.', 'display_string', '2', 'Warehouse Stock Balance Update Screen');

SET @languageStringId = LAST_INSERT_ID();

INSERT INTO `system_language_translations`(`language_string_id`,`language_name`,`translated_string`) VALUES
(@languageStringId,'English','Stock does not have minus stock for any item. User can proceed and do the stock update.');

/*Data for the table `system_language_strings` */
INSERT INTO `system_language_strings`(`language_string`,`language_string_type`,`system_module_id`,`screen_name`) VALUES
('Stock has minus stock for some items. Minus stocks must be authorized before update the stock.', 'display_string', '2', 'Warehouse Stock Balance Update Screen');

SET @languageStringId = LAST_INSERT_ID();

INSERT INTO `system_language_translations`(`language_string_id`,`language_name`,`translated_string`) VALUES
(@languageStringId,'English','Stock has minus stock for some items. Minus stocks must be authorized before update the stock.');

/*Data for the table `system_language_strings` */
INSERT INTO `system_language_strings`(`language_string`,`language_string_type`,`system_module_id`,`screen_name`) VALUES
('Minus stocks should be authorized before do a stock update', 'display_string', '2', 'System Configurations Screen');

SET @languageStringId = LAST_INSERT_ID();

INSERT INTO `system_language_translations`(`language_string_id`,`language_name`,`translated_string`) VALUES
(@languageStringId,'English','Minus stocks should be authorized before do a stock update');

/*Data for the table `system_language_strings` */
INSERT INTO `system_language_strings`(`language_string`,`language_string_type`,`system_module_id`,`screen_name`) VALUES
('Stock Update Authorizor', 'display_string', '2', 'System Configurations Screen');

SET @languageStringId = LAST_INSERT_ID();

INSERT INTO `system_language_translations`(`language_string_id`,`language_name`,`translated_string`) VALUES
(@languageStringId,'English','Stock Update Authorizor');

/*Data for the table `system_language_strings` */
INSERT INTO `system_language_strings`(`language_string`,`language_string_type`,`system_module_id`,`screen_name`) VALUES
('Minus Stock Update Authorization Validity Period in Days', 'display_string', '2', 'System Configurations Screen');

SET @languageStringId = LAST_INSERT_ID();

INSERT INTO `system_language_translations`(`language_string_id`,`language_name`,`translated_string`) VALUES
(@languageStringId,'English','Minus Stock Update Authorization Validity Period in Days');

/*Data for the table `system_language_strings` */
INSERT INTO `system_language_strings`(`language_string`,`language_string_type`,`system_module_id`,`screen_name`) VALUES
('successfully_authorized', 'message', '2', 'Warehouse Stock Balance Update Screen');

SET @languageStringId = LAST_INSERT_ID();

INSERT INTO `system_language_translations`(`language_string_id`,`language_name`,`translated_string`) VALUES
(@languageStringId,'English','Successfully authorized');

/*Data for the table `system_language_strings` */
INSERT INTO `system_language_strings`(`language_string`,`language_string_type`,`system_module_id`,`screen_name`) VALUES
('unauthorized_user', 'message', '2', 'Warehouse Stock Balance Update Screen');

SET @languageStringId = LAST_INSERT_ID();

INSERT INTO `system_language_translations`(`language_string_id`,`language_name`,`translated_string`) VALUES
(@languageStringId,'English','This user is not allowed to authorize the stock update');

/*Data for the table `system_module_section_features` */
INSERT  INTO `system_module_section_features`(`module_section_feature_id`, `module_section_id`, `module_section_feature_name`, `showing_status`) VALUES
(186, 8, 'Journal Entry Bulk Upload', 'Yes');

/*Data for the table `system_language_strings` */
INSERT INTO `system_language_strings`(`language_string`,`language_string_type`,`system_module_id`,`screen_name`) VALUES
('Search Journal Entries', 'display_string', '7', 'Journal Entries Screen');

SET @languageStringId = LAST_INSERT_ID();

INSERT INTO `system_language_translations`(`language_string_id`,`language_name`,`translated_string`) VALUES
(@languageStringId,'English','Search Journal Entries');

/*Data for the table `system_language_strings` */
INSERT INTO `system_language_strings`(`language_string`,`language_string_type`,`system_module_id`,`screen_name`) VALUES
('TLD Distribution Print Status', 'display_string', '6', 'Distribute TLDs Screen');

SET @languageStringId = LAST_INSERT_ID();

INSERT INTO `system_language_translations`(`language_string_id`,`language_name`,`translated_string`) VALUES
(@languageStringId,'English','TLD Distribution Print Status');

/*Data for the table `system_language_strings` */
INSERT INTO `system_language_strings`(`language_string`,`language_string_type`,`system_module_id`,`screen_name`) VALUES
('Journal Entry Bulk Upload', 'display_string', '7', 'Journal Entry Bulk Upload Screen');

SET @languageStringId = LAST_INSERT_ID();

INSERT INTO `system_language_translations`(`language_string_id`,`language_name`,`translated_string`) VALUES
(@languageStringId,'English','Journal Entry Bulk Upload');

/*Data for the table `system_language_strings` */
INSERT INTO `system_language_strings`(`language_string`,`language_string_type`,`system_module_id`,`screen_name`) VALUES
('Select Journal Entries File To Import Data', 'display_string', '7', 'Journal Entry Bulk Upload Screen');

SET @languageStringId = LAST_INSERT_ID();

INSERT INTO `system_language_translations`(`language_string_id`,`language_name`,`translated_string`) VALUES
(@languageStringId,'English','Select Journal Entries File To Import Data');

/*Data for the table `system_language_strings` */
INSERT INTO `system_language_strings`(`language_string`,`language_string_type`,`system_module_id`,`screen_name`) VALUES
('New Journal Entry Bulk Upload', 'display_string', '7', 'Journal Entry Bulk Upload Screen');

SET @languageStringId = LAST_INSERT_ID();

INSERT INTO `system_language_translations`(`language_string_id`,`language_name`,`translated_string`) VALUES
(@languageStringId,'English','New Journal Entry Bulk Upload');

/*Data for the table `system_language_strings` */
INSERT INTO `system_language_strings`(`language_string`,`language_string_type`,`system_module_id`,`screen_name`) VALUES
('journal entry bulk upload', 'message', '7', 'Journal Entry Bulk Upload Screen');

SET @languageStringId = LAST_INSERT_ID();

INSERT INTO `system_language_translations`(`language_string_id`,`language_name`,`translated_string`) VALUES
(@languageStringId,'English','journal entry bulk upload');

/*Data for the table `system_language_strings` */
INSERT INTO `system_language_strings`(`language_string`,`language_string_type`,`system_module_id`,`screen_name`) VALUES
('Uploaded User', 'display_string', '7', 'Journal Entry Bulk Upload Screen');

SET @languageStringId = LAST_INSERT_ID();

INSERT INTO `system_language_translations`(`language_string_id`,`language_name`,`translated_string`) VALUES
(@languageStringId,'English','Uploaded User');

/*Data for the table `system_language_strings` */
INSERT INTO `system_language_strings`(`language_string`,`language_string_type`,`system_module_id`,`screen_name`) VALUES
('Uploaded Date', 'display_string', '7', 'Journal Entry Bulk Upload Screen');

SET @languageStringId = LAST_INSERT_ID();

INSERT INTO `system_language_translations`(`language_string_id`,`language_name`,`translated_string`) VALUES
(@languageStringId,'English','Uploaded Date');

/*Data for the table `system_language_strings` */
INSERT INTO `system_language_strings`(`language_string`,`language_string_type`,`system_module_id`,`screen_name`) VALUES
('Posted User', 'display_string', '7', 'Journal Entry Bulk Upload Screen');

SET @languageStringId = LAST_INSERT_ID();

INSERT INTO `system_language_translations`(`language_string_id`,`language_name`,`translated_string`) VALUES
(@languageStringId,'English','Posted User');

/*Data for the table `system_language_strings` */
INSERT INTO `system_language_strings`(`language_string`,`language_string_type`,`system_module_id`,`screen_name`) VALUES
('Posted Date', 'display_string', '7', 'Journal Entry Bulk Upload Screen');

SET @languageStringId = LAST_INSERT_ID();

INSERT INTO `system_language_translations`(`language_string_id`,`language_name`,`translated_string`) VALUES
(@languageStringId,'English','Posted Date');

/*Data for the table `system_language_strings` */
INSERT INTO `system_language_strings`(`language_string`,`language_string_type`,`system_module_id`,`screen_name`) VALUES
('Pre-post', 'display_string', '7', 'Journal Entry Bulk Upload Screen');

SET @languageStringId = LAST_INSERT_ID();

INSERT INTO `system_language_translations`(`language_string_id`,`language_name`,`translated_string`) VALUES
(@languageStringId,'English','Pre-post');

/*Data for the table `system_language_strings` */
INSERT INTO `system_language_strings`(`language_string`,`language_string_type`,`system_module_id`,`screen_name`) VALUES
('Rollback', 'display_string', '7', 'Journal Entry Bulk Upload Screen');

SET @languageStringId = LAST_INSERT_ID();

INSERT INTO `system_language_translations`(`language_string_id`,`language_name`,`translated_string`) VALUES
(@languageStringId,'English','Rollback');

/*Data for the table `system_language_strings` */
INSERT INTO `system_language_strings`(`language_string`,`language_string_type`,`system_module_id`,`screen_name`) VALUES
('Post', 'display_string', '7', 'Journal Entry Bulk Upload Screen');

SET @languageStringId = LAST_INSERT_ID();

INSERT INTO `system_language_translations`(`language_string_id`,`language_name`,`translated_string`) VALUES
(@languageStringId,'English','Post');

/*Data for the table `system_language_strings` */
INSERT INTO `system_language_strings`(`language_string`,`language_string_type`,`system_module_id`,`screen_name`) VALUES
('Journal Entry Bulk Upload Preview', 'display_string', '7', 'Journal Entry Bulk Upload Screen');

SET @languageStringId = LAST_INSERT_ID();

INSERT INTO `system_language_translations`(`language_string_id`,`language_name`,`translated_string`) VALUES
(@languageStringId,'English','Journal Entry Bulk Upload Preview');

/*Data for the table `system_language_strings` */
INSERT INTO `system_language_strings`(`language_string`,`language_string_type`,`system_module_id`,`screen_name`) VALUES
('Data successfully loaded to import journal entries. Reveiw the entries and complete journal entry post.', 'message', '7', 'Journal Entry Bulk Upload Screen');

SET @languageStringId = LAST_INSERT_ID();

INSERT INTO `system_language_translations`(`language_string_id`,`language_name`,`translated_string`) VALUES
(@languageStringId,'English','Data successfully loaded to import journal entries. Reveiw the entries and complete journal entry post.');

/*Data for the table `system_language_strings` */
INSERT INTO `system_language_strings`(`language_string`,`language_string_type`,`system_module_id`,`screen_name`) VALUES
('Stakeholder Name', 'display_string', '7', 'Journal Entry Bulk Upload Screen');

SET @languageStringId = LAST_INSERT_ID();

INSERT INTO `system_language_translations`(`language_string_id`,`language_name`,`translated_string`) VALUES
(@languageStringId,'English','Stakeholder Name');

/*Data for the table `system_language_strings` */
INSERT INTO `system_language_strings`(`language_string`,`language_string_type`,`system_module_id`,`screen_name`) VALUES
('Reference Transaction Reference No', 'display_string', '7', 'Journal Entry Bulk Upload Screen');

SET @languageStringId = LAST_INSERT_ID();

INSERT INTO `system_language_translations`(`language_string_id`,`language_name`,`translated_string`) VALUES
(@languageStringId,'English','Reference Transaction Reference No');

/*Data for the table `system_language_strings` */
INSERT INTO `system_language_strings`(`language_string`,`language_string_type`,`system_module_id`,`screen_name`) VALUES
('Journal entry pre-post is successfully done. Please review reports and post if everything is ok. Othervise rollback the action and re-check the journal entry bulk upload.', 'message', '7', 'Journal Entry Bulk Upload Screen');

SET @languageStringId = LAST_INSERT_ID();

INSERT INTO `system_language_translations`(`language_string_id`,`language_name`,`translated_string`) VALUES
(@languageStringId,'English','Journal entry pre-post is successfully done. Please review reports and post if everything is ok. Othervise rollback the action and re-check the journal entry bulk upload.');

/*Data for the table `system_language_strings` */
INSERT INTO `system_language_strings`(`language_string`,`language_string_type`,`system_module_id`,`screen_name`) VALUES
('Journal entry pre-post rollback is successful.', 'message', '7', 'Journal Entry Bulk Upload Screen');

SET @languageStringId = LAST_INSERT_ID();

INSERT INTO `system_language_translations`(`language_string_id`,`language_name`,`translated_string`) VALUES
(@languageStringId,'English','Journal entry pre-post rollback is successful.');

/*Data for the table `system_language_strings` */
INSERT INTO `system_language_strings`(`language_string`,`language_string_type`,`system_module_id`,`screen_name`) VALUES
('Journal entry bulk upload already pre-posted.', 'message', '7', 'Journal Entry Bulk Upload Screen');

SET @languageStringId = LAST_INSERT_ID();

INSERT INTO `system_language_translations`(`language_string_id`,`language_name`,`translated_string`) VALUES
(@languageStringId,'English','Journal entry bulk upload already pre-posted.');

/*Data for the table `system_language_strings` */
INSERT INTO `system_language_strings`(`language_string`,`language_string_type`,`system_module_id`,`screen_name`) VALUES
('Journal entry bulk upload already pre-posted. Please rollback before try to delete.', 'message', '7', 'Journal Entry Bulk Upload Screen');

SET @languageStringId = LAST_INSERT_ID();

INSERT INTO `system_language_translations`(`language_string_id`,`language_name`,`translated_string`) VALUES
(@languageStringId,'English','Journal entry bulk upload already pre-posted. Please rollback before try to delete.');

/*Data for the table `system_language_strings` */
INSERT INTO `system_language_strings`(`language_string`,`language_string_type`,`system_module_id`,`screen_name`) VALUES
('Journal entry bulk upload successfully posted.', 'message', '7', 'Journal Entry Bulk Upload Screen');

SET @languageStringId = LAST_INSERT_ID();

INSERT INTO `system_language_translations`(`language_string_id`,`language_name`,`translated_string`) VALUES
(@languageStringId,'English','Journal entry bulk upload successfully posted.');

/*Data for the table `system_language_strings` */
INSERT INTO `system_language_strings`(`language_string`,`language_string_type`,`system_module_id`,`screen_name`) VALUES
('Are you sure you want to complete journal entry bulk post? Please note that after posting you cannot rollback.', 'message', '7', 'Journal Entry Bulk Upload Screen');

SET @languageStringId = LAST_INSERT_ID();

INSERT INTO `system_language_translations`(`language_string_id`,`language_name`,`translated_string`) VALUES
(@languageStringId,'English','Are you sure you want to complete journal entry bulk post? Please note that after posting you cannot rollback.');

/*Data for the table `system_language_strings` */
INSERT INTO `system_language_strings`(`language_string`,`language_string_type`,`system_module_id`,`screen_name`) VALUES
('Import Journal Entries', 'display_string', '7', 'Journal Entry Bulk Upload Screen');

SET @languageStringId = LAST_INSERT_ID();

INSERT INTO `system_language_translations`(`language_string_id`,`language_name`,`translated_string`) VALUES
(@languageStringId,'English','Import Journal Entries');

UPDATE `system_language_translations` SET `translated_string` =  "Data import workbook has errors. Please click on Download Data Import Workbook Error Log File button to see errors and take required actions before re-upload." WHERE `language_string_id` = '2860';