
/*Update version number*/
UPDATE `system_common_configurations` SET `config_filed_value` =  '1.1' WHERE id = 1;
UPDATE `system_common_configurations` SET `config_filed_value` =  '10.0 Beta 2' WHERE id = 2;

INSERT INTO `system_common_configurations`(`config_filed_name`, `config_filed_value`) VALUES
('tld_rentals_distribute_tld_reference_no_auto_increment', 'No'),
('tld_rentals_distribute_tld_reference_no_starting_code', ''),
('tld_rentals_distribute_tld_reference_no_separator', ''),
('tld_rentals_distribute_tld_reference_no_starting_number', ''),
('tld_rentals_collect_tld_returns_reference_no_auto_increment', 'No'),
('tld_rentals_collect_tld_returns_reference_no_starting_code', ''),
('tld_rentals_collect_tld_returns_reference_no_separator', ''),
('tld_rentals_collect_tld_returns_reference_no_starting_number', ''),
('rm_raw_material_show_rm_description_wh_stock_balance_table', ''),
('customer_purchase_percentage_for_point_calculation', ''),
('si_allow_to_hold_wholesales_sales_invoice', 'No'),
('si_do_not_allow_to_login_or_logout_when_there_are_onhold_wholesales_sales_invoice', 'No');

INSERT INTO `system_common_configurations`(`config_filed_name`, `config_filed_value`) VALUES
('si_disable_item_wise_discount_feature_in_pos', 'No'),
('si_print_additional_copy_of_sales_invoice_short_bill', 'No');

INSERT INTO `system_common_configurations`(`config_filed_name`, `config_filed_value`) VALUES
('si_cashier_should_balance_with_system_cashier_balance_to_login_to_pos', 'No');

INSERT INTO `system_common_configurations`(`config_filed_name`, `config_filed_value`) VALUES
('fg_show_product_name_translation', 'No'),
('fg_allow_to_enable_disable_products', 'No');

INSERT INTO `system_common_configurations`(`config_filed_name`, `config_filed_value`) VALUES
('allow_to_add_a_collect_tld_return_for_a_partially_returned_tld_distribution', 'No');

INSERT INTO `system_common_configurations`(`config_filed_name`, `config_filed_value`) VALUES
('tld_rentals_dose_reports_reference_no_auto_increment', 'No'),
('tld_rentals_dose_reports_reference_no_starting_code', ''),
('tld_rentals_dose_reports_reference_no_separator', ''),
('tld_rentals_dose_reports_reference_no_starting_number', '');

INSERT INTO `system_common_configurations`(`config_filed_name`, `config_filed_value`) VALUES
('tld_rentals_tld_invoices_reference_no_auto_increment', 'No'),
('tld_rentals_tld_invoices_reference_no_starting_code', ''),
('tld_rentals_tld_invoices_reference_no_separator', ''),
('tld_rentals_tld_invoices_reference_no_starting_number', '');

INSERT INTO `system_common_configurations`(`config_filed_name`, `config_filed_value`) VALUES
('maximum_allowed_product_opening_stock_value', '1000.00'),
('maximum_allowed_product_stock_update_physical_stock_value', '1000.00');

/*Data for the table `system_module_section_features` */
INSERT  INTO `system_module_section_features`(`module_section_feature_id`, `module_section_id`, `module_section_feature_name`, `showing_status`) VALUES
(169, 29, 'TLD Reader Machines', 'Yes');

INSERT INTO `system_common_configurations`(`config_filed_name`, `config_filed_value`) VALUES
('si_round_off_pos_sales_invoice_due_payment', 'No');

INSERT INTO `system_common_configurations`(`config_filed_name`, `config_filed_value`) VALUES
('process_dose_reports_after_import_tld_readings', 'No');

INSERT INTO `system_common_configurations`(`config_filed_name`, `config_filed_value`) VALUES
('si_restrict_pos_credit_invoicing_for_default_customer', 'No'),

('singletld_dose_investigation_limit_lower_margin', '0.06'),
('twotld_dose_investigation_limit_lower_margin', '0.06'),
('fieldextremityring_dose_investigation_limit_lower_margin', '0.06'),
('fieldextremityeye_dose_investigation_limit_lower_margin', '0.06'),

('singletld_onemonth_period_dose_investigation_limit', '1.30'),
('singletld_twomonth_period_dose_investigation_limit', '2.60'),
('singletld_threemonth_period_dose_investigation_limit', '3.90'),

('twotld_onemonth_period_dose_investigation_limit', '1.47'),
('twotld_twomonth_period_dose_investigation_limit', '2.93'),
('twotld_threemonth_period_dose_investigation_limit', '4.45'),

('fieldextremityring_onemonth_period_dose_investigation_limit', '0.06'),
('fieldextremityring_twomonth_period_dose_investigation_limit', '2.60'),
('fieldextremityring_threemonth_period_dose_investigation_limit', '3.90'),

('fieldextremityeye_onemonth_period_dose_investigation_limit', '0.06'),
('fieldextremityeye_twomonth_period_dose_investigation_limit', '2.93'),
('fieldextremityeye_threemonth_period_dose_investigation_limit', '4.45');

INSERT INTO `system_common_configurations`(`config_filed_name`, `config_filed_value`) VALUES
('mail_server_name', ''),
('mail_server_username', ''),
('mail_server_password', ''),

('pmsl_portal_company_registered_email', ''),
('pmsl_portal_company_username', ''),
('pmsl_portal_company_password', ''),

('pmsl_portal_audit_firm_registered_email', ''),
('pmsl_portal_audit_firm_username', ''),
('pmsl_portal_audit_firm_password', ''),
('fg_show_serial_product_column_in_product_list', 'No'),

('pmsl_dose_report_containing_folder_name_in_server', '');

INSERT INTO `system_common_configurations`(`config_filed_name`, `config_filed_value`) VALUES
('si_print_sales_unit_on_sales_invoice_detail_bill', 'No'),
('si_print_markup_price_on_sales_invoice_detail_bill', 'No');

INSERT INTO `system_common_configurations`(`config_filed_name`, `config_filed_value`) VALUES
('parent_liabilities_chart_of_account', ''),
('parent_assets_chart_of_account', ''),
('retained_earnings_chart_of_account', ''),
('trade_debtor_chart_of_account', ''),
('parent_expense_chart_of_account', '');

/*Data for the table `system_language_strings` */
INSERT INTO `system_language_strings`(`language_string`,`language_string_type`,`system_module_id`,`screen_name`) VALUES
('Status change updated successfully!', 'message', '6', 'Manage TLDs Screen');

SET @languageStringId = LAST_INSERT_ID();

INSERT INTO `system_language_translations`(`language_string_id`,`language_name`,`translated_string`) VALUES
(@languageStringId,'English','Status change updated successfully!');

/*Data for the table `system_language_strings` */
INSERT INTO `system_language_strings`(`language_string`,`language_string_type`,`system_module_id`,`screen_name`) VALUES
('Purpose change updated successfully!', 'message', '6', 'Manage TLDs Screen');

SET @languageStringId = LAST_INSERT_ID();

INSERT INTO `system_language_translations`(`language_string_id`,`language_name`,`translated_string`) VALUES
(@languageStringId,'English','Purpose change updated successfully!');

/*Data for the table `system_language_strings` */
INSERT INTO `system_language_strings`(`language_string`,`language_string_type`,`system_module_id`,`screen_name`) VALUES
('Status change from ', 'message', '6', 'Manage TLDs Screen');

SET @languageStringId = LAST_INSERT_ID();

INSERT INTO `system_language_translations`(`language_string_id`,`language_name`,`translated_string`) VALUES
(@languageStringId,'English','Status change from ');

/*Data for the table `system_language_strings` */
INSERT INTO `system_language_strings`(`language_string`,`language_string_type`,`system_module_id`,`screen_name`) VALUES
('Status change from ', 'message', '6', 'Manage TLDs Screen');

SET @languageStringId = LAST_INSERT_ID();

INSERT INTO `system_language_translations`(`language_string_id`,`language_name`,`translated_string`) VALUES
(@languageStringId,'English','Status change from ');

/*Data for the table `system_language_strings` */
INSERT INTO `system_language_strings`(`language_string`,`language_string_type`,`system_module_id`,`screen_name`) VALUES
(' to ', 'message', '6', 'Manage TLDs Screen');

SET @languageStringId = LAST_INSERT_ID();

INSERT INTO `system_language_translations`(`language_string_id`,`language_name`,`translated_string`) VALUES
(@languageStringId,'English',' to ');

/*Data for the table `system_language_strings` */
INSERT INTO `system_language_strings`(`language_string`,`language_string_type`,`system_module_id`,`screen_name`) VALUES
(' is not allowed!', 'message', '6', 'Manage TLDs Screen');

SET @languageStringId = LAST_INSERT_ID();

INSERT INTO `system_language_translations`(`language_string_id`,`language_name`,`translated_string`) VALUES
(@languageStringId,'English',' is not allowed!');

/*Data for the table `system_language_strings` */
INSERT INTO `system_language_strings`(`language_string`,`language_string_type`,`system_module_id`,`screen_name`) VALUES
('Purpose change from ', 'message', '6', 'Manage TLDs Screen');

SET @languageStringId = LAST_INSERT_ID();

INSERT INTO `system_language_translations`(`language_string_id`,`language_name`,`translated_string`) VALUES
(@languageStringId,'English','Purpose change from ');

/*Data for the table `system_language_strings` */
INSERT INTO `system_language_strings`(`language_string`,`language_string_type`,`system_module_id`,`screen_name`) VALUES
('Purchase TLDs', 'display_string', '1', 'External Institutes Screen');

SET @languageStringId = LAST_INSERT_ID();

INSERT INTO `system_language_translations`(`language_string_id`,`language_name`,`translated_string`) VALUES
(@languageStringId,'English','Purchase TLDs');

/*Data for the table `system_language_strings` */
INSERT INTO `system_language_strings`(`language_string`,`language_string_type`,`system_module_id`,`screen_name`) VALUES
('Selected TLD belongs to another institute!', 'message', '6', 'Manage TLDs Screen');

SET @languageStringId = LAST_INSERT_ID();

INSERT INTO `system_language_translations`(`language_string_id`,`language_name`,`translated_string`) VALUES
(@languageStringId,'English','Selected TLD belongs to another institute!');

/*Data for the table `system_language_strings` */
INSERT INTO `system_language_strings`(`language_string`,`language_string_type`,`system_module_id`,`screen_name`) VALUES
('Selected TLD already assigned to this worker or another worker!', 'message', '6', 'Manage TLDs Screen');

SET @languageStringId = LAST_INSERT_ID();

INSERT INTO `system_language_translations`(`language_string_id`,`language_name`,`translated_string`) VALUES
(@languageStringId,'English','Selected TLD already assigned to this worker or another worker!');

/*Data for the table `system_language_strings` */
INSERT INTO `system_language_strings`(`language_string`,`language_string_type`,`system_module_id`,`screen_name`) VALUES
('Selected TLD already assigned to this worker and status is ', 'message', '6', 'Manage TLDs Screen');

SET @languageStringId = LAST_INSERT_ID();

INSERT INTO `system_language_translations`(`language_string_id`,`language_name`,`translated_string`) VALUES
(@languageStringId,'English','Selected TLD already assigned to this worker and status is ');

/*Data for the table `system_language_strings` */
INSERT INTO `system_language_strings`(`language_string`,`language_string_type`,`system_module_id`,`screen_name`) VALUES
('TLD not found in the system!', 'message', '6', 'Manage TLDs Screen');

SET @languageStringId = LAST_INSERT_ID();

INSERT INTO `system_language_translations`(`language_string_id`,`language_name`,`translated_string`) VALUES
(@languageStringId,'English','TLD not found in the system!');

/*Data for the table `system_language_strings` */
INSERT INTO `system_language_strings`(`language_string`,`language_string_type`,`system_module_id`,`screen_name`) VALUES
('3 TLDs already assigned!', 'message', '6', 'Manage TLDs Screen');

SET @languageStringId = LAST_INSERT_ID();

INSERT INTO `system_language_translations`(`language_string_id`,`language_name`,`translated_string`) VALUES
(@languageStringId,'English','3 TLDs already assigned!');

/*Data for the table `system_language_strings` */
INSERT INTO `system_language_strings`(`language_string`,`language_string_type`,`system_module_id`,`screen_name`) VALUES
(' cannot be assigned!', 'message', '6', 'Manage TLDs Screen');

SET @languageStringId = LAST_INSERT_ID();

INSERT INTO `system_language_translations`(`language_string_id`,`language_name`,`translated_string`) VALUES
(@languageStringId,'English',' cannot be assigned!');

/*Data for the table `system_language_strings` */
INSERT INTO `system_language_strings`(`language_string`,`language_string_type`,`system_module_id`,`screen_name`) VALUES
('TLD with the purpose ', 'message', '6', 'Manage TLDs Screen');

SET @languageStringId = LAST_INSERT_ID();

INSERT INTO `system_language_translations`(`language_string_id`,`language_name`,`translated_string`) VALUES
(@languageStringId,'English','TLD with the purpose ');

/*Data for the table `system_language_strings` */
INSERT INTO `system_language_strings`(`language_string`,`language_string_type`,`system_module_id`,`screen_name`) VALUES
(' and the status ', 'message', '6', 'Manage TLDs Screen');

SET @languageStringId = LAST_INSERT_ID();

INSERT INTO `system_language_translations`(`language_string_id`,`language_name`,`translated_string`) VALUES
(@languageStringId,'English',' and the status ');

/*Data for the table `system_language_strings` */
INSERT INTO `system_language_strings`(`language_string`,`language_string_type`,`system_module_id`,`screen_name`) VALUES
('Please select Distribution Method and TLD Type', 'message', '6', 'Manage TLDs Screen');

SET @languageStringId = LAST_INSERT_ID();

INSERT INTO `system_language_translations`(`language_string_id`,`language_name`,`translated_string`) VALUES
(@languageStringId,'English','Please select Distribution Method and TLD Type');

/*Data for the table `system_language_strings` */
INSERT INTO `system_language_strings`(`language_string`,`language_string_type`,`system_module_id`,`screen_name`) VALUES
('Please select a worker', 'message', '6', 'Manage TLDs Screen');

SET @languageStringId = LAST_INSERT_ID();

INSERT INTO `system_language_translations`(`language_string_id`,`language_name`,`translated_string`) VALUES
(@languageStringId,'English','Please select a worker');

/*Data for the table `system_language_strings` */
INSERT INTO `system_language_strings`(`language_string`,`language_string_type`,`system_module_id`,`screen_name`) VALUES
('TLD is not assigned to a worker of the selected institute or it is already given to the field!', 'message', '6', 'Distribute TLDs Screen');

SET @languageStringId = LAST_INSERT_ID();

INSERT INTO `system_language_translations`(`language_string_id`,`language_name`,`translated_string`) VALUES
(@languageStringId,'English','TLD is not assigned to a worker of the selected institute or it is already given to the field!');

/*Data for the table `system_language_strings` */
INSERT INTO `system_language_strings`(`language_string`,`language_string_type`,`system_module_id`,`screen_name`) VALUES
('Please select Distribution Method!', 'message', '6', 'Distribute TLDs Screen');

SET @languageStringId = LAST_INSERT_ID();

INSERT INTO `system_language_translations`(`language_string_id`,`language_name`,`translated_string`) VALUES
(@languageStringId,'English','Please select Distribution Method!');

/*Data for the table `system_language_strings` */
INSERT INTO `system_language_strings`(`language_string`,`language_string_type`,`system_module_id`,`screen_name`) VALUES
('Distribute TLD already in use. ', 'message', '6', 'System Configurations Screen');

SET @languageStringId = LAST_INSERT_ID();

INSERT INTO `system_language_translations`(`language_string_id`,`language_name`,`translated_string`) VALUES
(@languageStringId,'English','Distribute TLD already in use. ');

/*Data for the table `system_language_strings` */
INSERT INTO `system_language_strings`(`language_string`,`language_string_type`,`system_module_id`,`screen_name`) VALUES
('Auto Increment Distribute TLD Reference Number', 'display_string', '6', 'System Configurations Screen');

SET @languageStringId = LAST_INSERT_ID();

INSERT INTO `system_language_translations`(`language_string_id`,`language_name`,`translated_string`) VALUES
(@languageStringId,'English','Auto Increment Distribute TLD Reference Number');

/*Data for the table `system_language_strings` */
INSERT INTO `system_language_strings`(`language_string`,`language_string_type`,`system_module_id`,`screen_name`) VALUES
('Reference No Code is required', 'display_string', '6', 'System Configurations Screen');

SET @languageStringId = LAST_INSERT_ID();

INSERT INTO `system_language_translations`(`language_string_id`,`language_name`,`translated_string`) VALUES
(@languageStringId,'English','Reference No Code is required');

/*Data for the table `system_language_strings` */
INSERT INTO `system_language_strings`(`language_string`,`language_string_type`,`system_module_id`,`screen_name`) VALUES
('Reference No Start Number is required', 'display_string', '6', 'System Configurations Screen');

SET @languageStringId = LAST_INSERT_ID();

INSERT INTO `system_language_translations`(`language_string_id`,`language_name`,`translated_string`) VALUES
(@languageStringId,'English','Reference No Start Number is required');

/*Data for the table `system_language_strings` */
INSERT INTO `system_language_strings`(`language_string`,`language_string_type`,`system_module_id`,`screen_name`) VALUES
('Reference No Start Number should be a number', 'display_string', '6', 'System Configurations Screen');

SET @languageStringId = LAST_INSERT_ID();

INSERT INTO `system_language_translations`(`language_string_id`,`language_name`,`translated_string`) VALUES
(@languageStringId,'English','Reference No Start Number should be a number');

/*Data for the table `system_language_strings` */
INSERT INTO `system_language_strings`(`language_string`,`language_string_type`,`system_module_id`,`screen_name`) VALUES
('Distribution Status', 'display_string', '6', 'Distribute TLDs Screen');

SET @languageStringId = LAST_INSERT_ID();

INSERT INTO `system_language_translations`(`language_string_id`,`language_name`,`translated_string`) VALUES
(@languageStringId,'English','Distribution Status');

/*Data for the table `system_language_strings` */
INSERT INTO `system_language_strings`(`language_string`,`language_string_type`,`system_module_id`,`screen_name`) VALUES
('Verify Distribution', 'display_string', '6', 'Distribute TLDs Screen');

SET @languageStringId = LAST_INSERT_ID();

INSERT INTO `system_language_translations`(`language_string_id`,`language_name`,`translated_string`) VALUES
(@languageStringId,'English','Verify Distribution');

/*Data for the table `system_language_strings` */
INSERT INTO `system_language_strings`(`language_string`,`language_string_type`,`system_module_id`,`screen_name`) VALUES
('Print Distribution', 'display_string', '6', 'Distribute TLDs Screen');

SET @languageStringId = LAST_INSERT_ID();

INSERT INTO `system_language_translations`(`language_string_id`,`language_name`,`translated_string`) VALUES
(@languageStringId,'English','Print Distribution');

/*Data for the table `system_language_strings` */
INSERT INTO `system_language_strings`(`language_string`,`language_string_type`,`system_module_id`,`screen_name`) VALUES
('Print Envelope', 'display_string', '6', 'Distribute TLDs Screen');

SET @languageStringId = LAST_INSERT_ID();

INSERT INTO `system_language_translations`(`language_string_id`,`language_name`,`translated_string`) VALUES
(@languageStringId,'English','Print Envelope');

/*Data for the table `system_language_strings` */
INSERT INTO `system_language_strings`(`language_string`,`language_string_type`,`system_module_id`,`screen_name`) VALUES
('Complete Distribution', 'display_string', '6', 'Distribute TLDs Screen');

SET @languageStringId = LAST_INSERT_ID();

INSERT INTO `system_language_translations`(`language_string_id`,`language_name`,`translated_string`) VALUES
(@languageStringId,'English','Complete Distribution');

/*Data for the table `system_language_strings` */
INSERT INTO `system_language_strings`(`language_string`,`language_string_type`,`system_module_id`,`screen_name`) VALUES
('Search TLD Distributions', 'display_string', '6', 'Distribute TLDs Screen');

SET @languageStringId = LAST_INSERT_ID();

INSERT INTO `system_language_translations`(`language_string_id`,`language_name`,`translated_string`) VALUES
(@languageStringId,'English','Search TLD Distributions');

/*Data for the table `system_language_strings` */
INSERT INTO `system_language_strings`(`language_string`,`language_string_type`,`system_module_id`,`screen_name`) VALUES
('Bulk Print TLD Distributions', 'display_string', '6', 'Distribute TLDs Screen');

SET @languageStringId = LAST_INSERT_ID();

INSERT INTO `system_language_translations`(`language_string_id`,`language_name`,`translated_string`) VALUES
(@languageStringId,'English','Bulk Print TLD Distributions');

/*Data for the table `system_language_strings` */
INSERT INTO `system_language_strings`(`language_string`,`language_string_type`,`system_module_id`,`screen_name`) VALUES
('Bulk Print TLD Distribution Envelopes', 'display_string', '6', 'Distribute TLDs Screen');

SET @languageStringId = LAST_INSERT_ID();

INSERT INTO `system_language_translations`(`language_string_id`,`language_name`,`translated_string`) VALUES
(@languageStringId,'English','Bulk Print TLD Distribution Envelopes');

/*Data for the table `system_language_strings` */
INSERT INTO `system_language_strings`(`language_string`,`language_string_type`,`system_module_id`,`screen_name`) VALUES
('Verify TLD Distribution Information', 'display_string', '6', 'Distribute TLDs Screen');

SET @languageStringId = LAST_INSERT_ID();

INSERT INTO `system_language_translations`(`language_string_id`,`language_name`,`translated_string`) VALUES
(@languageStringId,'English','Verify TLD Distribution Information');

/*Data for the table `system_language_strings` */
INSERT INTO `system_language_strings`(`language_string`,`language_string_type`,`system_module_id`,`screen_name`) VALUES
('TLD Serial Number or ID Number Search', 'display_string', '6', 'Distribute TLDs Screen');

SET @languageStringId = LAST_INSERT_ID();

INSERT INTO `system_language_translations`(`language_string_id`,`language_name`,`translated_string`) VALUES
(@languageStringId,'English','TLD Serial Number or ID Number Search');

/*Data for the table `system_language_strings` */
INSERT INTO `system_language_strings`(`language_string`,`language_string_type`,`system_module_id`,`screen_name`) VALUES
('TLD Serial Number or ID Number', 'display_string', '6', 'Distribute TLDs Screen');

SET @languageStringId = LAST_INSERT_ID();

INSERT INTO `system_language_translations`(`language_string_id`,`language_name`,`translated_string`) VALUES
(@languageStringId,'English','TLD Serial Number or ID Number');

/*Data for the table `system_language_strings` */
INSERT INTO `system_language_strings`(`language_string`,`language_string_type`,`system_module_id`,`screen_name`) VALUES
('Reset for Verification', 'display_string', '6', 'Distribute TLDs Screen');

SET @languageStringId = LAST_INSERT_ID();

INSERT INTO `system_language_translations`(`language_string_id`,`language_name`,`translated_string`) VALUES
(@languageStringId,'English','Reset for Verification');

/*Data for the table `system_language_strings` */
INSERT INTO `system_language_strings`(`language_string`,`language_string_type`,`system_module_id`,`screen_name`) VALUES
('tld_distribution_marked_as_completed', 'message', '6', 'Distribute TLDs Screen');

SET @languageStringId = LAST_INSERT_ID();

INSERT INTO `system_language_translations`(`language_string_id`,`language_name`,`translated_string`) VALUES
(@languageStringId,'English','TLD distribution completed successfully');

/*Data for the table `system_language_strings` */
INSERT INTO `system_language_strings`(`language_string`,`language_string_type`,`system_module_id`,`screen_name`) VALUES
('no_tld_added_for_distribution', 'message', '6', 'Distribute TLDs Screen');

SET @languageStringId = LAST_INSERT_ID();

INSERT INTO `system_language_translations`(`language_string_id`,`language_name`,`translated_string`) VALUES
(@languageStringId,'English','There are no TLDs added for this distribution');

/*Data for the table `system_language_strings` */
INSERT INTO `system_language_strings`(`language_string`,`language_string_type`,`system_module_id`,`screen_name`) VALUES
('Are you sure you want to mark this', 'message', '6', 'Distribute TLDs Screen');

SET @languageStringId = LAST_INSERT_ID();

INSERT INTO `system_language_translations`(`language_string_id`,`language_name`,`translated_string`) VALUES
(@languageStringId,'English','Are you sure you want to mark this');

/*Data for the table `system_language_strings` */
INSERT INTO `system_language_strings`(`language_string`,`language_string_type`,`system_module_id`,`screen_name`) VALUES
('TLD Distribution as completed', 'message', '6', 'Distribute TLDs Screen');

SET @languageStringId = LAST_INSERT_ID();

INSERT INTO `system_language_translations`(`language_string_id`,`language_name`,`translated_string`) VALUES
(@languageStringId,'English','TLD Distribution as completed');

/*Data for the table `system_language_strings` */
INSERT INTO `system_language_strings`(`language_string`,`language_string_type`,`system_module_id`,`screen_name`) VALUES
('tld_added_are_not_verified', 'message', '6', 'Distribute TLDs Screen');

SET @languageStringId = LAST_INSERT_ID();

INSERT INTO `system_language_translations`(`language_string_id`,`language_name`,`translated_string`) VALUES
(@languageStringId,'English','Distribution TLDs are not verified');

/*Data for the table `system_language_strings` */
INSERT INTO `system_language_strings`(`language_string`,`language_string_type`,`system_module_id`,`screen_name`) VALUES
('Single TLD', 'display_string', '1', 'People Screen');

SET @languageStringId = LAST_INSERT_ID();

INSERT INTO `system_language_translations`(`language_string_id`,`language_name`,`translated_string`) VALUES
(@languageStringId,'English','Single TLD');

/*Data for the table `system_language_strings` */
INSERT INTO `system_language_strings`(`language_string`,`language_string_type`,`system_module_id`,`screen_name`) VALUES
('Two TLD', 'display_string', '1', 'People Screen');

SET @languageStringId = LAST_INSERT_ID();

INSERT INTO `system_language_translations`(`language_string_id`,`language_name`,`translated_string`) VALUES
(@languageStringId,'English','Two TLD');

/*Data for the table `system_language_strings` */
INSERT INTO `system_language_strings`(`language_string`,`language_string_type`,`system_module_id`,`screen_name`) VALUES
('Field Extremity Ring', 'display_string', '1', 'People Screen');

SET @languageStringId = LAST_INSERT_ID();

INSERT INTO `system_language_translations`(`language_string_id`,`language_name`,`translated_string`) VALUES
(@languageStringId,'English','Field Extremity Ring');

/*Data for the table `system_language_strings` */
INSERT INTO `system_language_strings`(`language_string`,`language_string_type`,`system_module_id`,`screen_name`) VALUES
('Field Extremity Eye', 'display_string', '1', 'People Screen');

SET @languageStringId = LAST_INSERT_ID();

INSERT INTO `system_language_translations`(`language_string_id`,`language_name`,`translated_string`) VALUES
(@languageStringId,'English','Field Extremity Eye');

/*Data for the table `system_language_strings` */
INSERT INTO `system_language_strings`(`language_string`,`language_string_type`,`system_module_id`,`screen_name`) VALUES
('Field Neutron', 'display_string', '1', 'People Screen');

SET @languageStringId = LAST_INSERT_ID();

INSERT INTO `system_language_translations`(`language_string_id`,`language_name`,`translated_string`) VALUES
(@languageStringId,'English','Field Neutron');

/*Data for the table `system_language_strings` */
INSERT INTO `system_language_strings`(`language_string`,`language_string_type`,`system_module_id`,`screen_name`) VALUES
('Auto Increment Collect TLD Returns Reference Number', 'display_string', '6', 'System Configurations Screen');

SET @languageStringId = LAST_INSERT_ID();

INSERT INTO `system_language_translations`(`language_string_id`,`language_name`,`translated_string`) VALUES
(@languageStringId,'English','Auto Increment Collect TLD Returns Reference Number');

/*Data for the table `system_language_strings` */
INSERT INTO `system_language_strings`(`language_string`,`language_string_type`,`system_module_id`,`screen_name`) VALUES
('Distribute TLD already in use. Therefore, the configuration option is disabled.', 'display_string', '6', 'System Configurations Screen');

SET @languageStringId = LAST_INSERT_ID();

INSERT INTO `system_language_translations`(`language_string_id`,`language_name`,`translated_string`) VALUES
(@languageStringId,'English','Distribute TLD already in use. Therefore, the configuration option is disabled.');

/*Data for the table `system_language_strings` */
INSERT INTO `system_language_strings`(`language_string`,`language_string_type`,`system_module_id`,`screen_name`) VALUES
('Collect TLD Return already in use. Therefore, the configuration option is disabled.', 'display_string', '6', 'System Configurations Screen');

SET @languageStringId = LAST_INSERT_ID();

INSERT INTO `system_language_translations`(`language_string_id`,`language_name`,`translated_string`) VALUES
(@languageStringId,'English','Collect TLD Return already in use. Therefore, the configuration option is disabled.');

/*Data for the table `system_language_strings` */
INSERT INTO `system_language_strings`(`language_string`,`language_string_type`,`system_module_id`,`screen_name`) VALUES
('TLD is not assigned to a worker of the selected institute or it is not given to the field yet!', 'message', '6', 'Collect TLD Returns Screen');

SET @languageStringId = LAST_INSERT_ID();

INSERT INTO `system_language_translations`(`language_string_id`,`language_name`,`translated_string`) VALUES
(@languageStringId,'English','TLD is not assigned to a worker of the selected institute or it is not given to the field yet!');

/*Data for the table `system_language_strings` */
INSERT INTO `system_language_strings`(`language_string`,`language_string_type`,`system_module_id`,`screen_name`) VALUES
('TLD Return already added with Reference No : ', 'message', '6', 'Collect TLD Returns Screen');

SET @languageStringId = LAST_INSERT_ID();

INSERT INTO `system_language_translations`(`language_string_id`,`language_name`,`translated_string`) VALUES
(@languageStringId,'English','TLD Return already added with Reference No : ');

/*Data for the table `system_language_strings` */
INSERT INTO `system_language_strings`(`language_string`,`language_string_type`,`system_module_id`,`screen_name`) VALUES
('tld_return_marked_as_completed', 'message', '6', 'Collect TLD Returns Screen');

SET @languageStringId = LAST_INSERT_ID();

INSERT INTO `system_language_translations`(`language_string_id`,`language_name`,`translated_string`) VALUES
(@languageStringId,'English','TLD Return completed successfully');

/*Data for the table `system_language_strings` */
INSERT INTO `system_language_strings`(`language_string`,`language_string_type`,`system_module_id`,`screen_name`) VALUES
('no_tld_added_for_return', 'message', '6', 'Collect TLD Returns Screen');

SET @languageStringId = LAST_INSERT_ID();

INSERT INTO `system_language_translations`(`language_string_id`,`language_name`,`translated_string`) VALUES
(@languageStringId,'English','There are no TLDs added for this return');

/*Data for the table `system_language_strings` */
INSERT INTO `system_language_strings`(`language_string`,`language_string_type`,`system_module_id`,`screen_name`) VALUES
('TLD Return as completed', 'message', '6', 'Collect TLD Returns Screen');

SET @languageStringId = LAST_INSERT_ID();

INSERT INTO `system_language_translations`(`language_string_id`,`language_name`,`translated_string`) VALUES
(@languageStringId,'English','TLD Return as completed');

/*Data for the table `system_language_strings` */
INSERT INTO `system_language_strings`(`language_string`,`language_string_type`,`system_module_id`,`screen_name`) VALUES
('Show TLD List', 'display_string', '6', 'Manage TLDs Screen');

SET @languageStringId = LAST_INSERT_ID();

INSERT INTO `system_language_translations`(`language_string_id`,`language_name`,`translated_string`) VALUES
(@languageStringId,'English','Show TLD List');

/*Data for the table `system_language_strings` */
INSERT INTO `system_language_strings`(`language_string`,`language_string_type`,`system_module_id`,`screen_name`) VALUES
('Hide TLD List', 'display_string', '6', 'Manage TLDs Screen');

SET @languageStringId = LAST_INSERT_ID();

INSERT INTO `system_language_translations`(`language_string_id`,`language_name`,`translated_string`) VALUES
(@languageStringId,'English','Hide TLD List');

/*Data for the table `system_language_strings` */
INSERT INTO `system_language_strings`(`language_string`,`language_string_type`,`system_module_id`,`screen_name`) VALUES
('Reminder Letters', 'display_string', '6', 'Not Returned TLDs Screen');

SET @languageStringId = LAST_INSERT_ID();

INSERT INTO `system_language_translations`(`language_string_id`,`language_name`,`translated_string`) VALUES
(@languageStringId,'English','Reminder Letters');

/*Data for the table `system_language_strings` */
INSERT INTO `system_language_strings`(`language_string`,`language_string_type`,`system_module_id`,`screen_name`) VALUES
('There are no new TLD readings to import', 'message', '6', 'Import TLD Readings Screen');

SET @languageStringId = LAST_INSERT_ID();

INSERT INTO `system_language_translations`(`language_string_id`,`language_name`,`translated_string`) VALUES
(@languageStringId,'English','There are no new TLD readings to import');

/*Data for the table `system_language_strings` */
INSERT INTO `system_language_strings`(`language_string`,`language_string_type`,`system_module_id`,`screen_name`) VALUES
('TLD data successfuly imported and processed', 'message', '6', 'Import TLD Readings Screen');

SET @languageStringId = LAST_INSERT_ID();

INSERT INTO `system_language_translations`(`language_string_id`,`language_name`,`translated_string`) VALUES
(@languageStringId,'English','TLD data successfuly imported and processed');

/*Data for the table `system_language_strings` */
INSERT INTO `system_language_strings`(`language_string`,`language_string_type`,`system_module_id`,`screen_name`) VALUES
('Search Workers', 'display_string', '1', 'People Screen');

SET @languageStringId = LAST_INSERT_ID();

INSERT INTO `system_language_translations`(`language_string_id`,`language_name`,`translated_string`) VALUES
(@languageStringId,'English','Search Workers');

/*Data for the table `system_language_strings` */
INSERT INTO `system_language_strings`(`language_string`,`language_string_type`,`system_module_id`,`screen_name`) VALUES
('At least one TLD Type should be selected for Worker Requested TLD!', 'message', '1', 'People Screen');

SET @languageStringId = LAST_INSERT_ID();

INSERT INTO `system_language_translations`(`language_string_id`,`language_name`,`translated_string`) VALUES
(@languageStringId,'English','At least one TLD Type should be selected for Worker Requested TLD!');

/*Data for the table `system_language_strings` */
INSERT INTO `system_language_strings`(`language_string`,`language_string_type`,`system_module_id`,`screen_name`) VALUES
('Bulk Print Dose Reports', 'display_string', '6', 'Dose Reports Screen');

SET @languageStringId = LAST_INSERT_ID();

INSERT INTO `system_language_translations`(`language_string_id`,`language_name`,`translated_string`) VALUES
(@languageStringId,'English','Bulk Print Dose Reports');

/*Data for the table `system_language_strings` */
INSERT INTO `system_language_strings`(`language_string`,`language_string_type`,`system_module_id`,`screen_name`) VALUES
('Bulk Print Dose Report Envelopes', 'display_string', '6', 'Dose Reports Screen');

SET @languageStringId = LAST_INSERT_ID();

INSERT INTO `system_language_translations`(`language_string_id`,`language_name`,`translated_string`) VALUES
(@languageStringId,'English','Bulk Print Dose Report Envelopes');

/*Data for the table `system_language_strings` */
INSERT INTO `system_language_strings`(`language_string`,`language_string_type`,`system_module_id`,`screen_name`) VALUES
('Process Dose Reports', 'display_string', '6', 'Dose Reports Screen');

SET @languageStringId = LAST_INSERT_ID();

INSERT INTO `system_language_translations`(`language_string_id`,`language_name`,`translated_string`) VALUES
(@languageStringId,'English','Process Dose Reports');

/*Data for the table `system_language_strings` */
INSERT INTO `system_language_strings`(`language_string`,`language_string_type`,`system_module_id`,`screen_name`) VALUES
('Dose Reports successfully processed', 'message', '6', 'Dose Reports Screen');

SET @languageStringId = LAST_INSERT_ID();

INSERT INTO `system_language_translations`(`language_string_id`,`language_name`,`translated_string`) VALUES
(@languageStringId,'English','Dose Reports successfully processed');

/*Data for the table `system_language_strings` */
INSERT INTO `system_language_strings`(`language_string`,`language_string_type`,`system_module_id`,`screen_name`) VALUES
('Show Raw Material Description in Warehouse Stock Balance Table', 'display_string', '2', 'System Configurations Screen');

SET @languageStringId = LAST_INSERT_ID();

INSERT INTO `system_language_translations`(`language_string_id`,`language_name`,`translated_string`) VALUES
(@languageStringId,'English','Show Raw Material Description in Warehouse Stock Balance Table');

/*Data for the table `system_language_strings` */
INSERT INTO `system_language_strings`(`language_string`,`language_string_type`,`system_module_id`,`screen_name`) VALUES
('Customer Purchase Points', 'display_string', '2', 'Sales Reports Screen');

SET @languageStringId = LAST_INSERT_ID();

INSERT INTO `system_language_translations`(`language_string_id`,`language_name`,`translated_string`) VALUES
(@languageStringId,'English','Customer Purchase Points');

/*Data for the table `system_language_strings` */
INSERT INTO `system_language_strings`(`language_string`,`language_string_type`,`system_module_id`,`screen_name`) VALUES
('Customer Purchase Point Details', 'display_string', '2', 'Sales Reports Screen');

SET @languageStringId = LAST_INSERT_ID();

INSERT INTO `system_language_translations`(`language_string_id`,`language_name`,`translated_string`) VALUES
(@languageStringId,'English','Customer Purchase Point Details');

/*Data for the table `system_language_strings` */
INSERT INTO `system_language_strings`(`language_string`,`language_string_type`,`system_module_id`,`screen_name`) VALUES
('Points Grand Total', 'display_string', '2', 'Sales Reports Screen');

SET @languageStringId = LAST_INSERT_ID();

INSERT INTO `system_language_translations`(`language_string_id`,`language_name`,`translated_string`) VALUES
(@languageStringId,'English','Points Grand Total');

/*Data for the table `system_language_strings` */
INSERT INTO `system_language_strings`(`language_string`,`language_string_type`,`system_module_id`,`screen_name`) VALUES
('Customer Purchase Percentage For Point Calculation', 'display_string', '2', 'System Configurations Screen');

SET @languageStringId = LAST_INSERT_ID();

INSERT INTO `system_language_translations`(`language_string_id`,`language_name`,`translated_string`) VALUES
(@languageStringId,'English','Customer Purchase Percentage For Point Calculation');

/*Data for the table `system_language_strings` */
INSERT INTO `system_language_strings`(`language_string`,`language_string_type`,`system_module_id`,`screen_name`) VALUES
('Customer Purchase Percentage For Point Calculation should be a decimal number', 'message', '2', 'System Configurations Screen');

SET @languageStringId = LAST_INSERT_ID();

INSERT INTO `system_language_translations`(`language_string_id`,`language_name`,`translated_string`) VALUES
(@languageStringId,'English','Customer Purchase Percentage For Point Calculation should be a decimal number');

/*Data for the table `system_language_strings` */
INSERT INTO `system_language_strings`(`language_string`,`language_string_type`,`system_module_id`,`screen_name`) VALUES
('Please note that Excel sheet name should be named as TLD_Readings', 'message', '6', 'Import TLD Readings Screen');

SET @languageStringId = LAST_INSERT_ID();

INSERT INTO `system_language_translations`(`language_string_id`,`language_name`,`translated_string`) VALUES
(@languageStringId,'English','Please note that Excel sheet name should be named as TLD_Readings');

/*Data for the table `system_language_strings` */
INSERT INTO `system_language_strings`(`language_string`,`language_string_type`,`system_module_id`,`screen_name`) VALUES
('Hold The Sales Invoice', 'display_string', '2', 'Sales Invoice Screen');

SET @languageStringId = LAST_INSERT_ID();

INSERT INTO `system_language_translations`(`language_string_id`,`language_name`,`translated_string`) VALUES
(@languageStringId,'English','Hold The Sales Invoice');

/*Data for the table `system_language_strings` */
INSERT INTO `system_language_strings`(`language_string`,`language_string_type`,`system_module_id`,`screen_name`) VALUES
('Unhold The Sales Invoice', 'display_string', '2', 'Sales Invoice Screen');

SET @languageStringId = LAST_INSERT_ID();

INSERT INTO `system_language_translations`(`language_string_id`,`language_name`,`translated_string`) VALUES
(@languageStringId,'English','Unhold The Sales Invoice');

/*Data for the table `system_language_strings` */
INSERT INTO `system_language_strings`(`language_string`,`language_string_type`,`system_module_id`,`screen_name`) VALUES
('Allow to Hold Wholesales Sales Invoice', 'display_string', '2', 'System Configurations Screen');

SET @languageStringId = LAST_INSERT_ID();

INSERT INTO `system_language_translations`(`language_string_id`,`language_name`,`translated_string`) VALUES
(@languageStringId,'English','Allow to Hold Wholesales Sales Invoice');

/*Data for the table `system_language_strings` */
INSERT INTO `system_language_strings`(`language_string`,`language_string_type`,`system_module_id`,`screen_name`) VALUES
('You have onhold wholesales invoices. Please complete onhold wholesales invoices before logout. If you do not complete those onhold wholesales invoices and logout properly, system will not allow you to login to the system.', 'message', '2', 'Sales Invoice Screen');

SET @languageStringId = LAST_INSERT_ID();

INSERT INTO `system_language_translations`(`language_string_id`,`language_name`,`translated_string`) VALUES
(@languageStringId,'English','You have onhold wholesales invoices. Please complete onhold wholesales invoices before logout. If you do not complete those onhold wholesales invoices and logout properly, system will not allow you to login to the system.');

/*Data for the table `system_language_strings` */
INSERT INTO `system_language_strings`(`language_string`,`language_string_type`,`system_module_id`,`screen_name`) VALUES
('You have improperly logged out from the system without properly closing your onhold wholesales invoices. Please contact Administrator to correct your login issue.', 'message', '2', 'Sales Invoice Screen');

SET @languageStringId = LAST_INSERT_ID();

INSERT INTO `system_language_translations`(`language_string_id`,`language_name`,`translated_string`) VALUES
(@languageStringId,'English','You have improperly logged out from the system without properly closing your onhold wholesales invoices. Please contact Administrator to correct your login issue.');

/*Data for the table `system_language_strings` */
INSERT INTO `system_language_strings`(`language_string`,`language_string_type`,`system_module_id`,`screen_name`) VALUES
('Do Not Allow to Login or Logout When There Are Onhold Wholesales Sales Invoice', 'display_string', '2', 'System Configurations Screen');

SET @languageStringId = LAST_INSERT_ID();

INSERT INTO `system_language_translations`(`language_string_id`,`language_name`,`translated_string`) VALUES
(@languageStringId,'English','Do Not Allow to Login or Logout When There Are Onhold Wholesales Sales Invoice');

/*Data for the table `system_language_strings` */
INSERT INTO `system_language_strings`(`language_string`,`language_string_type`,`system_module_id`,`screen_name`) VALUES
('Added By', 'display_string', '2', 'Sales Invoice Screen');

SET @languageStringId = LAST_INSERT_ID();

INSERT INTO `system_language_translations`(`language_string_id`,`language_name`,`translated_string`) VALUES
(@languageStringId,'English','Added By');

/*Data for the table `system_language_strings` */
INSERT INTO `system_language_strings`(`language_string`,`language_string_type`,`system_module_id`,`screen_name`) VALUES
('Loyalty Customer', 'display_string', '1', 'People Screen');

SET @languageStringId = LAST_INSERT_ID();

INSERT INTO `system_language_translations`(`language_string_id`,`language_name`,`translated_string`) VALUES
(@languageStringId,'English','Loyalty Customer');

/*Data for the table `system_language_strings` */
INSERT INTO `system_language_strings`(`language_string`,`language_string_type`,`system_module_id`,`screen_name`) VALUES
('Red Cherries ERP POS Sales Invoice', 'display_string', '2', 'Sales Invoice Screen');

SET @languageStringId = LAST_INSERT_ID();

INSERT INTO `system_language_translations`(`language_string_id`,`language_name`,`translated_string`) VALUES
(@languageStringId,'English','Red Cherries ERP POS Sales Invoice');

/*Data for the table `system_language_strings` */
INSERT INTO `system_language_strings`(`language_string`,`language_string_type`,`system_module_id`,`screen_name`) VALUES
('Background TLD', 'message', '1', 'People Screen');

SET @languageStringId = LAST_INSERT_ID();

INSERT INTO `system_language_translations`(`language_string_id`,`language_name`,`translated_string`) VALUES
(@languageStringId,'English','Background TLD');

/*Data for the table `system_language_strings` */
INSERT INTO `system_language_strings`(`language_string`,`language_string_type`,`system_module_id`,`screen_name`) VALUES
('Reload', 'display_string', '6', 'Manage TLDs Screen');

SET @languageStringId = LAST_INSERT_ID();

INSERT INTO `system_language_translations`(`language_string_id`,`language_name`,`translated_string`) VALUES
(@languageStringId,'English','Reload');

/*Data for the table `system_language_strings` */
INSERT INTO `system_language_strings`(`language_string`,`language_string_type`,`system_module_id`,`screen_name`) VALUES
('You have entered a history date for the Anneal Date!', 'message', '6', 'Distribute TLDs Screen');

SET @languageStringId = LAST_INSERT_ID();

INSERT INTO `system_language_translations`(`language_string_id`,`language_name`,`translated_string`) VALUES
(@languageStringId,'English','You have entered a history date for the Anneal Date!');

/*Data for the table `system_language_strings` */
INSERT INTO `system_language_strings`(`language_string`,`language_string_type`,`system_module_id`,`screen_name`) VALUES
('You have entered a history date for the Distribution Period From Date! Distribution got delayed from customer side?', 'message', '6', 'Distribute TLDs Screen');

SET @languageStringId = LAST_INSERT_ID();

INSERT INTO `system_language_translations`(`language_string_id`,`language_name`,`translated_string`) VALUES
(@languageStringId,'English','You have entered a history date for the Distribution Period From Date! Distribution got delayed from customer side?');

/*Data for the table `system_language_strings` */
INSERT INTO `system_language_strings`(`language_string`,`language_string_type`,`system_module_id`,`screen_name`) VALUES
('You have entered a history date for the Distribution Period From Date! Distribution got delayed from your side?', 'message', '6', 'Distribute TLDs Screen');

SET @languageStringId = LAST_INSERT_ID();

INSERT INTO `system_language_translations`(`language_string_id`,`language_name`,`translated_string`) VALUES
(@languageStringId,'English','You have entered a history date for the Distribution Period From Date! Distribution got delayed from your side?');

/*Data for the table `system_language_strings` */
INSERT INTO `system_language_strings`(`language_string`,`language_string_type`,`system_module_id`,`screen_name`) VALUES
('You should tell the system the reason for the delayed distribution! Distribution save aborted!', 'message', '6', 'Distribute TLDs Screen');

SET @languageStringId = LAST_INSERT_ID();

INSERT INTO `system_language_translations`(`language_string_id`,`language_name`,`translated_string`) VALUES
(@languageStringId,'English','You should tell the system the reason for the delayed distribution! Distribution save aborted!');

/*Data for the table `system_language_strings` */
INSERT INTO `system_language_strings`(`language_string`,`language_string_type`,`system_module_id`,`screen_name`) VALUES
('Delayed TLD Distribution Notice', 'display_string', '6', 'Distribute TLDs Screen');

SET @languageStringId = LAST_INSERT_ID();

INSERT INTO `system_language_translations`(`language_string_id`,`language_name`,`translated_string`) VALUES
(@languageStringId,'English','Delayed TLD Distribution Notice');

/*Data for the table `system_language_strings` */
INSERT INTO `system_language_strings`(`language_string`,`language_string_type`,`system_module_id`,`screen_name`) VALUES
('Reason for Delayed TLD Distribution', 'display_string', '6', 'Distribute TLDs Screen');

SET @languageStringId = LAST_INSERT_ID();

INSERT INTO `system_language_translations`(`language_string_id`,`language_name`,`translated_string`) VALUES
(@languageStringId,'English','Reason for Delayed TLD Distribution');

/*Data for the table `system_language_strings` */
INSERT INTO `system_language_strings`(`language_string`,`language_string_type`,`system_module_id`,`screen_name`) VALUES
('Yes', 'display_string', '6', 'Distribute TLDs Screen');

SET @languageStringId = LAST_INSERT_ID();

INSERT INTO `system_language_translations`(`language_string_id`,`language_name`,`translated_string`) VALUES
(@languageStringId,'English','Yes');

/*Data for the table `system_language_strings` */
INSERT INTO `system_language_strings`(`language_string`,`language_string_type`,`system_module_id`,`screen_name`) VALUES
('No', 'display_string', '6', 'Distribute TLDs Screen');

SET @languageStringId = LAST_INSERT_ID();

INSERT INTO `system_language_translations`(`language_string_id`,`language_name`,`translated_string`) VALUES
(@languageStringId,'English','No');

/*Data for the table `system_language_strings` */
INSERT INTO `system_language_strings`(`language_string`,`language_string_type`,`system_module_id`,`screen_name`) VALUES
('Distribution Period From cannot be greater than Distribution Period To!', 'message', '6', 'Distribute TLDs Screen');

SET @languageStringId = LAST_INSERT_ID();

INSERT INTO `system_language_translations`(`language_string_id`,`language_name`,`translated_string`) VALUES
(@languageStringId,'English','Distribution Period From cannot be greater than Distribution Period To!');

/*Data for the table `system_language_strings` */
INSERT INTO `system_language_strings`(`language_string`,`language_string_type`,`system_module_id`,`screen_name`) VALUES
('TLD Type', 'display_string', '6', 'Not Returned TLDs Screen');

SET @languageStringId = LAST_INSERT_ID();

INSERT INTO `system_language_translations`(`language_string_id`,`language_name`,`translated_string`) VALUES
(@languageStringId,'English','TLD Type');

/*Data for the table `system_language_strings` */
INSERT INTO `system_language_strings`(`language_string`,`language_string_type`,`system_module_id`,`screen_name`) VALUES
('Distribution Reference No', 'display_string', '6', 'Not Returned TLDs Screen');

SET @languageStringId = LAST_INSERT_ID();

INSERT INTO `system_language_translations`(`language_string_id`,`language_name`,`translated_string`) VALUES
(@languageStringId,'English','Distribution Reference No');

/*Data for the table `system_language_strings` */
INSERT INTO `system_language_strings`(`language_string`,`language_string_type`,`system_module_id`,`screen_name`) VALUES
('Verify TLD Return Information', 'display_string', '6', 'Collect TLD Returns Screen');

SET @languageStringId = LAST_INSERT_ID();

INSERT INTO `system_language_translations`(`language_string_id`,`language_name`,`translated_string`) VALUES
(@languageStringId,'English','Verify TLD Return Information');

/*Data for the table `system_language_strings` */
INSERT INTO `system_language_strings`(`language_string`,`language_string_type`,`system_module_id`,`screen_name`) VALUES
('Manual TLD Count', 'display_string', '6', 'Collect TLD Returns Screen');

SET @languageStringId = LAST_INSERT_ID();

INSERT INTO `system_language_translations`(`language_string_id`,`language_name`,`translated_string`) VALUES
(@languageStringId,'English','Manual TLD Count');

/*Data for the table `system_language_strings` */
INSERT INTO `system_language_strings`(`language_string`,`language_string_type`,`system_module_id`,`screen_name`) VALUES
('Manual TLD count does not match verified TLD count!', 'message', '6', 'Collect TLD Returns Screen');

SET @languageStringId = LAST_INSERT_ID();

INSERT INTO `system_language_translations`(`language_string_id`,`language_name`,`translated_string`) VALUES
(@languageStringId,'English','Manual TLD count does not match verified TLD count!');

/*Data for the table `system_language_strings` */
INSERT INTO `system_language_strings`(`language_string`,`language_string_type`,`system_module_id`,`screen_name`) VALUES
('That TLD is not returned from the field!', 'message', '6', 'Collect TLD Returns Screen');

SET @languageStringId = LAST_INSERT_ID();

INSERT INTO `system_language_translations`(`language_string_id`,`language_name`,`translated_string`) VALUES
(@languageStringId,'English','That TLD is not returned from the field!');

/*Data for the table `system_language_strings` */
INSERT INTO `system_language_strings`(`language_string`,`language_string_type`,`system_module_id`,`screen_name`) VALUES
('return_tlds_are_not_verified', 'message', '6', 'Collect TLD Returns Screen');

SET @languageStringId = LAST_INSERT_ID();

INSERT INTO `system_language_translations`(`language_string_id`,`language_name`,`translated_string`) VALUES
(@languageStringId,'English','Returned TLDs are not verified');

/*Data for the table `system_language_strings` */
INSERT INTO `system_language_strings`(`language_string`,`language_string_type`,`system_module_id`,`screen_name`) VALUES
('Current credit period is active and cannot generate next credit period!', 'message', '1', 'Welfare Company Credit Accounts Screen');

SET @languageStringId = LAST_INSERT_ID();

INSERT INTO `system_language_translations`(`language_string_id`,`language_name`,`translated_string`) VALUES
(@languageStringId,'English','Current credit period is active and cannot generate next credit period!');

/*Data for the table `system_language_strings` */
INSERT INTO `system_language_strings`(`language_string`,`language_string_type`,`system_module_id`,`screen_name`) VALUES
('Credit Period Start Date', 'display_string', '1', 'Welfare Company Credit Accounts Screen');

SET @languageStringId = LAST_INSERT_ID();

INSERT INTO `system_language_translations`(`language_string_id`,`language_name`,`translated_string`) VALUES
(@languageStringId,'English','Credit Period Start Date');

/*Data for the table `system_language_strings` */
INSERT INTO `system_language_strings`(`language_string`,`language_string_type`,`system_module_id`,`screen_name`) VALUES
('Credit Amount Total', 'display_string', '1', 'Welfare Company Credit Accounts Screen');

SET @languageStringId = LAST_INSERT_ID();

INSERT INTO `system_language_translations`(`language_string_id`,`language_name`,`translated_string`) VALUES
(@languageStringId,'English','Credit Amount Total');

/*Update language strings*/
UPDATE `system_language_strings` SET `language_string` =  'Red Cherries ERP POS Sign In' WHERE `language_string_id` = '419';
UPDATE `system_language_strings` SET `language_string` =  'Red Cherries ERP POS Quick Sign In' WHERE `language_string_id` = '462';
DELETE FROM `system_language_strings` WHERE `language_string_id` = '1351';
UPDATE `system_language_strings` SET `language_string` =  'Red Cherries ERP POS Sales Invoice List' WHERE `language_string_id` = '1374';

UPDATE `system_language_translations` SET `translated_string` =  'Red Cherries ERP POS Sign In' WHERE `language_translation_id` = '423';
UPDATE `system_language_translations` SET `translated_string` =  'Red Cherries ERP POS Quick Sign In' WHERE `language_translation_id` = '466';
DELETE FROM `system_language_translations` WHERE `language_translation_id` = '1355';
UPDATE `system_language_translations` SET `translated_string` =  'Red Cherries ERP POS Sales Invoice List' WHERE `language_translation_id` = '1378';

/*Data for the table `system_language_strings` */
INSERT INTO `system_language_strings`(`language_string`,`language_string_type`,`system_module_id`,`screen_name`) VALUES
('Disable Item Wise Discount Feature in POS', 'display_string', '2', 'System Configurations Screen');

SET @languageStringId = LAST_INSERT_ID();

INSERT INTO `system_language_translations`(`language_string_id`,`language_name`,`translated_string`) VALUES
(@languageStringId,'English','Disable Item Wise Discount Feature in POS');

/*Data for the table `system_language_strings` */
INSERT INTO `system_language_strings`(`language_string`,`language_string_type`,`system_module_id`,`screen_name`) VALUES
('Print Additional Copy of Sales Invoice Short Bill', 'display_string', '2', 'System Configurations Screen');

SET @languageStringId = LAST_INSERT_ID();

INSERT INTO `system_language_translations`(`language_string_id`,`language_name`,`translated_string`) VALUES
(@languageStringId,'English','Print Additional Copy of Sales Invoice Short Bill');

/*Data for the table `system_language_strings` */
INSERT INTO `system_language_strings`(`language_string`,`language_string_type`,`system_module_id`,`screen_name`) VALUES
('Customer Credit Balance', 'display_string', '2', 'Sales Invoice Screen');

SET @languageStringId = LAST_INSERT_ID();

INSERT INTO `system_language_translations`(`language_string_id`,`language_name`,`translated_string`) VALUES
(@languageStringId,'English','Customer Credit Balance');

/*Data for the table `system_language_strings` */
INSERT INTO `system_language_strings`(`language_string`,`language_string_type`,`system_module_id`,`screen_name`) VALUES
('Red Cherries ERP POS Sales Invoice', 'display_string', '2', 'Sales Invoice Screen');

SET @languageStringId = LAST_INSERT_ID();

INSERT INTO `system_language_translations`(`language_string_id`,`language_name`,`translated_string`) VALUES
(@languageStringId,'English','Red Cherries ERP POS Sales Invoice');

/*Data for the table `system_language_strings` */
INSERT INTO `system_language_strings`(`language_string`,`language_string_type`,`system_module_id`,`screen_name`) VALUES
('POS Sales Returns', 'display_string', '2', 'Sales Invoice Screen');

SET @languageStringId = LAST_INSERT_ID();

INSERT INTO `system_language_translations`(`language_string_id`,`language_name`,`translated_string`) VALUES
(@languageStringId,'English','POS Sales Returns');

/*Data for the table `system_language_strings` */
INSERT INTO `system_language_strings`(`language_string`,`language_string_type`,`system_module_id`,`screen_name`) VALUES
('Please make sure that TLD data format is correct', 'message', '6', 'Import TLD Readings Screen');

SET @languageStringId = LAST_INSERT_ID();

INSERT INTO `system_language_translations`(`language_string_id`,`language_name`,`translated_string`) VALUES
(@languageStringId,'English','Please make sure that TLD data format is correct');

/*Data for the table `system_language_strings` */
INSERT INTO `system_language_strings`(`language_string`,`language_string_type`,`system_module_id`,`screen_name`) VALUES
('Distribution Reference No', 'display_string', '6', 'Not Returned TLDs Screen');

SET @languageStringId = LAST_INSERT_ID();

INSERT INTO `system_language_translations`(`language_string_id`,`language_name`,`translated_string`) VALUES
(@languageStringId,'English','Distribution Reference No');

/*Data for the table `system_language_strings` */
INSERT INTO `system_language_strings`(`language_string`,`language_string_type`,`system_module_id`,`screen_name`) VALUES
('Cashier Should Balance With System Cashier Balance to Login to POS', 'display_string', '2', 'System Configurations Screen');

SET @languageStringId = LAST_INSERT_ID();

INSERT INTO `system_language_translations`(`language_string_id`,`language_name`,`translated_string`) VALUES
(@languageStringId,'English','Cashier Should Balance With System Cashier Balance to Login to POS');

/*Data for the table `system_language_strings` */
INSERT INTO `system_language_strings`(`language_string`,`language_string_type`,`system_module_id`,`screen_name`) VALUES
('Previous Day Cashier Cash Varience', 'display_string', '2', 'Sales Invoice Screen');

SET @languageStringId = LAST_INSERT_ID();

INSERT INTO `system_language_translations`(`language_string_id`,`language_name`,`translated_string`) VALUES
(@languageStringId,'English','Previous Day Cashier Cash Varience');

/*Data for the table `system_language_strings` */
INSERT INTO `system_language_strings`(`language_string`,`language_string_type`,`system_module_id`,`screen_name`) VALUES
('Cashier Cash Varience', 'display_string', '2', 'Sales Reports Screen');

SET @languageStringId = LAST_INSERT_ID();

INSERT INTO `system_language_translations`(`language_string_id`,`language_name`,`translated_string`) VALUES
(@languageStringId,'English','Cashier Cash Varience');

/*Data for the table `system_language_strings` */
INSERT INTO `system_language_strings`(`language_string`,`language_string_type`,`system_module_id`,`screen_name`) VALUES
('Cashier Cash Varience Details', 'display_string', '2', 'Sales Reports Screen');

SET @languageStringId = LAST_INSERT_ID();

INSERT INTO `system_language_translations`(`language_string_id`,`language_name`,`translated_string`) VALUES
(@languageStringId,'English','Cashier Cash Varience Details');

/*Data for the table `system_language_strings` */
INSERT INTO `system_language_strings`(`language_string`,`language_string_type`,`system_module_id`,`screen_name`) VALUES
('Cash Arrears', 'display_string', '2', 'Sales Reports Screen');

SET @languageStringId = LAST_INSERT_ID();

INSERT INTO `system_language_translations`(`language_string_id`,`language_name`,`translated_string`) VALUES
(@languageStringId,'English','Cash Arrears');

/*Data for the table `system_language_strings` */
INSERT INTO `system_language_strings`(`language_string`,`language_string_type`,`system_module_id`,`screen_name`) VALUES
('Cash Excess', 'display_string', '2', 'Sales Reports Screen');

SET @languageStringId = LAST_INSERT_ID();

INSERT INTO `system_language_translations`(`language_string_id`,`language_name`,`translated_string`) VALUES
(@languageStringId,'English','Cash Excess');

/*Data for the table `system_language_strings` */
INSERT INTO `system_language_strings`(`language_string`,`language_string_type`,`system_module_id`,`screen_name`) VALUES
('Cashier Cash Varience Summary Details', 'display_string', '2', 'Sales Reports Screen');

SET @languageStringId = LAST_INSERT_ID();

INSERT INTO `system_language_translations`(`language_string_id`,`language_name`,`translated_string`) VALUES
(@languageStringId,'English','Cashier Cash Varience Summary Details');

/*Data for the table `system_language_strings` */
INSERT INTO `system_language_strings`(`language_string`,`language_string_type`,`system_module_id`,`screen_name`) VALUES
('Cash Arrears Grand Total', 'display_string', '2', 'Sales Reports Screen');

SET @languageStringId = LAST_INSERT_ID();

INSERT INTO `system_language_translations`(`language_string_id`,`language_name`,`translated_string`) VALUES
(@languageStringId,'English','Cash Arrears Grand Total');

/*Data for the table `system_language_strings` */
INSERT INTO `system_language_strings`(`language_string`,`language_string_type`,`system_module_id`,`screen_name`) VALUES
('Cash Excess Grand Total', 'display_string', '2', 'Sales Reports Screen');

SET @languageStringId = LAST_INSERT_ID();

INSERT INTO `system_language_translations`(`language_string_id`,`language_name`,`translated_string`) VALUES
(@languageStringId,'English','Cash Excess Grand Total');

/*Data for the table `system_language_strings` */
INSERT INTO `system_language_strings`(`language_string`,`language_string_type`,`system_module_id`,`screen_name`) VALUES
('Finish good sales return cash refund', 'display_string', '2', 'System Configurations Screen');

SET @languageStringId = LAST_INSERT_ID();

INSERT INTO `system_language_translations`(`language_string_id`,`language_name`,`translated_string`) VALUES
(@languageStringId,'English','Finish good sales return cash refund');

/*Data for the table `system_language_strings` */
INSERT INTO `system_language_strings`(`language_string`,`language_string_type`,`system_module_id`,`screen_name`) VALUES
('Journal entry for finish good sales return number : ', 'display_string', '2', 'Sales Invoice Screen');

SET @languageStringId = LAST_INSERT_ID();

INSERT INTO `system_language_translations`(`language_string_id`,`language_name`,`translated_string`) VALUES
(@languageStringId,'English','Journal entry for finish good sales return number : ');

/*Data for the table `system_language_strings` */
INSERT INTO `system_language_strings`(`language_string`,`language_string_type`,`system_module_id`,`screen_name`) VALUES
('Journal entry for raw material sales return number : ', 'display_string', '2', 'Sales Invoice Screen');

SET @languageStringId = LAST_INSERT_ID();

INSERT INTO `system_language_translations`(`language_string_id`,`language_name`,`translated_string`) VALUES
(@languageStringId,'English','Journal entry for raw material sales return number : ');

/*Data for the table `system_language_strings` */
INSERT INTO `system_language_strings`(`language_string`,`language_string_type`,`system_module_id`,`screen_name`) VALUES
('Show Product Name Translation', 'display_string', '2', 'System Configurations Screen');

SET @languageStringId = LAST_INSERT_ID();

INSERT INTO `system_language_translations`(`language_string_id`,`language_name`,`translated_string`) VALUES
(@languageStringId,'English','Show Product Name Translation');

/*Data for the table `system_language_strings` */
INSERT INTO `system_language_strings`(`language_string`,`language_string_type`,`system_module_id`,`screen_name`) VALUES
('Product Name Translation', 'display_string', '2', 'Products Screen');

SET @languageStringId = LAST_INSERT_ID();

INSERT INTO `system_language_translations`(`language_string_id`,`language_name`,`translated_string`) VALUES
(@languageStringId,'English','Product Name Translation');

/*Data for the table `system_language_strings` */
INSERT INTO `system_language_strings`(`language_string`,`language_string_type`,`system_module_id`,`screen_name`) VALUES
('Allow to Enable and Disable Products', 'display_string', '2', 'System Configurations Screen');

SET @languageStringId = LAST_INSERT_ID();

INSERT INTO `system_language_translations`(`language_string_id`,`language_name`,`translated_string`) VALUES
(@languageStringId,'English','Allow to Enable and Disable Products');

/*Data for the table `system_language_strings` */
INSERT INTO `system_language_strings`(`language_string`,`language_string_type`,`system_module_id`,`screen_name`) VALUES
('Deactivate the Product', 'display_string', '2', 'System Configurations Screen');

SET @languageStringId = LAST_INSERT_ID();

INSERT INTO `system_language_translations`(`language_string_id`,`language_name`,`translated_string`) VALUES
(@languageStringId,'English','Deactivate the Product');

/*Data for the table `system_language_strings` */
INSERT INTO `system_language_strings`(`language_string`,`language_string_type`,`system_module_id`,`screen_name`) VALUES
('Deactivate the Customer', 'display_string', '1', 'People Screen');

SET @languageStringId = LAST_INSERT_ID();

INSERT INTO `system_language_translations`(`language_string_id`,`language_name`,`translated_string`) VALUES
(@languageStringId,'English','Deactivate the Customer');

/*Data for the table `system_language_strings` */
INSERT INTO `system_language_strings`(`language_string`,`language_string_type`,`system_module_id`,`screen_name`) VALUES
('Preparation Date', 'display_string', '6', 'Distribute TLDs Screen');

SET @languageStringId = LAST_INSERT_ID();

INSERT INTO `system_language_translations`(`language_string_id`,`language_name`,`translated_string`) VALUES
(@languageStringId,'English','Preparation Date');

/*Data for the table `system_language_strings` */
INSERT INTO `system_language_strings`(`language_string`,`language_string_type`,`system_module_id`,`screen_name`) VALUES
('Anneal Date cannot be greater than Preparation Date!', 'message', '6', 'Distribute TLDs Screen');

SET @languageStringId = LAST_INSERT_ID();

INSERT INTO `system_language_translations`(`language_string_id`,`language_name`,`translated_string`) VALUES
(@languageStringId,'English','Anneal Date cannot be greater than Preparation Date!');

/*Update language strings*/
UPDATE `system_language_strings` SET `language_string` =  'The Anneal Date you entered is too old! Do you want to proceed?' WHERE `language_string` = 'You have entered a history date for the Anneal Date!';

UPDATE `system_language_translations` SET `translated_string` =  'The Anneal Date you entered is too old! Do you want to proceed?' WHERE `translated_string` = 'You have entered a history date for the Anneal Date!';

/*Data for the table `system_language_strings` */
INSERT INTO `system_language_strings`(`language_string`,`language_string_type`,`system_module_id`,`screen_name`) VALUES
('Distribution TLD Count', 'display_string', '6', 'Distribute TLDs Screen');

SET @languageStringId = LAST_INSERT_ID();

INSERT INTO `system_language_translations`(`language_string_id`,`language_name`,`translated_string`) VALUES
(@languageStringId,'English','Distribution TLD Count');

/*Data for the table `system_language_strings` */
INSERT INTO `system_language_strings`(`language_string`,`language_string_type`,`system_module_id`,`screen_name`) VALUES
('Verified TLD Count', 'display_string', '6', 'Distribute TLDs Screen');

SET @languageStringId = LAST_INSERT_ID();

INSERT INTO `system_language_translations`(`language_string_id`,`language_name`,`translated_string`) VALUES
(@languageStringId,'English','Verified TLD Count');

/*Data for the table `system_language_strings` */
INSERT INTO `system_language_strings`(`language_string`,`language_string_type`,`system_module_id`,`screen_name`) VALUES
('All TLDs are verified successfully', 'message', '6', 'Distribute TLDs Screen');

SET @languageStringId = LAST_INSERT_ID();

INSERT INTO `system_language_translations`(`language_string_id`,`language_name`,`translated_string`) VALUES
(@languageStringId,'English','All TLDs are verified successfully');

/*Data for the table `system_language_strings` */
INSERT INTO `system_language_strings`(`language_string`,`language_string_type`,`system_module_id`,`screen_name`) VALUES
(' not belongs to the selected distribution!', 'message', '6', 'Distribute TLDs Screen');

SET @languageStringId = LAST_INSERT_ID();

INSERT INTO `system_language_translations`(`language_string_id`,`language_name`,`translated_string`) VALUES
(@languageStringId,'English',' not belongs to the selected distribution!');

/*Data for the table `system_language_strings` */
INSERT INTO `system_language_strings`(`language_string`,`language_string_type`,`system_module_id`,`screen_name`) VALUES
('no_background_tld_selected_for_distribution', 'message', '6', 'Distribute TLDs Screen');

SET @languageStringId = LAST_INSERT_ID();

INSERT INTO `system_language_translations`(`language_string_id`,`language_name`,`translated_string`) VALUES
(@languageStringId,'English','Backgorund TLD is not selected for the distribution!');

/*Data for the table `system_language_strings` */
INSERT INTO `system_language_strings`(`language_string`,`language_string_type`,`system_module_id`,`screen_name`) VALUES
('Backgorund TLD is not selected for the distribution!', 'message', '6', 'Distribute TLDs Screen');

SET @languageStringId = LAST_INSERT_ID();

INSERT INTO `system_language_translations`(`language_string_id`,`language_name`,`translated_string`) VALUES
(@languageStringId,'English','Backgorund TLD is not selected for the distribution!');

/*Data for the table `system_language_strings` */
INSERT INTO `system_language_strings`(`language_string`,`language_string_type`,`system_module_id`,`screen_name`) VALUES
('Get Background Card From Distribution No', 'display_string', '6', 'Distribute TLDs Screen');

SET @languageStringId = LAST_INSERT_ID();

INSERT INTO `system_language_translations`(`language_string_id`,`language_name`,`translated_string`) VALUES
(@languageStringId,'English','Get Background Card From Distribution No');

/*Data for the table `system_language_strings` */
INSERT INTO `system_language_strings`(`language_string`,`language_string_type`,`system_module_id`,`screen_name`) VALUES
('Refer Background Card in Another Distribution', 'display_string', '6', 'Distribute TLDs Screen');

SET @languageStringId = LAST_INSERT_ID();

INSERT INTO `system_language_translations`(`language_string_id`,`language_name`,`translated_string`) VALUES
(@languageStringId,'English','Refer Background Card in Another Distribution');

/*Data for the table `system_language_strings` */
INSERT INTO `system_language_strings`(`language_string`,`language_string_type`,`system_module_id`,`screen_name`) VALUES
('Reference Background TLD', 'display_string', '6', 'Distribute TLDs Screen');

SET @languageStringId = LAST_INSERT_ID();

INSERT INTO `system_language_translations`(`language_string_id`,`language_name`,`translated_string`) VALUES
(@languageStringId,'English','Reference Background TLD');

/*Data for the table `system_language_strings` */
INSERT INTO `system_language_strings`(`language_string`,`language_string_type`,`system_module_id`,`screen_name`) VALUES
('Bigger physical quantity! Are you sure to proceed?', 'message', '2', 'Warehouse Stock Update Screen');

SET @languageStringId = LAST_INSERT_ID();

INSERT INTO `system_language_translations`(`language_string_id`,`language_name`,`translated_string`) VALUES
(@languageStringId,'English','Bigger physical quantity! Are you sure to proceed?');

/*Data for the table `system_language_strings` */
INSERT INTO `system_language_strings`(`language_string`,`language_string_type`,`system_module_id`,`screen_name`) VALUES
('Bigger opening stock quantity! Are you sure to proceed?', 'message', '2', 'Warehouse Opening Stock Screen');

SET @languageStringId = LAST_INSERT_ID();

INSERT INTO `system_language_translations`(`language_string_id`,`language_name`,`translated_string`) VALUES
(@languageStringId,'English','Bigger opening stock quantity! Are you sure to proceed?');

/*Data for the table `system_language_strings` */
INSERT INTO `system_language_strings`(`language_string`,`language_string_type`,`system_module_id`,`screen_name`) VALUES
('Allow to Add a Collect TLD Return for a Partially Returned TLD Distribution', 'display_string', '6', 'System Configurations Screen');

SET @languageStringId = LAST_INSERT_ID();

INSERT INTO `system_language_translations`(`language_string_id`,`language_name`,`translated_string`) VALUES
(@languageStringId,'English','Allow to Add a Collect TLD Return for a Partially Returned TLD Distribution');

/*Data for the table `system_language_strings` */
INSERT INTO `system_language_strings`(`language_string`,`language_string_type`,`system_module_id`,`screen_name`) VALUES
('Already a TLD is selected for this worker in this return!', 'message', '6', 'Collect TLD Returns Screen');

SET @languageStringId = LAST_INSERT_ID();

INSERT INTO `system_language_translations`(`language_string_id`,`language_name`,`translated_string`) VALUES
(@languageStringId,'English','Already a TLD is selected for this worker in this return!');

/*Data for the table `system_language_strings` */
INSERT INTO `system_language_strings`(`language_string`,`language_string_type`,`system_module_id`,`screen_name`) VALUES
('Selected TLD belongs to a later distribution!', 'message', '6', 'Collect TLD Returns Screen');

SET @languageStringId = LAST_INSERT_ID();

INSERT INTO `system_language_translations`(`language_string_id`,`language_name`,`translated_string`) VALUES
(@languageStringId,'English','Selected TLD belongs to a later distribution!');

/*Data for the table `system_language_strings` */
INSERT INTO `system_language_strings`(`language_string`,`language_string_type`,`system_module_id`,`screen_name`) VALUES
('Already a TLD is selected for this worker in this distribution!', 'message', '6', 'Distribute TLDs Screen');

SET @languageStringId = LAST_INSERT_ID();

INSERT INTO `system_language_translations`(`language_string_id`,`language_name`,`translated_string`) VALUES
(@languageStringId,'English','Already a TLD is selected for this worker in this distribution!');

/*Data for the table `system_language_strings` */
INSERT INTO `system_language_strings`(`language_string`,`language_string_type`,`system_module_id`,`screen_name`) VALUES
('Last Exposure End Date', 'display_string', '6', 'Collect TLD Returns Screen');

SET @languageStringId = LAST_INSERT_ID();

INSERT INTO `system_language_translations`(`language_string_id`,`language_name`,`translated_string`) VALUES
(@languageStringId,'English','Last Exposure End Date');

/*Data for the table `system_language_strings` */
INSERT INTO `system_language_strings`(`language_string`,`language_string_type`,`system_module_id`,`screen_name`) VALUES
('Exposure Period From Date', 'display_string', '6', 'Collect TLD Returns Screen');

SET @languageStringId = LAST_INSERT_ID();

INSERT INTO `system_language_translations`(`language_string_id`,`language_name`,`translated_string`) VALUES
(@languageStringId,'English','Exposure Period From Date');

/*Data for the table `system_language_strings` */
INSERT INTO `system_language_strings`(`language_string`,`language_string_type`,`system_module_id`,`screen_name`) VALUES
('Exposure Period To Date', 'display_string', '6', 'Collect TLD Returns Screen');

SET @languageStringId = LAST_INSERT_ID();

INSERT INTO `system_language_translations`(`language_string_id`,`language_name`,`translated_string`) VALUES
(@languageStringId,'English','Exposure Period To Date');

/*Data for the table `system_language_strings` */
INSERT INTO `system_language_strings`(`language_string`,`language_string_type`,`system_module_id`,`screen_name`) VALUES
('Exposure Period From Date updated sucessfully.', 'message', '6', 'Collect TLD Returns Screen');

SET @languageStringId = LAST_INSERT_ID();

INSERT INTO `system_language_translations`(`language_string_id`,`language_name`,`translated_string`) VALUES
(@languageStringId,'English','Exposure Period From Date updated sucessfully.');

/*Data for the table `system_language_strings` */
INSERT INTO `system_language_strings`(`language_string`,`language_string_type`,`system_module_id`,`screen_name`) VALUES
('Invalid Exposure Period From Date.', 'message', '6', 'Collect TLD Returns Screen');

SET @languageStringId = LAST_INSERT_ID();

INSERT INTO `system_language_translations`(`language_string_id`,`language_name`,`translated_string`) VALUES
(@languageStringId,'English','Invalid Exposure Period From Date.');

/*Data for the table `system_language_strings` */
INSERT INTO `system_language_strings`(`language_string`,`language_string_type`,`system_module_id`,`screen_name`) VALUES
('Institute Number', 'display_string', '6', 'Distribute TLDs Screen');

SET @languageStringId = LAST_INSERT_ID();

INSERT INTO `system_language_translations`(`language_string_id`,`language_name`,`translated_string`) VALUES
(@languageStringId,'English','Institute Number');

/*Data for the table `system_language_strings` */
INSERT INTO `system_language_strings`(`language_string`,`language_string_type`,`system_module_id`,`screen_name`) VALUES
('Distribution Number', 'display_string', '6', 'Distribute TLDs Screen');

SET @languageStringId = LAST_INSERT_ID();

INSERT INTO `system_language_translations`(`language_string_id`,`language_name`,`translated_string`) VALUES
(@languageStringId,'English','Distribution Number');

/*Data for the table `system_language_strings` */
INSERT INTO `system_language_strings`(`language_string`,`language_string_type`,`system_module_id`,`screen_name`) VALUES
('Prepared Date', 'display_string', '6', 'Distribute TLDs Screen');

SET @languageStringId = LAST_INSERT_ID();

INSERT INTO `system_language_translations`(`language_string_id`,`language_name`,`translated_string`) VALUES
(@languageStringId,'English','Prepared Date');

/*Data for the table `system_language_strings` */
INSERT INTO `system_language_strings`(`language_string`,`language_string_type`,`system_module_id`,`screen_name`) VALUES
('Distribution Period : ', 'display_string', '6', 'Distribute TLDs Screen');

SET @languageStringId = LAST_INSERT_ID();

INSERT INTO `system_language_translations`(`language_string_id`,`language_name`,`translated_string`) VALUES
(@languageStringId,'English','Distribution Period : ');

/*Data for the table `system_language_strings` */
INSERT INTO `system_language_strings`(`language_string`,`language_string_type`,`system_module_id`,`screen_name`) VALUES
('To : ', 'display_string', '6', 'Distribute TLDs Screen');

SET @languageStringId = LAST_INSERT_ID();

INSERT INTO `system_language_translations`(`language_string_id`,`language_name`,`translated_string`) VALUES
(@languageStringId,'English','To : ');

INSERT INTO `system_language_strings`(`language_string`,`language_string_type`,`system_module_id`,`screen_name`) VALUES
('From : ', 'display_string', '6', 'Distribute TLDs Screen');

SET @languageStringId = LAST_INSERT_ID();

INSERT INTO `system_language_translations`(`language_string_id`,`language_name`,`translated_string`) VALUES
(@languageStringId,'English','From : ');

/*Data for the table `system_language_strings` */
INSERT INTO `system_language_strings`(`language_string`,`language_string_type`,`system_module_id`,`screen_name`) VALUES
('Attention', 'display_string', '6', 'Distribute TLDs Screen');

SET @languageStringId = LAST_INSERT_ID();

INSERT INTO `system_language_translations`(`language_string_id`,`language_name`,`translated_string`) VALUES
(@languageStringId,'English','Attention');

/*Data for the table `system_language_strings` */
INSERT INTO `system_language_strings`(`language_string`,`language_string_type`,`system_module_id`,`screen_name`) VALUES
('Ref. Number', 'display_string', '6', 'Distribute TLDs Screen');

SET @languageStringId = LAST_INSERT_ID();

INSERT INTO `system_language_translations`(`language_string_id`,`language_name`,`translated_string`) VALUES
(@languageStringId,'English','Ref. Number');

/*Data for the table `system_language_strings` */
INSERT INTO `system_language_strings`(`language_string`,`language_string_type`,`system_module_id`,`screen_name`) VALUES
('TLD Card Number', 'display_string', '6', 'Distribute TLDs Screen');

SET @languageStringId = LAST_INSERT_ID();

INSERT INTO `system_language_translations`(`language_string_id`,`language_name`,`translated_string`) VALUES
(@languageStringId,'English','TLD Card Number');

/*Data for the table `system_language_strings` */
INSERT INTO `system_language_strings`(`language_string`,`language_string_type`,`system_module_id`,`screen_name`) VALUES
('Remarks', 'display_string', '6', 'Distribute TLDs Screen');

SET @languageStringId = LAST_INSERT_ID();

INSERT INTO `system_language_translations`(`language_string_id`,`language_name`,`translated_string`) VALUES
(@languageStringId,'English','Remarks');

/*Data for the table `system_language_strings` */
INSERT INTO `system_language_strings`(`language_string`,`language_string_type`,`system_module_id`,`screen_name`) VALUES
('TLDs Distribution For Workers', 'display_string', '6', 'Distribute TLDs Screen');

SET @languageStringId = LAST_INSERT_ID();

INSERT INTO `system_language_translations`(`language_string_id`,`language_name`,`translated_string`) VALUES
(@languageStringId,'English','TLDs Distribution For Workers');

/*Data for the table `system_language_strings` */
INSERT INTO `system_language_strings`(`language_string`,`language_string_type`,`system_module_id`,`screen_name`) VALUES
('Return Date', 'display_string', '6', 'Distribute TLDs Screen');

SET @languageStringId = LAST_INSERT_ID();

INSERT INTO `system_language_translations`(`language_string_id`,`language_name`,`translated_string`) VALUES
(@languageStringId,'English','Return Date');

/*Data for the table `system_language_strings` */
INSERT INTO `system_language_strings`(`language_string`,`language_string_type`,`system_module_id`,`screen_name`) VALUES
('No. of TLD cards sent by SLAEB :', 'display_string', '6', 'Distribute TLDs Screen');

SET @languageStringId = LAST_INSERT_ID();

INSERT INTO `system_language_translations`(`language_string_id`,`language_name`,`translated_string`) VALUES
(@languageStringId,'English','No. of TLD cards sent by SLAEB :');

/*Data for the table `system_language_strings` */
INSERT INTO `system_language_strings`(`language_string`,`language_string_type`,`system_module_id`,`screen_name`) VALUES
('Signature of Prepared Officer :', 'display_string', '6', 'Distribute TLDs Screen');

SET @languageStringId = LAST_INSERT_ID();

INSERT INTO `system_language_translations`(`language_string_id`,`language_name`,`translated_string`) VALUES
(@languageStringId,'English','Signature of Prepared Officer :');

/*Data for the table `system_language_strings` */
INSERT INTO `system_language_strings`(`language_string`,`language_string_type`,`system_module_id`,`screen_name`) VALUES
('Date :', 'display_string', '6', 'Distribute TLDs Screen');

SET @languageStringId = LAST_INSERT_ID();

INSERT INTO `system_language_translations`(`language_string_id`,`language_name`,`translated_string`) VALUES
(@languageStringId,'English','Date :');

/*Data for the table `system_language_strings` */
INSERT INTO `system_language_strings`(`language_string`,`language_string_type`,`system_module_id`,`screen_name`) VALUES
('Checked by :', 'display_string', '6', 'Distribute TLDs Screen');

SET @languageStringId = LAST_INSERT_ID();

INSERT INTO `system_language_translations`(`language_string_id`,`language_name`,`translated_string`) VALUES
(@languageStringId,'English','Checked by :');

/*Data for the table `system_language_strings` */
INSERT INTO `system_language_strings`(`language_string`,`language_string_type`,`system_module_id`,`screen_name`) VALUES
('Ref.No', 'display_string', '6', 'Distribute TLDs Screen');

SET @languageStringId = LAST_INSERT_ID();

INSERT INTO `system_language_translations`(`language_string_id`,`language_name`,`translated_string`) VALUES
(@languageStringId,'English','Ref.No');

/*Data for the table `system_language_strings` */
INSERT INTO `system_language_strings`(`language_string`,`language_string_type`,`system_module_id`,`screen_name`) VALUES
('Card No.', 'display_string', '6', 'Distribute TLDs Screen');

SET @languageStringId = LAST_INSERT_ID();

INSERT INTO `system_language_translations`(`language_string_id`,`language_name`,`translated_string`) VALUES
(@languageStringId,'English','Card No.');

/*Data for the table `system_language_strings` */
INSERT INTO `system_language_strings`(`language_string`,`language_string_type`,`system_module_id`,`screen_name`) VALUES
('Relevent Distribution Period', 'display_string', '6', 'Distribute TLDs Screen');

SET @languageStringId = LAST_INSERT_ID();

INSERT INTO `system_language_translations`(`language_string_id`,`language_name`,`translated_string`) VALUES
(@languageStringId,'English','Relevent Distribution Period');

/*Update language strings*/
UPDATE `system_language_strings` SET `language_string` =  'Bulk Print TLD Distribution Envelopes (A4)' WHERE `language_string_id` = '3514';

UPDATE `system_language_translations` SET `translated_string` =  'Bulk Print TLD Distribution Envelopes (A4)' WHERE `language_translation_id` = '3518';

/*Data for the table `system_language_strings` */
INSERT INTO `system_language_strings`(`language_string`,`language_string_type`,`system_module_id`,`screen_name`) VALUES
('Bulk Print TLD Distribution Envelopes (A5)', 'display_string', '6', 'Distribute TLDs Screen');

SET @languageStringId = LAST_INSERT_ID();

INSERT INTO `system_language_translations`(`language_string_id`,`language_name`,`translated_string`) VALUES
(@languageStringId,'English','Bulk Print TLD Distribution Envelopes (A5)');

/*Data for the table `system_language_strings` */
INSERT INTO `system_language_strings`(`language_string`,`language_string_type`,`system_module_id`,`screen_name`) VALUES
('Late Cards', 'display_string', '6', 'Distribute TLDs Screen');

SET @languageStringId = LAST_INSERT_ID();

INSERT INTO `system_language_translations`(`language_string_id`,`language_name`,`translated_string`) VALUES
(@languageStringId,'English','Late Cards');

/*Data for the table `system_language_strings` */
INSERT INTO `system_language_strings`(`language_string`,`language_string_type`,`system_module_id`,`screen_name`) VALUES
('Period : ', 'display_string', '6', 'Distribute TLDs Screen');

SET @languageStringId = LAST_INSERT_ID();

INSERT INTO `system_language_translations`(`language_string_id`,`language_name`,`translated_string`) VALUES
(@languageStringId,'English','Period : ');

/*Data for the table `system_language_strings` */
INSERT INTO `system_language_strings`(`language_string`,`language_string_type`,`system_module_id`,`screen_name`) VALUES
('Whole Body TLD Card Number', 'display_string', '6', 'Distribute TLDs Screen');

SET @languageStringId = LAST_INSERT_ID();

INSERT INTO `system_language_translations`(`language_string_id`,`language_name`,`translated_string`) VALUES
(@languageStringId,'English','Whole Body TLD Card Number');

/*Data for the table `system_language_strings` */
INSERT INTO `system_language_strings`(`language_string`,`language_string_type`,`system_module_id`,`screen_name`) VALUES
('Collar Dose TLD Card Number', 'display_string', '6', 'Distribute TLDs Screen');

SET @languageStringId = LAST_INSERT_ID();

INSERT INTO `system_language_translations`(`language_string_id`,`language_name`,`translated_string`) VALUES
(@languageStringId,'English','Collar Dose TLD Card Number');

/*Data for the table `system_language_strings` */
INSERT INTO `system_language_strings`(`language_string`,`language_string_type`,`system_module_id`,`screen_name`) VALUES
('distributions_are_different', 'message', '6', 'Distribute TLDs Screen');

SET @languageStringId = LAST_INSERT_ID();

INSERT INTO `system_language_translations`(`language_string_id`,`language_name`,`translated_string`) VALUES
(@languageStringId,'English','Please select distributions only for one distribution method');

/*Update language strings*/
UPDATE `system_language_strings` SET `language_string` =  'Secondary Phone Number' WHERE `language_string_id` = '166';

UPDATE `system_language_translations` SET `translated_string` =  'Secondary Phone Number' WHERE `language_translation_id` = '170';

/*Data for the table `system_language_strings` */
INSERT INTO `system_language_strings`(`language_string`,`language_string_type`,`system_module_id`,`screen_name`) VALUES
('Tertiary Phone Number', 'display_string', '1', 'Company Information Screen');

SET @languageStringId = LAST_INSERT_ID();

INSERT INTO `system_language_translations`(`language_string_id`,`language_name`,`translated_string`) VALUES
(@languageStringId,'English','Tertiary Phone Number');

/*Data for the table `system_language_strings` */
INSERT INTO `system_language_strings`(`language_string`,`language_string_type`,`system_module_id`,`screen_name`) VALUES
('Dose Report Preview', 'display_string', '6', 'Dose Reports Screen');

SET @languageStringId = LAST_INSERT_ID();

INSERT INTO `system_language_translations`(`language_string_id`,`language_name`,`translated_string`) VALUES
(@languageStringId,'English','Dose Report Preview');

/*Data for the table `system_language_strings` */
INSERT INTO `system_language_strings`(`language_string`,`language_string_type`,`system_module_id`,`screen_name`) VALUES
('Dose Report Notes', 'display_string', '6', 'Dose Reports Screen');

SET @languageStringId = LAST_INSERT_ID();

INSERT INTO `system_language_translations`(`language_string_id`,`language_name`,`translated_string`) VALUES
(@languageStringId,'English','Dose Report Notes');

/*Data for the table `system_language_strings` */
INSERT INTO `system_language_strings`(`language_string`,`language_string_type`,`system_module_id`,`screen_name`) VALUES
('Hp(10) Dose (mSv)', 'display_string', '6', 'Dose Reports Screen');

SET @languageStringId = LAST_INSERT_ID();

INSERT INTO `system_language_translations`(`language_string_id`,`language_name`,`translated_string`) VALUES
(@languageStringId,'English','Hp(10) Dose (mSv)');

/*Data for the table `system_language_strings` */
INSERT INTO `system_language_strings`(`language_string`,`language_string_type`,`system_module_id`,`screen_name`) VALUES
('Hp(0.07) Dose (mSv)', 'display_string', '6', 'Dose Reports Screen');

SET @languageStringId = LAST_INSERT_ID();

INSERT INTO `system_language_translations`(`language_string_id`,`language_name`,`translated_string`) VALUES
(@languageStringId,'English','Hp(0.07) Dose (mSv)');

/*Data for the table `system_language_strings` */
INSERT INTO `system_language_strings`(`language_string`,`language_string_type`,`system_module_id`,`screen_name`) VALUES
('Hp(10) Dose Level', 'display_string', '6', 'Dose Reports Screen');

SET @languageStringId = LAST_INSERT_ID();

INSERT INTO `system_language_translations`(`language_string_id`,`language_name`,`translated_string`) VALUES
(@languageStringId,'English','Hp(10) Dose Level');

/*Data for the table `system_language_strings` */
INSERT INTO `system_language_strings`(`language_string`,`language_string_type`,`system_module_id`,`screen_name`) VALUES
('Hp(0.07) Dose Level', 'display_string', '6', 'Dose Reports Screen');

SET @languageStringId = LAST_INSERT_ID();

INSERT INTO `system_language_translations`(`language_string_id`,`language_name`,`translated_string`) VALUES
(@languageStringId,'English','Hp(0.07) Dose Level');

/*Data for the table `system_language_strings` */
INSERT INTO `system_language_strings`(`language_string`,`language_string_type`,`system_module_id`,`screen_name`) VALUES
('Extremity Chip Number', 'display_string', '6', 'Distribute TLDs Screen');

SET @languageStringId = LAST_INSERT_ID();

INSERT INTO `system_language_translations`(`language_string_id`,`language_name`,`translated_string`) VALUES
(@languageStringId,'English','Extremity Chip Number');

/*Data for the table `system_language_strings` */
INSERT INTO `system_language_strings`(`language_string`,`language_string_type`,`system_module_id`,`screen_name`) VALUES
('Monitoring Period : ', 'display_string', '6', 'Dose Reports Screen');

SET @languageStringId = LAST_INSERT_ID();

INSERT INTO `system_language_translations`(`language_string_id`,`language_name`,`translated_string`) VALUES
(@languageStringId,'English','Monitoring Period : ');

/*Data for the table `system_language_strings` */
INSERT INTO `system_language_strings`(`language_string`,`language_string_type`,`system_module_id`,`screen_name`) VALUES
('Report Number', 'display_string', '6', 'Dose Reports Screen');

SET @languageStringId = LAST_INSERT_ID();

INSERT INTO `system_language_translations`(`language_string_id`,`language_name`,`translated_string`) VALUES
(@languageStringId,'English','Report Number');

/*Data for the table `system_language_strings` */
INSERT INTO `system_language_strings`(`language_string`,`language_string_type`,`system_module_id`,`screen_name`) VALUES
('Generated Date', 'display_string', '6', 'Dose Reports Screen');

SET @languageStringId = LAST_INSERT_ID();

INSERT INTO `system_language_translations`(`language_string_id`,`language_name`,`translated_string`) VALUES
(@languageStringId,'English','Generated Date');

/*Data for the table `system_language_strings` */
INSERT INTO `system_language_strings`(`language_string`,`language_string_type`,`system_module_id`,`screen_name`) VALUES
('Annealed Date', 'display_string', '6', 'Dose Reports Screen');

SET @languageStringId = LAST_INSERT_ID();

INSERT INTO `system_language_translations`(`language_string_id`,`language_name`,`translated_string`) VALUES
(@languageStringId,'English','Annealed Date');

/*Data for the table `system_language_strings` */
INSERT INTO `system_language_strings`(`language_string`,`language_string_type`,`system_module_id`,`screen_name`) VALUES
('Sent Date', 'display_string', '6', 'Dose Reports Screen');

SET @languageStringId = LAST_INSERT_ID();

INSERT INTO `system_language_translations`(`language_string_id`,`language_name`,`translated_string`) VALUES
(@languageStringId,'English','Sent Date');

/*Data for the table `system_language_strings` */
INSERT INTO `system_language_strings`(`language_string`,`language_string_type`,`system_module_id`,`screen_name`) VALUES
('Receipt Date', 'display_string', '6', 'Dose Reports Screen');

SET @languageStringId = LAST_INSERT_ID();

INSERT INTO `system_language_translations`(`language_string_id`,`language_name`,`translated_string`) VALUES
(@languageStringId,'English','Receipt Date');

/*Data for the table `system_language_strings` */
INSERT INTO `system_language_strings`(`language_string`,`language_string_type`,`system_module_id`,`screen_name`) VALUES
('Read Date', 'display_string', '6', 'Dose Reports Screen');

SET @languageStringId = LAST_INSERT_ID();

INSERT INTO `system_language_translations`(`language_string_id`,`language_name`,`translated_string`) VALUES
(@languageStringId,'English','Read Date');

/*Data for the table `system_language_strings` */
INSERT INTO `system_language_strings`(`language_string`,`language_string_type`,`system_module_id`,`screen_name`) VALUES
('Processed Date', 'display_string', '6', 'Dose Reports Screen');

SET @languageStringId = LAST_INSERT_ID();

INSERT INTO `system_language_translations`(`language_string_id`,`language_name`,`translated_string`) VALUES
(@languageStringId,'English','Processed Date');

/*Data for the table `system_language_strings` */
INSERT INTO `system_language_strings`(`language_string`,`language_string_type`,`system_module_id`,`screen_name`) VALUES
('Hp(10) DOSE (mSv)', 'display_string', '6', 'Dose Reports Screen');

SET @languageStringId = LAST_INSERT_ID();

INSERT INTO `system_language_translations`(`language_string_id`,`language_name`,`translated_string`) VALUES
(@languageStringId,'English','Hp(10) DOSE (mSv)');

/*Data for the table `system_language_strings` */
INSERT INTO `system_language_strings`(`language_string`,`language_string_type`,`system_module_id`,`screen_name`) VALUES
('Hp(0.07) DOSE (mSv)', 'display_string', '6', 'Dose Reports Screen');

SET @languageStringId = LAST_INSERT_ID();

INSERT INTO `system_language_translations`(`language_string_id`,`language_name`,`translated_string`) VALUES
(@languageStringId,'English','Hp(0.07) DOSE (mSv)');

/*Data for the table `system_language_strings` */
INSERT INTO `system_language_strings`(`language_string`,`language_string_type`,`system_module_id`,`screen_name`) VALUES
('Notes', 'display_string', '6', 'Dose Reports Screen');

SET @languageStringId = LAST_INSERT_ID();

INSERT INTO `system_language_translations`(`language_string_id`,`language_name`,`translated_string`) VALUES
(@languageStringId,'English','Notes');

/*Data for the table `system_language_strings` */
INSERT INTO `system_language_strings`(`language_string`,`language_string_type`,`system_module_id`,`screen_name`) VALUES
('Dose Report already in use. Therefore, the configuration option is disabled.', 'display_string', '6', 'System Configurations Screen');

SET @languageStringId = LAST_INSERT_ID();

INSERT INTO `system_language_translations`(`language_string_id`,`language_name`,`translated_string`) VALUES
(@languageStringId,'English','Dose Report already in use. Therefore, the configuration option is disabled.');

/*Data for the table `system_language_strings` */
INSERT INTO `system_language_strings`(`language_string`,`language_string_type`,`system_module_id`,`screen_name`) VALUES
('Method Used : ', 'display_string', '6', 'Dose Reports Screen');

SET @languageStringId = LAST_INSERT_ID();

INSERT INTO `system_language_translations`(`language_string_id`,`language_name`,`translated_string`) VALUES
(@languageStringId,'English','Method Used : ');

/*Update language strings*/
UPDATE `system_language_strings` SET `language_string` =  'Bulk Print Dose Report Envelopes (A5)' WHERE `language_string_id` = '3545';

UPDATE `system_language_translations` SET `translated_string` =  'Bulk Print Dose Report Envelopes (A5)' WHERE `language_translation_id` = '3549';

/*Data for the table `system_language_strings` */
INSERT INTO `system_language_strings`(`language_string`,`language_string_type`,`system_module_id`,`screen_name`) VALUES
('Method', 'display_string', '6', 'Dose Reports Screen');

SET @languageStringId = LAST_INSERT_ID();

INSERT INTO `system_language_translations`(`language_string_id`,`language_name`,`translated_string`) VALUES
(@languageStringId,'English','Method');

/*Data for the table `system_language_strings` */
INSERT INTO `system_language_strings`(`language_string`,`language_string_type`,`system_module_id`,`screen_name`) VALUES
('Monitoring Period', 'display_string', '6', 'Dose Reports Screen');

SET @languageStringId = LAST_INSERT_ID();

INSERT INTO `system_language_translations`(`language_string_id`,`language_name`,`translated_string`) VALUES
(@languageStringId,'English','Monitoring Period');

/*Data for the table `system_language_strings` */
INSERT INTO `system_language_strings`(`language_string`,`language_string_type`,`system_module_id`,`screen_name`) VALUES
('Investigation Limit (mSv)', 'display_string', '6', 'Dose Reports Screen');

SET @languageStringId = LAST_INSERT_ID();

INSERT INTO `system_language_translations`(`language_string_id`,`language_name`,`translated_string`) VALUES
(@languageStringId,'English','Investigation Limit (mSv)');

/*Data for the table `system_module_section_features` */
INSERT  INTO `system_module_section_features`(`module_section_feature_id`, `module_section_id`, `module_section_feature_name`, `showing_status`) VALUES
(168, 29, 'TLD Readings', 'Yes');

/*Data for the table `system_language_strings` */
INSERT INTO `system_language_strings`(`language_string`,`language_string_type`,`system_module_id`,`screen_name`) VALUES
('Radiation Protection Officer', 'display_string', '6', 'Distribute TLDs Screen');

SET @languageStringId = LAST_INSERT_ID();

INSERT INTO `system_language_translations`(`language_string_id`,`language_name`,`translated_string`) VALUES
(@languageStringId,'English','Radiation Protection Officer');

/*Data for the table `system_language_strings` */
INSERT INTO `system_language_strings`(`language_string`,`language_string_type`,`system_module_id`,`screen_name`) VALUES
('invalid_monitored_period', 'message', '6', 'Collect TLD Returns Screen');

SET @languageStringId = LAST_INSERT_ID();

INSERT INTO `system_language_translations`(`language_string_id`,`language_name`,`translated_string`) VALUES
(@languageStringId,'English','Monitoring period is not correct!');

/*Data for the table `system_language_strings` */
INSERT INTO `system_language_strings`(`language_string`,`language_string_type`,`system_module_id`,`screen_name`) VALUES
('Search Dose Reports', 'display_string', '6', 'Dose Reports Screen');

SET @languageStringId = LAST_INSERT_ID();

INSERT INTO `system_language_translations`(`language_string_id`,`language_name`,`translated_string`) VALUES
(@languageStringId,'English','Search Dose Reports');

/*Data for the table `system_language_strings` */
INSERT INTO `system_language_strings`(`language_string`,`language_string_type`,`system_module_id`,`screen_name`) VALUES
('TLD Readings', 'display_string', '6', 'Menus');

SET @languageStringId = LAST_INSERT_ID();

INSERT INTO `system_language_translations`(`language_string_id`,`language_name`,`translated_string`) VALUES
(@languageStringId,'English','TLD Readings');

/*Data for the table `system_language_strings` */
INSERT INTO `system_language_strings`(`language_string`,`language_string_type`,`system_module_id`,`screen_name`) VALUES
('Imported Date', 'display_string', '6', 'TLD Readings Screen');

SET @languageStringId = LAST_INSERT_ID();

INSERT INTO `system_language_translations`(`language_string_id`,`language_name`,`translated_string`) VALUES
(@languageStringId,'English','Imported Date');

/*Data for the table `system_language_strings` */
INSERT INTO `system_language_strings`(`language_string`,`language_string_type`,`system_module_id`,`screen_name`) VALUES
('Reading Date', 'display_string', '6', 'TLD Readings Screen');

SET @languageStringId = LAST_INSERT_ID();

INSERT INTO `system_language_translations`(`language_string_id`,`language_name`,`translated_string`) VALUES
(@languageStringId,'English','Reading Date');

/*Data for the table `system_language_strings` */
INSERT INTO `system_language_strings`(`language_string`,`language_string_type`,`system_module_id`,`screen_name`) VALUES
('Reading Time', 'display_string', '6', 'TLD Readings Screen');

SET @languageStringId = LAST_INSERT_ID();

INSERT INTO `system_language_translations`(`language_string_id`,`language_name`,`translated_string`) VALUES
(@languageStringId,'English','Reading Time');

/*Data for the table `system_language_strings` */
INSERT INTO `system_language_strings`(`language_string`,`language_string_type`,`system_module_id`,`screen_name`) VALUES
('TLD Number', 'display_string', '6', 'TLD Readings Screen');

SET @languageStringId = LAST_INSERT_ID();

INSERT INTO `system_language_translations`(`language_string_id`,`language_name`,`translated_string`) VALUES
(@languageStringId,'English','TLD Number');

/*Data for the table `system_language_strings` */
INSERT INTO `system_language_strings`(`language_string`,`language_string_type`,`system_module_id`,`screen_name`) VALUES
('Chip Two RCF', 'display_string', '6', 'TLD Readings Screen');

SET @languageStringId = LAST_INSERT_ID();

INSERT INTO `system_language_translations`(`language_string_id`,`language_name`,`translated_string`) VALUES
(@languageStringId,'English','Chip Two RCF');

/*Data for the table `system_language_strings` */
INSERT INTO `system_language_strings`(`language_string`,`language_string_type`,`system_module_id`,`screen_name`) VALUES
('Chip Two ECC', 'display_string', '6', 'TLD Readings Screen');

SET @languageStringId = LAST_INSERT_ID();

INSERT INTO `system_language_translations`(`language_string_id`,`language_name`,`translated_string`) VALUES
(@languageStringId,'English','Chip Two ECC');

/*Data for the table `system_language_strings` */
INSERT INTO `system_language_strings`(`language_string`,`language_string_type`,`system_module_id`,`screen_name`) VALUES
('Chip Two Original Reading', 'display_string', '6', 'TLD Readings Screen');

SET @languageStringId = LAST_INSERT_ID();

INSERT INTO `system_language_translations`(`language_string_id`,`language_name`,`translated_string`) VALUES
(@languageStringId,'English','Chip Two Original Reading');

/*Data for the table `system_language_strings` */
INSERT INTO `system_language_strings`(`language_string`,`language_string_type`,`system_module_id`,`screen_name`) VALUES
('Chip Two Calculated Reading (uSv)', 'display_string', '6', 'TLD Readings Screen');

SET @languageStringId = LAST_INSERT_ID();

INSERT INTO `system_language_translations`(`language_string_id`,`language_name`,`translated_string`) VALUES
(@languageStringId,'English','Chip Two Calculated Reading (uSv)');

/*Data for the table `system_language_strings` */
INSERT INTO `system_language_strings`(`language_string`,`language_string_type`,`system_module_id`,`screen_name`) VALUES
('Chip Three RCF', 'display_string', '6', 'TLD Readings Screen');

SET @languageStringId = LAST_INSERT_ID();

INSERT INTO `system_language_translations`(`language_string_id`,`language_name`,`translated_string`) VALUES
(@languageStringId,'English','Chip Three RCF');

/*Data for the table `system_language_strings` */
INSERT INTO `system_language_strings`(`language_string`,`language_string_type`,`system_module_id`,`screen_name`) VALUES
('Chip Three ECC', 'display_string', '6', 'TLD Readings Screen');

SET @languageStringId = LAST_INSERT_ID();

INSERT INTO `system_language_translations`(`language_string_id`,`language_name`,`translated_string`) VALUES
(@languageStringId,'English','Chip Three ECC');

/*Data for the table `system_language_strings` */
INSERT INTO `system_language_strings`(`language_string`,`language_string_type`,`system_module_id`,`screen_name`) VALUES
('Chip Three Original Reading', 'display_string', '6', 'TLD Readings Screen');

SET @languageStringId = LAST_INSERT_ID();

INSERT INTO `system_language_translations`(`language_string_id`,`language_name`,`translated_string`) VALUES
(@languageStringId,'English','Chip Three Original Reading');

/*Data for the table `system_language_strings` */
INSERT INTO `system_language_strings`(`language_string`,`language_string_type`,`system_module_id`,`screen_name`) VALUES
('Chip Three Calculated Reading (uSv)', 'display_string', '6', 'TLD Readings Screen');

SET @languageStringId = LAST_INSERT_ID();

INSERT INTO `system_language_translations`(`language_string_id`,`language_name`,`translated_string`) VALUES
(@languageStringId,'English','Chip Three Calculated Reading (uSv)');

/*Data for the table `system_language_strings` */
INSERT INTO `system_language_strings`(`language_string`,`language_string_type`,`system_module_id`,`screen_name`) VALUES
('Read Unit', 'display_string', '6', 'TLD Readings Screen');

SET @languageStringId = LAST_INSERT_ID();

INSERT INTO `system_language_translations`(`language_string_id`,`language_name`,`translated_string`) VALUES
(@languageStringId,'English','Read Unit');

/*Data for the table `system_language_strings` */
INSERT INTO `system_language_strings`(`language_string`,`language_string_type`,`system_module_id`,`screen_name`) VALUES
('Processing Status', 'display_string', '6', 'TLD Readings Screen');

SET @languageStringId = LAST_INSERT_ID();

INSERT INTO `system_language_translations`(`language_string_id`,`language_name`,`translated_string`) VALUES
(@languageStringId,'English','Processing Status');

/*Data for the table `system_language_strings` */
INSERT INTO `system_language_strings`(`language_string`,`language_string_type`,`system_module_id`,`screen_name`) VALUES
('Worker Code', 'display_string', '6', 'TLD Readings Screen');

SET @languageStringId = LAST_INSERT_ID();

INSERT INTO `system_language_translations`(`language_string_id`,`language_name`,`translated_string`) VALUES
(@languageStringId,'English','Worker Code');

/*Data for the table `system_language_strings` */
INSERT INTO `system_language_strings`(`language_string`,`language_string_type`,`system_module_id`,`screen_name`) VALUES
('Dose Report No', 'display_string', '6', 'TLD Readings Screen');

SET @languageStringId = LAST_INSERT_ID();

INSERT INTO `system_language_translations`(`language_string_id`,`language_name`,`translated_string`) VALUES
(@languageStringId,'English','Dose Report No');

/*Data for the table `system_language_strings` */
INSERT INTO `system_language_strings`(`language_string`,`language_string_type`,`system_module_id`,`screen_name`) VALUES
('Search TLD Readings', 'display_string', '6', 'TLD Readings Screen');

SET @languageStringId = LAST_INSERT_ID();

INSERT INTO `system_language_translations`(`language_string_id`,`language_name`,`translated_string`) VALUES
(@languageStringId,'English','Search TLD Readings');

/*Data for the table `system_language_strings` */
INSERT INTO `system_language_strings`(`language_string`,`language_string_type`,`system_module_id`,`screen_name`) VALUES
('Dose Report', 'display_string', '6', 'TLD Readings Screen');

SET @languageStringId = LAST_INSERT_ID();

INSERT INTO `system_language_translations`(`language_string_id`,`language_name`,`translated_string`) VALUES
(@languageStringId,'English','Dose Report');

/*Data for the table `system_language_strings` */
INSERT INTO `system_language_strings`(`language_string`,`language_string_type`,`system_module_id`,`screen_name`) VALUES
('TLD Invoice already in use. Therefore, the configuration option is disabled.', 'display_string', '6', 'System Configurations Screen');

SET @languageStringId = LAST_INSERT_ID();

INSERT INTO `system_language_translations`(`language_string_id`,`language_name`,`translated_string`) VALUES
(@languageStringId,'English','TLD Invoice already in use. Therefore, the configuration option is disabled.');

/*Data for the table `system_language_strings` */
INSERT INTO `system_language_strings`(`language_string`,`language_string_type`,`system_module_id`,`screen_name`) VALUES
('Auto Increment Dose Reports Reference Number', 'display_string', '6', 'System Configurations Screen');

SET @languageStringId = LAST_INSERT_ID();

INSERT INTO `system_language_translations`(`language_string_id`,`language_name`,`translated_string`) VALUES
(@languageStringId,'English','Auto Increment Dose Reports Reference Number');

/*Data for the table `system_language_strings` */
INSERT INTO `system_language_strings`(`language_string`,`language_string_type`,`system_module_id`,`screen_name`) VALUES
('Auto Increment TLD Invoices Reference Number', 'display_string', '6', 'System Configurations Screen');

SET @languageStringId = LAST_INSERT_ID();

INSERT INTO `system_language_translations`(`language_string_id`,`language_name`,`translated_string`) VALUES
(@languageStringId,'English','Auto Increment TLD Invoices Reference Number');

/*Data for the table `system_language_strings` */
INSERT INTO `system_language_strings`(`language_string`,`language_string_type`,`system_module_id`,`screen_name`) VALUES
('Invoice Calculation Rates', 'display_string', '6', 'System Configurations Screen');

SET @languageStringId = LAST_INSERT_ID();

INSERT INTO `system_language_translations`(`language_string_id`,`language_name`,`translated_string`) VALUES
(@languageStringId,'English','Invoice Calculation Rates');

/*Data for the table `system_language_strings` */
INSERT INTO `system_language_strings`(`language_string`,`language_string_type`,`system_module_id`,`screen_name`) VALUES
('Institute Service Type', 'display_string', '6', 'System Configurations Screen');

SET @languageStringId = LAST_INSERT_ID();

INSERT INTO `system_language_translations`(`language_string_id`,`language_name`,`translated_string`) VALUES
(@languageStringId,'English','Institute Service Type');

/*Data for the table `system_language_strings` */
INSERT INTO `system_language_strings`(`language_string`,`language_string_type`,`system_module_id`,`screen_name`) VALUES
('Institute Distribution Frequency', 'display_string', '6', 'System Configurations Screen');

SET @languageStringId = LAST_INSERT_ID();

INSERT INTO `system_language_translations`(`language_string_id`,`language_name`,`translated_string`) VALUES
(@languageStringId,'English','Institute Distribution Frequency');

/*Data for the table `system_language_strings` */
INSERT INTO `system_language_strings`(`language_string`,`language_string_type`,`system_module_id`,`screen_name`) VALUES
('Rate should be a double value', 'display_string', '6', 'System Configurations Screen');

SET @languageStringId = LAST_INSERT_ID();

INSERT INTO `system_language_translations`(`language_string_id`,`language_name`,`translated_string`) VALUES
(@languageStringId,'English','Rate should be a double value');

/*Data for the table `system_language_strings` */
INSERT INTO `system_language_strings`(`language_string`,`language_string_type`,`system_module_id`,`screen_name`) VALUES
('Invoice Number', 'display_string', '6', 'TLD Invoices Screen');

SET @languageStringId = LAST_INSERT_ID();

INSERT INTO `system_language_translations`(`language_string_id`,`language_name`,`translated_string`) VALUES
(@languageStringId,'English','Invoice Number');

/*Data for the table `system_language_strings` */
INSERT INTO `system_language_strings`(`language_string`,`language_string_type`,`system_module_id`,`screen_name`) VALUES
('distributions_not_selected_for_bulk_print', 'message', '6', 'Distribute TLDs Screen');

SET @languageStringId = LAST_INSERT_ID();

INSERT INTO `system_language_translations`(`language_string_id`,`language_name`,`translated_string`) VALUES
(@languageStringId,'English','Distributions not selected for bulk print!');

/*Data for the table `system_language_strings` */
INSERT INTO `system_language_strings`(`language_string`,`language_string_type`,`system_module_id`,`screen_name`) VALUES
('dose_reports_not_selected_for_bulk_print', 'message', '6', 'Distribute TLDs Screen');

SET @languageStringId = LAST_INSERT_ID();

INSERT INTO `system_language_translations`(`language_string_id`,`language_name`,`translated_string`) VALUES
(@languageStringId,'English','Dose Reports not selected for bulk print!');

/*Data for the table `system_language_strings` */
INSERT INTO `system_language_strings`(`language_string`,`language_string_type`,`system_module_id`,`screen_name`) VALUES
('reminder_successfully_generated', 'message', '6', 'Not Returned TLDs Screen');

SET @languageStringId = LAST_INSERT_ID();

INSERT INTO `system_language_translations`(`language_string_id`,`language_name`,`translated_string`) VALUES
(@languageStringId,'English','Reminder letter successfully generated!');

/*Data for the table `system_language_strings` */
INSERT INTO `system_language_strings`(`language_string`,`language_string_type`,`system_module_id`,`screen_name`) VALUES
('Print Status', 'display_string', '6', 'Not Returned TLDs Screen');

SET @languageStringId = LAST_INSERT_ID();

INSERT INTO `system_language_translations`(`language_string_id`,`language_name`,`translated_string`) VALUES
(@languageStringId,'English','Print Status');

/*Data for the table `system_language_strings` */
INSERT INTO `system_language_strings`(`language_string`,`language_string_type`,`system_module_id`,`screen_name`) VALUES
('Print Date', 'display_string', '6', 'Not Returned TLDs Screen');

SET @languageStringId = LAST_INSERT_ID();

INSERT INTO `system_language_translations`(`language_string_id`,`language_name`,`translated_string`) VALUES
(@languageStringId,'English','Print Date');

/*Data for the table `system_language_strings` */
INSERT INTO `system_language_strings`(`language_string`,`language_string_type`,`system_module_id`,`screen_name`) VALUES
('Reminder Date', 'display_string', '6', 'Not Returned TLDs Screen');

SET @languageStringId = LAST_INSERT_ID();

INSERT INTO `system_language_translations`(`language_string_id`,`language_name`,`translated_string`) VALUES
(@languageStringId,'English','Reminder Date');

/*Data for the table `system_language_strings` */
INSERT INTO `system_language_strings`(`language_string`,`language_string_type`,`system_module_id`,`screen_name`) VALUES
('Reminder Count', 'display_string', '6', 'Not Returned TLDs Screen');

SET @languageStringId = LAST_INSERT_ID();

INSERT INTO `system_language_translations`(`language_string_id`,`language_name`,`translated_string`) VALUES
(@languageStringId,'English','Reminder Count');

/*Data for the table `system_language_strings` */
INSERT INTO `system_language_strings`(`language_string`,`language_string_type`,`system_module_id`,`screen_name`) VALUES
('Previous Reminder Dates', 'display_string', '6', 'Not Returned TLDs Screen');

SET @languageStringId = LAST_INSERT_ID();

INSERT INTO `system_language_translations`(`language_string_id`,`language_name`,`translated_string`) VALUES
(@languageStringId,'English','Previous Reminder Dates');

/*Data for the table `system_language_strings` */
INSERT INTO `system_language_strings`(`language_string`,`language_string_type`,`system_module_id`,`screen_name`) VALUES
('Reminder Letter', 'message', '6', 'Not Returned TLDs Screen');

SET @languageStringId = LAST_INSERT_ID();

INSERT INTO `system_language_translations`(`language_string_id`,`language_name`,`translated_string`) VALUES
(@languageStringId,'English','Reminder Letter');

/*Data for the table `system_language_strings` */
INSERT INTO `system_language_strings`(`language_string`,`language_string_type`,`system_module_id`,`screen_name`) VALUES
('Institute Code', 'display_string', '6', 'PMSL Reports Screen');

SET @languageStringId = LAST_INSERT_ID();

INSERT INTO `system_language_translations`(`language_string_id`,`language_name`,`translated_string`) VALUES
(@languageStringId,'English','Institute Code');

/*Data for the table `system_language_strings` */
INSERT INTO `system_language_strings`(`language_string`,`language_string_type`,`system_module_id`,`screen_name`) VALUES
('Updated Date', 'display_string', '6', 'PMSL Reports Screen');

SET @languageStringId = LAST_INSERT_ID();

INSERT INTO `system_language_translations`(`language_string_id`,`language_name`,`translated_string`) VALUES
(@languageStringId,'English','Updated Date');

/*Data for the table `system_language_strings` */
INSERT INTO `system_language_strings`(`language_string`,`language_string_type`,`system_module_id`,`screen_name`) VALUES
('Updated User', 'display_string', '6', 'PMSL Reports Screen');

SET @languageStringId = LAST_INSERT_ID();

INSERT INTO `system_language_translations`(`language_string_id`,`language_name`,`translated_string`) VALUES
(@languageStringId,'English','Updated User');

/*Data for the table `system_language_strings` */
INSERT INTO `system_language_strings`(`language_string`,`language_string_type`,`system_module_id`,`screen_name`) VALUES
('Worker Status', 'display_string', '6', 'PMSL Reports Screen');

SET @languageStringId = LAST_INSERT_ID();

INSERT INTO `system_language_translations`(`language_string_id`,`language_name`,`translated_string`) VALUES
(@languageStringId,'English','Worker Status');

/*Data for the table `system_language_strings` */
INSERT INTO `system_language_strings`(`language_string`,`language_string_type`,`system_module_id`,`screen_name`) VALUES
('Work Period', 'display_string', '6', 'PMSL Reports Screen');

SET @languageStringId = LAST_INSERT_ID();

INSERT INTO `system_language_translations`(`language_string_id`,`language_name`,`translated_string`) VALUES
(@languageStringId,'English','Work Period');

/*Data for the table `system_language_strings` */
INSERT INTO `system_language_strings`(`language_string`,`language_string_type`,`system_module_id`,`screen_name`) VALUES
('Show Worker Institute', 'display_string', '6', 'PMSL Reports Screen');

SET @languageStringId = LAST_INSERT_ID();

INSERT INTO `system_language_translations`(`language_string_id`,`language_name`,`translated_string`) VALUES
(@languageStringId,'English','Show Worker Institute');

/*Data for the table `system_language_strings` */
INSERT INTO `system_language_strings`(`language_string`,`language_string_type`,`system_module_id`,`screen_name`) VALUES
('Display Chip Two and Chip Three Readings', 'display_string', '6', 'TLD Readings Screen');

SET @languageStringId = LAST_INSERT_ID();

INSERT INTO `system_language_translations`(`language_string_id`,`language_name`,`translated_string`) VALUES
(@languageStringId,'English','Display Chip Two and Chip Three Readings');

/*Data for the table `system_language_strings` */
INSERT INTO `system_language_strings`(`language_string`,`language_string_type`,`system_module_id`,`screen_name`) VALUES
('Display Chip One and Chip Four Readings', 'display_string', '6', 'TLD Readings Screen');

SET @languageStringId = LAST_INSERT_ID();

INSERT INTO `system_language_translations`(`language_string_id`,`language_name`,`translated_string`) VALUES
(@languageStringId,'English','Display Chip One and Chip Four Readings');

/*Data for the table `system_language_strings` */
INSERT INTO `system_language_strings`(`language_string`,`language_string_type`,`system_module_id`,`screen_name`) VALUES
('Chip One RCF', 'display_string', '6', 'TLD Readings Screen');

SET @languageStringId = LAST_INSERT_ID();

INSERT INTO `system_language_translations`(`language_string_id`,`language_name`,`translated_string`) VALUES
(@languageStringId,'English','Chip One RCF');

/*Data for the table `system_language_strings` */
INSERT INTO `system_language_strings`(`language_string`,`language_string_type`,`system_module_id`,`screen_name`) VALUES
('Chip One ECC', 'display_string', '6', 'TLD Readings Screen');

SET @languageStringId = LAST_INSERT_ID();

INSERT INTO `system_language_translations`(`language_string_id`,`language_name`,`translated_string`) VALUES
(@languageStringId,'English','Chip One ECC');

/*Data for the table `system_language_strings` */
INSERT INTO `system_language_strings`(`language_string`,`language_string_type`,`system_module_id`,`screen_name`) VALUES
('Chip One Original Reading', 'display_string', '6', 'TLD Readings Screen');

SET @languageStringId = LAST_INSERT_ID();

INSERT INTO `system_language_translations`(`language_string_id`,`language_name`,`translated_string`) VALUES
(@languageStringId,'English','Chip One Original Reading');

/*Data for the table `system_language_strings` */
INSERT INTO `system_language_strings`(`language_string`,`language_string_type`,`system_module_id`,`screen_name`) VALUES
('Chip One Calculated Reading (uSv)', 'display_string', '6', 'TLD Readings Screen');

SET @languageStringId = LAST_INSERT_ID();

INSERT INTO `system_language_translations`(`language_string_id`,`language_name`,`translated_string`) VALUES
(@languageStringId,'English','Chip One Calculated Reading (uSv)');

/*Data for the table `system_language_strings` */
INSERT INTO `system_language_strings`(`language_string`,`language_string_type`,`system_module_id`,`screen_name`) VALUES
('Chip Four RCF', 'display_string', '6', 'TLD Readings Screen');

SET @languageStringId = LAST_INSERT_ID();

INSERT INTO `system_language_translations`(`language_string_id`,`language_name`,`translated_string`) VALUES
(@languageStringId,'English','Chip Four RCF');

/*Data for the table `system_language_strings` */
INSERT INTO `system_language_strings`(`language_string`,`language_string_type`,`system_module_id`,`screen_name`) VALUES
('Chip Four ECC', 'display_string', '6', 'TLD Readings Screen');

SET @languageStringId = LAST_INSERT_ID();

INSERT INTO `system_language_translations`(`language_string_id`,`language_name`,`translated_string`) VALUES
(@languageStringId,'English','Chip Four ECC');

/*Data for the table `system_language_strings` */
INSERT INTO `system_language_strings`(`language_string`,`language_string_type`,`system_module_id`,`screen_name`) VALUES
('Chip Four Original Reading', 'display_string', '6', 'TLD Readings Screen');

SET @languageStringId = LAST_INSERT_ID();

INSERT INTO `system_language_translations`(`language_string_id`,`language_name`,`translated_string`) VALUES
(@languageStringId,'English','Chip Four Original Reading');

/*Data for the table `system_language_strings` */
INSERT INTO `system_language_strings`(`language_string`,`language_string_type`,`system_module_id`,`screen_name`) VALUES
('Chip Four Calculated Reading (uSv)', 'display_string', '6', 'TLD Readings Screen');

SET @languageStringId = LAST_INSERT_ID();

INSERT INTO `system_language_translations`(`language_string_id`,`language_name`,`translated_string`) VALUES
(@languageStringId,'English','Chip Four Calculated Reading (uSv)');

/*Data for the table `system_language_strings` */
INSERT INTO `system_language_strings`(`language_string`,`language_string_type`,`system_module_id`,`screen_name`) VALUES
('Extremity Ring Dose (mSv)', 'display_string', '6', 'Dose Reports Screen');

SET @languageStringId = LAST_INSERT_ID();

INSERT INTO `system_language_translations`(`language_string_id`,`language_name`,`translated_string`) VALUES
(@languageStringId,'English','Extremity Ring Dose (mSv)');

/*Data for the table `system_language_strings` */
INSERT INTO `system_language_strings`(`language_string`,`language_string_type`,`system_module_id`,`screen_name`) VALUES
('Extremity Ring Dose Level', 'display_string', '6', 'Dose Reports Screen');

SET @languageStringId = LAST_INSERT_ID();

INSERT INTO `system_language_translations`(`language_string_id`,`language_name`,`translated_string`) VALUES
(@languageStringId,'English','Extremity Ring Dose Level');

/*Data for the table `system_language_strings` */
INSERT INTO `system_language_strings`(`language_string`,`language_string_type`,`system_module_id`,`screen_name`) VALUES
('Extremity Eye Dose (mSv)', 'display_string', '6', 'Dose Reports Screen');

SET @languageStringId = LAST_INSERT_ID();

INSERT INTO `system_language_translations`(`language_string_id`,`language_name`,`translated_string`) VALUES
(@languageStringId,'English','Extremity Eye Dose (mSv)');

/*Data for the table `system_language_strings` */
INSERT INTO `system_language_strings`(`language_string`,`language_string_type`,`system_module_id`,`screen_name`) VALUES
('Extremity Eye Dose Level', 'display_string', '6', 'Dose Reports Screen');

SET @languageStringId = LAST_INSERT_ID();

INSERT INTO `system_language_translations`(`language_string_id`,`language_name`,`translated_string`) VALUES
(@languageStringId,'English','Extremity Eye Dose Level');

/*Data for the table `system_language_strings` */
INSERT INTO `system_language_strings`(`language_string`,`language_string_type`,`system_module_id`,`screen_name`) VALUES
('EXTREMITY RING DOSE (mSv)', 'display_string', '6', 'Dose Reports Screen');

SET @languageStringId = LAST_INSERT_ID();

INSERT INTO `system_language_translations`(`language_string_id`,`language_name`,`translated_string`) VALUES
(@languageStringId,'English','EXTREMITY RING DOSE (mSv)');

/*Data for the table `system_language_strings` */
INSERT INTO `system_language_strings`(`language_string`,`language_string_type`,`system_module_id`,`screen_name`) VALUES
('EXTREMITY EYE DOSE (mSv)', 'display_string', '6', 'Dose Reports Screen');

SET @languageStringId = LAST_INSERT_ID();

INSERT INTO `system_language_translations`(`language_string_id`,`language_name`,`translated_string`) VALUES
(@languageStringId,'English','EXTREMITY EYE DOSE (mSv)');

/*Data for the table `system_language_strings` */
INSERT INTO `system_language_strings`(`language_string`,`language_string_type`,`system_module_id`,`screen_name`) VALUES
('Original Background Reading (uSv)', 'display_string', '6', 'Dose Reports Screen');

SET @languageStringId = LAST_INSERT_ID();

INSERT INTO `system_language_translations`(`language_string_id`,`language_name`,`translated_string`) VALUES
(@languageStringId,'English','Original Background Reading (uSv)');

/*Data for the table `system_language_strings` */
INSERT INTO `system_language_strings`(`language_string`,`language_string_type`,`system_module_id`,`screen_name`) VALUES
('Recalculate Dose Report', 'display_string', '6', 'Dose Reports Screen');

SET @languageStringId = LAST_INSERT_ID();

INSERT INTO `system_language_translations`(`language_string_id`,`language_name`,`translated_string`) VALUES
(@languageStringId,'English','Recalculate Dose Report');

/*Data for the table `system_language_strings` */
INSERT INTO `system_language_strings`(`language_string`,`language_string_type`,`system_module_id`,`screen_name`) VALUES
('New Background Reading (uSv)', 'display_string', '6', 'Dose Reports Screen');

SET @languageStringId = LAST_INSERT_ID();

INSERT INTO `system_language_translations`(`language_string_id`,`language_name`,`translated_string`) VALUES
(@languageStringId,'English','New Background Reading (uSv)');

/*Data for the table `system_language_strings` */
INSERT INTO `system_language_strings`(`language_string`,`language_string_type`,`system_module_id`,`screen_name`) VALUES
('Hp(10) Dose', 'display_string', '6', 'Dose Reports Screen');

SET @languageStringId = LAST_INSERT_ID();

INSERT INTO `system_language_translations`(`language_string_id`,`language_name`,`translated_string`) VALUES
(@languageStringId,'English','Hp(10) Dose');

/*Data for the table `system_language_strings` */
INSERT INTO `system_language_strings`(`language_string`,`language_string_type`,`system_module_id`,`screen_name`) VALUES
('Hp(0.07) Dose', 'display_string', '6', 'Dose Reports Screen');

SET @languageStringId = LAST_INSERT_ID();

INSERT INTO `system_language_translations`(`language_string_id`,`language_name`,`translated_string`) VALUES
(@languageStringId,'English','Hp(0.07) Dose');

/*Data for the table `system_language_strings` */
INSERT INTO `system_language_strings`(`language_string`,`language_string_type`,`system_module_id`,`screen_name`) VALUES
('Extremity Dose', 'display_string', '6', 'Dose Reports Screen');

SET @languageStringId = LAST_INSERT_ID();

INSERT INTO `system_language_translations`(`language_string_id`,`language_name`,`translated_string`) VALUES
(@languageStringId,'English','Extremity Dose');

/*Data for the table `system_language_strings` */
INSERT INTO `system_language_strings`(`language_string`,`language_string_type`,`system_module_id`,`screen_name`) VALUES
('New Hp(10) Dose', 'display_string', '6', 'Dose Reports Screen');

SET @languageStringId = LAST_INSERT_ID();

INSERT INTO `system_language_translations`(`language_string_id`,`language_name`,`translated_string`) VALUES
(@languageStringId,'English','New Hp(10) Dose');

/*Data for the table `system_language_strings` */
INSERT INTO `system_language_strings`(`language_string`,`language_string_type`,`system_module_id`,`screen_name`) VALUES
('New Hp(0.07) Dose', 'display_string', '6', 'Dose Reports Screen');

SET @languageStringId = LAST_INSERT_ID();

INSERT INTO `system_language_translations`(`language_string_id`,`language_name`,`translated_string`) VALUES
(@languageStringId,'English','New Hp(0.07) Dose');

/*Data for the table `system_language_strings` */
INSERT INTO `system_language_strings`(`language_string`,`language_string_type`,`system_module_id`,`screen_name`) VALUES
('New Extremity Dose', 'display_string', '6', 'Dose Reports Screen');

SET @languageStringId = LAST_INSERT_ID();

INSERT INTO `system_language_translations`(`language_string_id`,`language_name`,`translated_string`) VALUES
(@languageStringId,'English','New Extremity Dose');

/*Data for the table `system_language_strings` */
INSERT INTO `system_language_strings`(`language_string`,`language_string_type`,`system_module_id`,`screen_name`) VALUES
('Dose Report successfully recalculated', 'message', '6', 'Dose Reports Screen');

SET @languageStringId = LAST_INSERT_ID();

INSERT INTO `system_language_translations`(`language_string_id`,`language_name`,`translated_string`) VALUES
(@languageStringId,'English','Dose Report successfully recalculated');

/*Data for the table `system_language_strings` */
INSERT INTO `system_language_strings`(`language_string`,`language_string_type`,`system_module_id`,`screen_name`) VALUES
('Distribution No', 'display_string', '6', 'PMSL Reports Screen');

SET @languageStringId = LAST_INSERT_ID();

INSERT INTO `system_language_translations`(`language_string_id`,`language_name`,`translated_string`) VALUES
(@languageStringId,'English','Distribution No');

/*Data for the table `system_language_strings` */
INSERT INTO `system_language_strings`(`language_string`,`language_string_type`,`system_module_id`,`screen_name`) VALUES
('Background Hp(10) Dose (uSv)', 'display_string', '6', 'PMSL Reports Screen');

SET @languageStringId = LAST_INSERT_ID();

INSERT INTO `system_language_translations`(`language_string_id`,`language_name`,`translated_string`) VALUES
(@languageStringId,'English','Background Hp(10) Dose (uSv)');

/*Data for the table `system_language_strings` */
INSERT INTO `system_language_strings`(`language_string`,`language_string_type`,`system_module_id`,`screen_name`) VALUES
('Background Hp(0.07) Dose (uSv)', 'display_string', '6', 'PMSL Reports Screen');

SET @languageStringId = LAST_INSERT_ID();

INSERT INTO `system_language_translations`(`language_string_id`,`language_name`,`translated_string`) VALUES
(@languageStringId,'English','Background Hp(0.07) Dose (uSv)');

/*Data for the table `system_language_strings` */
INSERT INTO `system_language_strings`(`language_string`,`language_string_type`,`system_module_id`,`screen_name`) VALUES
('Background Extremity Dose (uSv)', 'display_string', '6', 'PMSL Reports Screen');

SET @languageStringId = LAST_INSERT_ID();

INSERT INTO `system_language_translations`(`language_string_id`,`language_name`,`translated_string`) VALUES
(@languageStringId,'English','Background Extremity Dose (uSv)');

/*Data for the table `system_language_strings` */
INSERT INTO `system_language_strings`(`language_string`,`language_string_type`,`system_module_id`,`screen_name`) VALUES
('Per Day Hp(10) Dose (uSv)', 'display_string', '6', 'PMSL Reports Screen');

SET @languageStringId = LAST_INSERT_ID();

INSERT INTO `system_language_translations`(`language_string_id`,`language_name`,`translated_string`) VALUES
(@languageStringId,'English','Per Day Hp(10) Dose (uSv)');

/*Data for the table `system_language_strings` */
INSERT INTO `system_language_strings`(`language_string`,`language_string_type`,`system_module_id`,`screen_name`) VALUES
('Per Day Hp(0.07) Dose (uSv)', 'display_string', '6', 'PMSL Reports Screen');

SET @languageStringId = LAST_INSERT_ID();

INSERT INTO `system_language_translations`(`language_string_id`,`language_name`,`translated_string`) VALUES
(@languageStringId,'English','Per Day Hp(0.07) Dose (uSv)');

/*Data for the table `system_language_strings` */
INSERT INTO `system_language_strings`(`language_string`,`language_string_type`,`system_module_id`,`screen_name`) VALUES
('Per Day Extremity Dose (uSv)', 'display_string', '6', 'PMSL Reports Screen');

SET @languageStringId = LAST_INSERT_ID();

INSERT INTO `system_language_translations`(`language_string_id`,`language_name`,`translated_string`) VALUES
(@languageStringId,'English','Per Day Extremity Dose (uSv)');

/*Data for the table `system_language_strings` */
INSERT INTO `system_language_strings`(`language_string`,`language_string_type`,`system_module_id`,`screen_name`) VALUES
('Average Per Day Hp(10) Dose (uSv)', 'display_string', '6', 'PMSL Reports Screen');

SET @languageStringId = LAST_INSERT_ID();

INSERT INTO `system_language_translations`(`language_string_id`,`language_name`,`translated_string`) VALUES
(@languageStringId,'English','Average Per Day Hp(10) Dose (uSv)');

/*Data for the table `system_language_strings` */
INSERT INTO `system_language_strings`(`language_string`,`language_string_type`,`system_module_id`,`screen_name`) VALUES
('Average Per Day Hp(0.07) Dose (uSv)', 'display_string', '6', 'PMSL Reports Screen');

SET @languageStringId = LAST_INSERT_ID();

INSERT INTO `system_language_translations`(`language_string_id`,`language_name`,`translated_string`) VALUES
(@languageStringId,'English','Average Per Day Hp(0.07) Dose (uSv)');

/*Data for the table `system_language_strings` */
INSERT INTO `system_language_strings`(`language_string`,`language_string_type`,`system_module_id`,`screen_name`) VALUES
('Average Per Day Extremity Dose (uSv)', 'display_string', '6', 'PMSL Reports Screen');

SET @languageStringId = LAST_INSERT_ID();

INSERT INTO `system_language_translations`(`language_string_id`,`language_name`,`translated_string`) VALUES
(@languageStringId,'English','Average Per Day Extremity Dose (uSv)');

/*Data for the table `system_language_strings` */
INSERT INTO `system_language_strings`(`language_string`,`language_string_type`,`system_module_id`,`screen_name`) VALUES
('Hp(10) Dose Standard Deviation (uSv)', 'display_string', '6', 'PMSL Reports Screen');

SET @languageStringId = LAST_INSERT_ID();

INSERT INTO `system_language_translations`(`language_string_id`,`language_name`,`translated_string`) VALUES
(@languageStringId,'English','Hp(10) Dose Standard Deviation (uSv)');

/*Data for the table `system_language_strings` */
INSERT INTO `system_language_strings`(`language_string`,`language_string_type`,`system_module_id`,`screen_name`) VALUES
('Hp(0.07) Dose Standard Deviation (uSv)', 'display_string', '6', 'PMSL Reports Screen');

SET @languageStringId = LAST_INSERT_ID();

INSERT INTO `system_language_translations`(`language_string_id`,`language_name`,`translated_string`) VALUES
(@languageStringId,'English','Hp(0.07) Dose Standard Deviation (uSv)');

/*Data for the table `system_language_strings` */
INSERT INTO `system_language_strings`(`language_string`,`language_string_type`,`system_module_id`,`screen_name`) VALUES
('Extremity Dose Standard Deviation (uSv)', 'display_string', '6', 'PMSL Reports Screen');

SET @languageStringId = LAST_INSERT_ID();

INSERT INTO `system_language_translations`(`language_string_id`,`language_name`,`translated_string`) VALUES
(@languageStringId,'English','Extremity Dose Standard Deviation (uSv)');

/*Data for the table `system_language_strings` */
INSERT INTO `system_language_strings`(`language_string`,`language_string_type`,`system_module_id`,`screen_name`) VALUES
('Show Average Per Day Dose Graph', 'display_string', '6', 'PMSL Reports Screen');

SET @languageStringId = LAST_INSERT_ID();

INSERT INTO `system_language_translations`(`language_string_id`,`language_name`,`translated_string`) VALUES
(@languageStringId,'English','Show Average Per Day Dose Graph');

/*Data for the table `system_language_strings` */
INSERT INTO `system_language_strings`(`language_string`,`language_string_type`,`system_module_id`,`screen_name`) VALUES
('Average Per Day Dose Variation', 'display_string', '6', 'PMSL Reports Screen');

SET @languageStringId = LAST_INSERT_ID();

INSERT INTO `system_language_translations`(`language_string_id`,`language_name`,`translated_string`) VALUES
(@languageStringId,'English','Average Per Day Dose Variation');

/*Data for the table `system_language_strings` */
INSERT INTO `system_language_strings`(`language_string`,`language_string_type`,`system_module_id`,`screen_name`) VALUES
('Field Whole Body TLD', 'display_string', '6', 'PMSL Reports Screen');

SET @languageStringId = LAST_INSERT_ID();

INSERT INTO `system_language_translations`(`language_string_id`,`language_name`,`translated_string`) VALUES
(@languageStringId,'English','Field Whole Body TLD');

/*Data for the table `system_language_strings` */
INSERT INTO `system_language_strings`(`language_string`,`language_string_type`,`system_module_id`,`screen_name`) VALUES
('Field Collar Dose TLD', 'display_string', '6', 'PMSL Reports Screen');

SET @languageStringId = LAST_INSERT_ID();

INSERT INTO `system_language_translations`(`language_string_id`,`language_name`,`translated_string`) VALUES
(@languageStringId,'English','Field Collar Dose TLD');

/*Data for the table `system_language_strings` */
INSERT INTO `system_language_strings`(`language_string`,`language_string_type`,`system_module_id`,`screen_name`) VALUES
('Field Extremity TLD', 'display_string', '6', 'PMSL Reports Screen');

SET @languageStringId = LAST_INSERT_ID();

INSERT INTO `system_language_translations`(`language_string_id`,`language_name`,`translated_string`) VALUES
(@languageStringId,'English','Field Extremity TLD');

/*Data for the table `system_language_strings` */
INSERT INTO `system_language_strings`(`language_string`,`language_string_type`,`system_module_id`,`screen_name`) VALUES
('Selected TLD is not valid under selected distribution method!', 'message', '6', 'Distribute TLDs Screen');

SET @languageStringId = LAST_INSERT_ID();

INSERT INTO `system_language_translations`(`language_string_id`,`language_name`,`translated_string`) VALUES
(@languageStringId,'English','Selected TLD is not valid under selected distribution method!');

/*Data for the table `system_language_strings` */
INSERT INTO `system_language_strings`(`language_string`,`language_string_type`,`system_module_id`,`screen_name`) VALUES
('No.of TLD cards returned:', 'display_string', '6', 'Distribute TLDs Screen');

SET @languageStringId = LAST_INSERT_ID();

INSERT INTO `system_language_translations`(`language_string_id`,`language_name`,`translated_string`) VALUES
(@languageStringId,'English','No.of TLD cards returned:');

/*Data for the table `system_language_strings` */
INSERT INTO `system_language_strings`(`language_string`,`language_string_type`,`system_module_id`,`screen_name`) VALUES
('Name & Signature of the RPO/Authorized Person :', 'display_string', '6', 'Distribute TLDs Screen');

SET @languageStringId = LAST_INSERT_ID();

INSERT INTO `system_language_translations`(`language_string_id`,`language_name`,`translated_string`) VALUES
(@languageStringId,'English','Name & Signature of the RPO/Authorized Person :');

/*Data for the table `system_language_strings` */
INSERT INTO `system_language_strings`(`language_string`,`language_string_type`,`system_module_id`,`screen_name`) VALUES
('Return No', 'display_string', '6', 'PMSL Reports Screen');

SET @languageStringId = LAST_INSERT_ID();

INSERT INTO `system_language_translations`(`language_string_id`,`language_name`,`translated_string`) VALUES
(@languageStringId,'English','Return No');

/*Data for the table `system_language_strings` */
INSERT INTO `system_language_strings`(`language_string`,`language_string_type`,`system_module_id`,`screen_name`) VALUES
('Invoice Date', 'display_string', '6', 'PMSL Reports Screen');

SET @languageStringId = LAST_INSERT_ID();

INSERT INTO `system_language_translations`(`language_string_id`,`language_name`,`translated_string`) VALUES
(@languageStringId,'English','Invoice Date');

/*Data for the table `system_language_strings` */
INSERT INTO `system_language_strings`(`language_string`,`language_string_type`,`system_module_id`,`screen_name`) VALUES
('Assigned Worker Code', 'display_string', '6', 'PMSL Reports Screen');

SET @languageStringId = LAST_INSERT_ID();

INSERT INTO `system_language_translations`(`language_string_id`,`language_name`,`translated_string`) VALUES
(@languageStringId,'English','Assigned Worker Code');

/*Data for the table `system_language_strings` */
INSERT INTO `system_language_strings`(`language_string`,`language_string_type`,`system_module_id`,`screen_name`) VALUES
('Assigned Worker Name', 'display_string', '6', 'PMSL Reports Screen');

SET @languageStringId = LAST_INSERT_ID();

INSERT INTO `system_language_translations`(`language_string_id`,`language_name`,`translated_string`) VALUES
(@languageStringId,'English','Assigned Worker Name');

/*Data for the table `system_language_strings` */
INSERT INTO `system_language_strings`(`language_string`,`language_string_type`,`system_module_id`,`screen_name`) VALUES
('Not Return No', 'display_string', '6', 'PMSL Reports Screen');

SET @languageStringId = LAST_INSERT_ID();

INSERT INTO `system_language_translations`(`language_string_id`,`language_name`,`translated_string`) VALUES
(@languageStringId,'English','Not Return No');

/*Data for the table `system_language_strings` */
INSERT INTO `system_language_strings`(`language_string`,`language_string_type`,`system_module_id`,`screen_name`) VALUES
('Exposure Period', 'display_string', '6', 'PMSL Reports Screen');

SET @languageStringId = LAST_INSERT_ID();

INSERT INTO `system_language_translations`(`language_string_id`,`language_name`,`translated_string`) VALUES
(@languageStringId,'English','Exposure Period');

/*Data for the table `system_language_strings` */
INSERT INTO `system_language_strings`(`language_string`,`language_string_type`,`system_module_id`,`screen_name`) VALUES
('Returned Date', 'display_string', '6', 'PMSL Reports Screen');

SET @languageStringId = LAST_INSERT_ID();

INSERT INTO `system_language_translations`(`language_string_id`,`language_name`,`translated_string`) VALUES
(@languageStringId,'English','Returned Date');

/*Data for the table `system_language_strings` */
INSERT INTO `system_language_strings`(`language_string`,`language_string_type`,`system_module_id`,`screen_name`) VALUES
('Dose Monitored Period', 'display_string', '6', 'PMSL Reports Screen');

SET @languageStringId = LAST_INSERT_ID();

INSERT INTO `system_language_translations`(`language_string_id`,`language_name`,`translated_string`) VALUES
(@languageStringId,'English','Dose Monitored Period');

/*Data for the table `system_language_strings` */
INSERT INTO `system_language_strings`(`language_string`,`language_string_type`,`system_module_id`,`screen_name`) VALUES
('Cumulated Hp(10) Dose', 'display_string', '6', 'PMSL Reports Screen');

SET @languageStringId = LAST_INSERT_ID();

INSERT INTO `system_language_translations`(`language_string_id`,`language_name`,`translated_string`) VALUES
(@languageStringId,'English','Cumulated Hp(10) Dose');

/*Data for the table `system_language_strings` */
INSERT INTO `system_language_strings`(`language_string`,`language_string_type`,`system_module_id`,`screen_name`) VALUES
('Cumulated Hp(0.07) Dose', 'display_string', '6', 'PMSL Reports Screen');

SET @languageStringId = LAST_INSERT_ID();

INSERT INTO `system_language_translations`(`language_string_id`,`language_name`,`translated_string`) VALUES
(@languageStringId,'English','Cumulated Hp(0.07) Dose');

/*Data for the table `system_language_strings` */
INSERT INTO `system_language_strings`(`language_string`,`language_string_type`,`system_module_id`,`screen_name`) VALUES
('Cumulated Extremity Ring Dose', 'display_string', '6', 'PMSL Reports Screen');

SET @languageStringId = LAST_INSERT_ID();

INSERT INTO `system_language_translations`(`language_string_id`,`language_name`,`translated_string`) VALUES
(@languageStringId,'English','Cumulated Extremity Ring Dose');

/*Data for the table `system_language_strings` */
INSERT INTO `system_language_strings`(`language_string`,`language_string_type`,`system_module_id`,`screen_name`) VALUES
('Cumulated Extremity Eye Dose', 'display_string', '6', 'PMSL Reports Screen');

SET @languageStringId = LAST_INSERT_ID();

INSERT INTO `system_language_translations`(`language_string_id`,`language_name`,`translated_string`) VALUES
(@languageStringId,'English','Cumulated Extremity Eye Dose');

/*Data for the table `system_language_strings` */
INSERT INTO `system_language_strings`(`language_string`,`language_string_type`,`system_module_id`,`screen_name`) VALUES
('Extremity Ring Dose', 'display_string', '6', 'PMSL Reports Screen');

SET @languageStringId = LAST_INSERT_ID();

INSERT INTO `system_language_translations`(`language_string_id`,`language_name`,`translated_string`) VALUES
(@languageStringId,'English','Extremity Ring Dose');

/*Data for the table `system_language_strings` */
INSERT INTO `system_language_strings`(`language_string`,`language_string_type`,`system_module_id`,`screen_name`) VALUES
('Extremity Eye Dose', 'display_string', '6', 'PMSL Reports Screen');

SET @languageStringId = LAST_INSERT_ID();

INSERT INTO `system_language_translations`(`language_string_id`,`language_name`,`translated_string`) VALUES
(@languageStringId,'English','Extremity Eye Dose');

/*Data for the table `system_language_strings` */
INSERT INTO `system_language_strings`(`language_string`,`language_string_type`,`system_module_id`,`screen_name`) VALUES
('Exposure Start Date', 'display_string', '6', 'Dose Reports Screen');

SET @languageStringId = LAST_INSERT_ID();

INSERT INTO `system_language_translations`(`language_string_id`,`language_name`,`translated_string`) VALUES
(@languageStringId,'English','Exposure Start Date');

/*Data for the table `system_language_strings` */
INSERT INTO `system_language_strings`(`language_string`,`language_string_type`,`system_module_id`,`screen_name`) VALUES
('Exposure End Date', 'display_string', '6', 'Dose Reports Screen');

SET @languageStringId = LAST_INSERT_ID();

INSERT INTO `system_language_translations`(`language_string_id`,`language_name`,`translated_string`) VALUES
(@languageStringId,'English','Exposure End Date');

/*Data for the table `system_language_strings` */
INSERT INTO `system_language_strings`(`language_string`,`language_string_type`,`system_module_id`,`screen_name`) VALUES
('Maximum Allowed Product Opening Stock Value', 'display_string', '2', 'System Configurations Screen');

SET @languageStringId = LAST_INSERT_ID();

INSERT INTO `system_language_translations`(`language_string_id`,`language_name`,`translated_string`) VALUES
(@languageStringId,'English','Maximum Allowed Product Opening Stock Value');

/*Data for the table `system_language_strings` */
INSERT INTO `system_language_strings`(`language_string`,`language_string_type`,`system_module_id`,`screen_name`) VALUES
('Maximum Allowed Product Stock Update Physical Stock Value', 'display_string', '2', 'System Configurations Screen');

SET @languageStringId = LAST_INSERT_ID();

INSERT INTO `system_language_translations`(`language_string_id`,`language_name`,`translated_string`) VALUES
(@languageStringId,'English','Maximum Allowed Product Stock Update Physical Stock Value');

/*Data for the table `system_language_strings` */
INSERT INTO `system_language_strings`(`language_string`,`language_string_type`,`system_module_id`,`screen_name`) VALUES
('Opening Stock Quantity you entered is exceeding maximum allowed opening stock quantity!', 'message', '2', 'Warehouse Opening Stock Screen');

SET @languageStringId = LAST_INSERT_ID();

INSERT INTO `system_language_translations`(`language_string_id`,`language_name`,`translated_string`) VALUES
(@languageStringId,'English','Opening Stock Quantity you entered is exceeding maximum allowed opening stock quantity!');

/*Data for the table `system_language_strings` */
INSERT INTO `system_language_strings`(`language_string`,`language_string_type`,`system_module_id`,`screen_name`) VALUES
('Physical Quantity you entered is exceeding maximum allowed product stock update physical stock quantity!', 'message', '2', 'Warehouse Stock Update Screen');

SET @languageStringId = LAST_INSERT_ID();

INSERT INTO `system_language_translations`(`language_string_id`,`language_name`,`translated_string`) VALUES
(@languageStringId,'English','Physical Quantity you entered is exceeding maximum allowed product stock update physical stock quantity!');

/*Data for the table `system_language_strings` */
INSERT INTO `system_language_strings`(`language_string`,`language_string_type`,`system_module_id`,`screen_name`) VALUES
('reminder_already_generated', 'message', '6', 'Not Returned TLDs Screen');

SET @languageStringId = LAST_INSERT_ID();

INSERT INTO `system_language_translations`(`language_string_id`,`language_name`,`translated_string`) VALUES
(@languageStringId,'English','Reminders already generated for today!');

/*Data for the table `system_language_strings` */
INSERT INTO `system_language_strings`(`language_string`,`language_string_type`,`system_module_id`,`screen_name`) VALUES
('TLD card was used by worker', 'display_string', '6', 'Not Returned TLDs Screen');

SET @languageStringId = LAST_INSERT_ID();

INSERT INTO `system_language_translations`(`language_string_id`,`language_name`,`translated_string`) VALUES
(@languageStringId,'English','TLD card was used by worker');

/*Data for the table `system_language_strings` */
INSERT INTO `system_language_strings`(`language_string`,`language_string_type`,`system_module_id`,`screen_name`) VALUES
('tld_distribution_marked_as_pending', 'message', '6', 'Distribute TLDs Screen');

SET @languageStringId = LAST_INSERT_ID();

INSERT INTO `system_language_translations`(`language_string_id`,`language_name`,`translated_string`) VALUES
(@languageStringId,'English','Distribition successfully marked as Pending!');

/*Data for the table `system_language_strings` */
INSERT INTO `system_language_strings`(`language_string`,`language_string_type`,`system_module_id`,`screen_name`) VALUES
('Current TLD Assignment Data', 'display_string', '6', 'PMSL Reports Screen');

SET @languageStringId = LAST_INSERT_ID();

INSERT INTO `system_language_translations`(`language_string_id`,`language_name`,`translated_string`) VALUES
(@languageStringId,'English','Current TLD Assignment Data');

/*Data for the table `system_language_strings` */
INSERT INTO `system_language_strings`(`language_string`,`language_string_type`,`system_module_id`,`screen_name`) VALUES
('TLD Assignment History Data', 'display_string', '6', 'PMSL Reports Screen');

SET @languageStringId = LAST_INSERT_ID();

INSERT INTO `system_language_translations`(`language_string_id`,`language_name`,`translated_string`) VALUES
(@languageStringId,'English','TLD Assignment History Data');

/*Data for the table `system_language_strings` */
INSERT INTO `system_language_strings`(`language_string`,`language_string_type`,`system_module_id`,`screen_name`) VALUES
('TLD Reader Machines', 'display_string', '6', 'Menus');

SET @languageStringId = LAST_INSERT_ID();

INSERT INTO `system_language_translations`(`language_string_id`,`language_name`,`translated_string`) VALUES
(@languageStringId,'English','TLD Reader Machines');

/*Data for the table `system_language_strings` */
INSERT INTO `system_language_strings`(`language_string`,`language_string_type`,`system_module_id`,`screen_name`) VALUES
('Search TLD Reader Machine Records', 'display_string', '6', 'TLD Reader Machines Screen');

SET @languageStringId = LAST_INSERT_ID();

INSERT INTO `system_language_translations`(`language_string_id`,`language_name`,`translated_string`) VALUES
(@languageStringId,'English','Search TLD Reader Machine Records');

/*Data for the table `system_language_strings` */
INSERT INTO `system_language_strings`(`language_string`,`language_string_type`,`system_module_id`,`screen_name`) VALUES
('TLD Reader Machine', 'display_string', '6', 'TLD Reader Machines Screen');

SET @languageStringId = LAST_INSERT_ID();

INSERT INTO `system_language_translations`(`language_string_id`,`language_name`,`translated_string`) VALUES
(@languageStringId,'English','TLD Reader Machine');

/*Data for the table `system_language_strings` */
INSERT INTO `system_language_strings`(`language_string`,`language_string_type`,`system_module_id`,`screen_name`) VALUES
('Edit TLD Reading Data', 'display_string', '6', 'TLD Readings Screen');

SET @languageStringId = LAST_INSERT_ID();

INSERT INTO `system_language_translations`(`language_string_id`,`language_name`,`translated_string`) VALUES
(@languageStringId,'English','Edit TLD Reading Data');

/*Data for the table `system_language_strings` */
INSERT INTO `system_language_strings`(`language_string`,`language_string_type`,`system_module_id`,`screen_name`) VALUES
('Force and Prepare Dose Report', 'display_string', '6', 'TLD Readings Screen');

SET @languageStringId = LAST_INSERT_ID();

INSERT INTO `system_language_translations`(`language_string_id`,`language_name`,`translated_string`) VALUES
(@languageStringId,'English','Force and Prepare Dose Report');

/*Data for the table `system_language_strings` */
INSERT INTO `system_language_strings`(`language_string`,`language_string_type`,`system_module_id`,`screen_name`) VALUES
('tld_return_marked_as_pending', 'message', '6', 'Collect TLD Returns Screen');

SET @languageStringId = LAST_INSERT_ID();

INSERT INTO `system_language_translations`(`language_string_id`,`language_name`,`translated_string`) VALUES
(@languageStringId,'English','Collect TLD Return successfully marked as Pending!');

/*Data for the table `system_language_strings` */
INSERT INTO `system_language_strings`(`language_string`,`language_string_type`,`system_module_id`,`screen_name`) VALUES
('Invalid Exposure Period To Date.', 'message', '6', 'Collect TLD Returns Screen');

SET @languageStringId = LAST_INSERT_ID();

INSERT INTO `system_language_translations`(`language_string_id`,`language_name`,`translated_string`) VALUES
(@languageStringId,'English','Invalid Exposure Period To Date.');

/*Data for the table `system_language_strings` */
INSERT INTO `system_language_strings`(`language_string`,`language_string_type`,`system_module_id`,`screen_name`) VALUES
('Exposure Period To Date updated sucessfully.', 'message', '6', 'Collect TLD Returns Screen');

SET @languageStringId = LAST_INSERT_ID();

INSERT INTO `system_language_translations`(`language_string_id`,`language_name`,`translated_string`) VALUES
(@languageStringId,'English','Exposure Period To Date updated sucessfully.');

/*Data for the table `system_language_strings` */
INSERT INTO `system_language_strings`(`language_string`,`language_string_type`,`system_module_id`,`screen_name`) VALUES
('TLD Name', 'display_string', '6', 'PMSL Reports Screen');

SET @languageStringId = LAST_INSERT_ID();

INSERT INTO `system_language_translations`(`language_string_id`,`language_name`,`translated_string`) VALUES
(@languageStringId,'English','TLD Name');

/*Data for the table `system_language_strings` */
INSERT INTO `system_language_strings`(`language_string`,`language_string_type`,`system_module_id`,`screen_name`) VALUES
('TLD A', 'display_string', '6', 'PMSL Reports Screen');

SET @languageStringId = LAST_INSERT_ID();

INSERT INTO `system_language_translations`(`language_string_id`,`language_name`,`translated_string`) VALUES
(@languageStringId,'English','TLD A');

/*Data for the table `system_language_strings` */
INSERT INTO `system_language_strings`(`language_string`,`language_string_type`,`system_module_id`,`screen_name`) VALUES
('TLD B', 'display_string', '6', 'PMSL Reports Screen');

SET @languageStringId = LAST_INSERT_ID();

INSERT INTO `system_language_translations`(`language_string_id`,`language_name`,`translated_string`) VALUES
(@languageStringId,'English','TLD B');

/*Data for the table `system_language_strings` */
INSERT INTO `system_language_strings`(`language_string`,`language_string_type`,`system_module_id`,`screen_name`) VALUES
('TLD C', 'display_string', '6', 'PMSL Reports Screen');

SET @languageStringId = LAST_INSERT_ID();

INSERT INTO `system_language_translations`(`language_string_id`,`language_name`,`translated_string`) VALUES
(@languageStringId,'English','TLD C');

/*Data for the table `system_language_strings` */
INSERT INTO `system_language_strings`(`language_string`,`language_string_type`,`system_module_id`,`screen_name`) VALUES
('TLD Reading', 'display_string', '6', 'TLD Readings Screen');

SET @languageStringId = LAST_INSERT_ID();

INSERT INTO `system_language_translations`(`language_string_id`,`language_name`,`translated_string`) VALUES
(@languageStringId,'English','TLD Reading');

/*Data for the table `system_language_strings` */
INSERT INTO `system_language_strings`(`language_string`,`language_string_type`,`system_module_id`,`screen_name`) VALUES
('tld_reading_already_processed_for_a_dose_report', 'message', '6', 'TLD Readings Screen');

SET @languageStringId = LAST_INSERT_ID();

INSERT INTO `system_language_translations`(`language_string_id`,`language_name`,`translated_string`) VALUES
(@languageStringId,'English','TLD Reading already processed for a dose report!');

/*Data for the table `system_language_strings` */
INSERT INTO `system_language_strings`(`language_string`,`language_string_type`,`system_module_id`,`screen_name`) VALUES
('TLD Reading File', 'display_string', '6', 'Import TLD Readings Screen');

SET @languageStringId = LAST_INSERT_ID();

INSERT INTO `system_language_translations`(`language_string_id`,`language_name`,`translated_string`) VALUES
(@languageStringId,'English','TLD Reading File');

/*Data for the table `system_language_strings` */
INSERT INTO `system_language_strings`(`language_string`,`language_string_type`,`system_module_id`,`screen_name`) VALUES
('tld_readings_already_processed_for_dose_reports', 'message', '6', 'TLD Readings Screen');
  
SET @languageStringId = LAST_INSERT_ID();

INSERT INTO `system_language_translations`(`language_string_id`,`language_name`,`translated_string`) VALUES
(@languageStringId,'English','TLD Readings already processed for dose reports!');

/*Data for the table `system_language_strings` */
INSERT INTO `system_language_strings`(`language_string`,`language_string_type`,`system_module_id`,`screen_name`) VALUES
('Used Period', 'display_string', '6', 'PMSL Reports Screen');

SET @languageStringId = LAST_INSERT_ID();

INSERT INTO `system_language_translations`(`language_string_id`,`language_name`,`translated_string`) VALUES
(@languageStringId,'English','Used Period');

/*Data for the table `system_language_strings` */
INSERT INTO `system_language_strings`(`language_string`,`language_string_type`,`system_module_id`,`screen_name`) VALUES
('Bulk Edit', 'display_string', '1', 'People Screen');

SET @languageStringId = LAST_INSERT_ID();

INSERT INTO `system_language_translations`(`language_string_id`,`language_name`,`translated_string`) VALUES
(@languageStringId,'English','Bulk Edit');

/*Data for the table `system_language_strings` */
INSERT INTO `system_language_strings`(`language_string`,`language_string_type`,`system_module_id`,`screen_name`) VALUES
('People Bulk Edit', 'display_string', '1', 'People Screen');

SET @languageStringId = LAST_INSERT_ID();

INSERT INTO `system_language_translations`(`language_string_id`,`language_name`,`translated_string`) VALUES
(@languageStringId,'English','People Bulk Edit');

/*Data for the table `system_language_strings` */
INSERT INTO `system_language_strings`(`language_string`,`language_string_type`,`system_module_id`,`screen_name`) VALUES
('TLD Summary', 'display_string', '6', 'Menus');

SET @languageStringId = LAST_INSERT_ID();

INSERT INTO `system_language_translations`(`language_string_id`,`language_name`,`translated_string`) VALUES
(@languageStringId,'English','TLD Summary');

/*Data for the table `system_language_strings` */
INSERT INTO `system_language_strings`(`language_string`,`language_string_type`,`system_module_id`,`screen_name`) VALUES
('Returns Pending TLD Distributions', 'display_string', '6', 'Menus');

SET @languageStringId = LAST_INSERT_ID();

INSERT INTO `system_language_translations`(`language_string_id`,`language_name`,`translated_string`) VALUES
(@languageStringId,'English','Returns Pending TLD Distributions');

/*Data for the table `system_language_strings` */
INSERT INTO `system_language_strings`(`language_string`,`language_string_type`,`system_module_id`,`screen_name`) VALUES
('Reading Pending TLD Returns', 'display_string', '6', 'Menus');

SET @languageStringId = LAST_INSERT_ID();

INSERT INTO `system_language_translations`(`language_string_id`,`language_name`,`translated_string`) VALUES
(@languageStringId,'English','Reading Pending TLD Returns');

/*Data for the table `system_language_strings` */
INSERT INTO `system_language_strings`(`language_string`,`language_string_type`,`system_module_id`,`screen_name`) VALUES
('Pending Dose Report Generations', 'display_string', '6', 'Menus');

SET @languageStringId = LAST_INSERT_ID();

INSERT INTO `system_language_translations`(`language_string_id`,`language_name`,`translated_string`) VALUES
(@languageStringId,'English','Pending Dose Report Generations');

/*Data for the table `system_language_strings` */
INSERT INTO `system_language_strings`(`language_string`,`language_string_type`,`system_module_id`,`screen_name`) VALUES
('Pending Invoice Generations', 'display_string', '6', 'Menus');

SET @languageStringId = LAST_INSERT_ID();

INSERT INTO `system_language_translations`(`language_string_id`,`language_name`,`translated_string`) VALUES
(@languageStringId,'English','Pending Invoice Generations');

/*Data for the table `system_language_strings` */
INSERT INTO `system_language_strings`(`language_string`,`language_string_type`,`system_module_id`,`screen_name`) VALUES
('Returns Pending After Third Reminder', 'display_string', '6', 'Menus');

SET @languageStringId = LAST_INSERT_ID();

INSERT INTO `system_language_translations`(`language_string_id`,`language_name`,`translated_string`) VALUES
(@languageStringId,'English','Returns Pending After Third Reminder');

/*Data for the table `system_language_strings` */
INSERT INTO `system_language_strings`(`language_string`,`language_string_type`,`system_module_id`,`screen_name`) VALUES
('Not Returned TLD Information', 'display_string', '6', 'Menus');

SET @languageStringId = LAST_INSERT_ID();

INSERT INTO `system_language_translations`(`language_string_id`,`language_name`,`translated_string`) VALUES
(@languageStringId,'English','Not Returned TLD Information');

/*Data for the table `system_language_strings` */
INSERT INTO `system_language_strings`(`language_string`,`language_string_type`,`system_module_id`,`screen_name`) VALUES
('Dose Report Generation Count of Users', 'display_string', '6', 'Menus');

SET @languageStringId = LAST_INSERT_ID();

INSERT INTO `system_language_translations`(`language_string_id`,`language_name`,`translated_string`) VALUES
(@languageStringId,'English','Dose Report Generation Count of Users');

/*Data for the table `system_language_strings` */
INSERT INTO `system_language_strings`(`language_string`,`language_string_type`,`system_module_id`,`screen_name`) VALUES
('Dose Report Count', 'display_string', '6', 'Menus');

SET @languageStringId = LAST_INSERT_ID();

INSERT INTO `system_language_translations`(`language_string_id`,`language_name`,`translated_string`) VALUES
(@languageStringId,'English','Dose Report Count');

/*Data for the table `system_language_strings` */
INSERT INTO `system_language_strings`(`language_string`,`language_string_type`,`system_module_id`,`screen_name`) VALUES
('TLD Reading Count', 'display_string', '6', 'Menus');

SET @languageStringId = LAST_INSERT_ID();

INSERT INTO `system_language_translations`(`language_string_id`,`language_name`,`translated_string`) VALUES
(@languageStringId,'English','TLD Reading Count');

/*Data for the table `system_language_strings` */
INSERT INTO `system_language_strings`(`language_string`,`language_string_type`,`system_module_id`,`screen_name`) VALUES
('Invoice Generation Count of Users', 'display_string', '6', 'Menus');

SET @languageStringId = LAST_INSERT_ID();

INSERT INTO `system_language_translations`(`language_string_id`,`language_name`,`translated_string`) VALUES
(@languageStringId,'English','Invoice Generation Count of Users');

/*Data for the table `system_language_strings` */
INSERT INTO `system_language_strings`(`language_string`,`language_string_type`,`system_module_id`,`screen_name`) VALUES
('Invoice Count', 'display_string', '6', 'Menus');

SET @languageStringId = LAST_INSERT_ID();

INSERT INTO `system_language_translations`(`language_string_id`,`language_name`,`translated_string`) VALUES
(@languageStringId,'English','Invoice Count');

/*Data for the table `system_language_strings` */
INSERT INTO `system_language_strings`(`language_string`,`language_string_type`,`system_module_id`,`screen_name`) VALUES
('Attendance data not imported successfully. Please make sure that attendance data formats are correct.', 'message', '4', 'Employee Attendance Screen');

SET @languageStringId = LAST_INSERT_ID();

INSERT INTO `system_language_translations`(`language_string_id`,`language_name`,`translated_string`) VALUES
(@languageStringId,'English','Attendance data not imported successfully. Please make sure that attendance data formats are correct.');

/*Data for the table `system_language_strings` */
INSERT INTO `system_language_strings`(`language_string`,`language_string_type`,`system_module_id`,`screen_name`) VALUES
('Round Off Sales Invoice Due Payment in POS', 'display_string', '2', 'System Configurations Screen');

SET @languageStringId = LAST_INSERT_ID();

INSERT INTO `system_language_translations`(`language_string_id`,`language_name`,`translated_string`) VALUES
(@languageStringId,'English','Round Off Sales Invoice Due Payment in POS');

/*Data for the table `system_language_strings` */
INSERT INTO `system_language_strings`(`language_string`,`language_string_type`,`system_module_id`,`screen_name`) VALUES
('Activate All Inactive Customers', 'display_string', '1', 'People Screen');

SET @languageStringId = LAST_INSERT_ID();

INSERT INTO `system_language_translations`(`language_string_id`,`language_name`,`translated_string`) VALUES
(@languageStringId,'English','Activate All Inactive Customers');

/*Data for the table `system_language_strings` */
INSERT INTO `system_language_strings`(`language_string`,`language_string_type`,`system_module_id`,`screen_name`) VALUES
('All inactive customers activated successfully', 'message', '1', 'People Screen');

SET @languageStringId = LAST_INSERT_ID();

INSERT INTO `system_language_translations`(`language_string_id`,`language_name`,`translated_string`) VALUES
(@languageStringId,'English','All inactive customers activated successfully');

/*Data for the table `system_language_strings` */
INSERT INTO `system_language_strings`(`language_string`,`language_string_type`,`system_module_id`,`screen_name`) VALUES
('Permanently Deactivate the Customer', 'display_string', '1', 'People Screen');

SET @languageStringId = LAST_INSERT_ID();

INSERT INTO `system_language_translations`(`language_string_id`,`language_name`,`translated_string`) VALUES
(@languageStringId,'English','Permanently Deactivate the Customer');

/*Data for the table `system_language_strings` */
INSERT INTO `system_language_strings`(`language_string`,`language_string_type`,`system_module_id`,`screen_name`) VALUES
('Termination', 'display_string', '1', 'People Screen');

SET @languageStringId = LAST_INSERT_ID();

INSERT INTO `system_language_translations`(`language_string_id`,`language_name`,`translated_string`) VALUES
(@languageStringId,'English','Termination');

/*Data for the table `system_language_strings` */
INSERT INTO `system_language_strings`(`language_string`,`language_string_type`,`system_module_id`,`screen_name`) VALUES
('Are you sure you want to activate all inactive customers', 'message', '1', 'People Screen');

SET @languageStringId = LAST_INSERT_ID();

INSERT INTO `system_language_translations`(`language_string_id`,`language_name`,`translated_string`) VALUES
(@languageStringId,'English','Are you sure you want to activate all inactive customers');

/*Data for the table `system_language_strings` */
INSERT INTO `system_language_strings`(`language_string`,`language_string_type`,`system_module_id`,`screen_name`) VALUES
('TLD Rental Service Income', 'display_string', '6', 'Menus');

SET @languageStringId = LAST_INSERT_ID();

INSERT INTO `system_language_translations`(`language_string_id`,`language_name`,`translated_string`) VALUES
(@languageStringId,'English','TLD Rental Service Income');

/*Data for the table `system_language_strings` */
INSERT INTO `system_language_strings`(`language_string`,`language_string_type`,`system_module_id`,`screen_name`) VALUES
('Rental Period', 'display_string', '6', 'Menus');

SET @languageStringId = LAST_INSERT_ID();

INSERT INTO `system_language_translations`(`language_string_id`,`language_name`,`translated_string`) VALUES
(@languageStringId,'English','Rental Period');

/*Data for the table `system_language_strings` */
INSERT INTO `system_language_strings`(`language_string`,`language_string_type`,`system_module_id`,`screen_name`) VALUES
('This Year Monthly Rentals', 'display_string', '6', 'Menus');

SET @languageStringId = LAST_INSERT_ID();

INSERT INTO `system_language_translations`(`language_string_id`,`language_name`,`translated_string`) VALUES
(@languageStringId,'English','This Year Monthly Rentals');

/*Data for the table `system_language_strings` */
INSERT INTO `system_language_strings`(`language_string`,`language_string_type`,`system_module_id`,`screen_name`) VALUES
('Last Year Monthly Rentals', 'display_string', '6', 'Menus');

SET @languageStringId = LAST_INSERT_ID();

INSERT INTO `system_language_translations`(`language_string_id`,`language_name`,`translated_string`) VALUES
(@languageStringId,'English','Last Year Monthly Rentals');

/*Data for the table `system_language_strings` */
INSERT INTO `system_language_strings`(`language_string`,`language_string_type`,`system_module_id`,`screen_name`) VALUES
('Current Month Weekly Rentals', 'display_string', '6', 'Menus');

SET @languageStringId = LAST_INSERT_ID();

INSERT INTO `system_language_translations`(`language_string_id`,`language_name`,`translated_string`) VALUES
(@languageStringId,'English','Current Month Weekly Rentals');

/*Data for the table `system_language_strings` */
INSERT INTO `system_language_strings`(`language_string`,`language_string_type`,`system_module_id`,`screen_name`) VALUES
('Last Month Weekly Rentals', 'display_string', '6', 'Menus');

SET @languageStringId = LAST_INSERT_ID();

INSERT INTO `system_language_translations`(`language_string_id`,`language_name`,`translated_string`) VALUES
(@languageStringId,'English','Last Month Weekly Rentals');

/*Data for the table `system_language_strings` */
INSERT INTO `system_language_strings`(`language_string`,`language_string_type`,`system_module_id`,`screen_name`) VALUES
('Last Two Months Weekly Rentals', 'display_string', '6', 'Menus');

SET @languageStringId = LAST_INSERT_ID();

INSERT INTO `system_language_translations`(`language_string_id`,`language_name`,`translated_string`) VALUES
(@languageStringId,'English','Last Two Months Weekly Rentals');

/*Data for the table `system_language_strings` */
INSERT INTO `system_language_strings`(`language_string`,`language_string_type`,`system_module_id`,`screen_name`) VALUES
('Last Three Months Monthly Rentals', 'display_string', '6', 'Menus');

SET @languageStringId = LAST_INSERT_ID();

INSERT INTO `system_language_translations`(`language_string_id`,`language_name`,`translated_string`) VALUES
(@languageStringId,'English','Last Three Months Monthly Rentals');

/*Data for the table `system_language_strings` */
INSERT INTO `system_language_strings`(`language_string`,`language_string_type`,`system_module_id`,`screen_name`) VALUES
('Last Six Months Monthly Rentals', 'display_string', '6', 'Menus');

SET @languageStringId = LAST_INSERT_ID();

INSERT INTO `system_language_translations`(`language_string_id`,`language_name`,`translated_string`) VALUES
(@languageStringId,'English','Last Six Months Monthly Rentals');

/*Data for the table `system_language_strings` */
INSERT INTO `system_language_strings`(`language_string`,`language_string_type`,`system_module_id`,`screen_name`) VALUES
('Exposure Period From date cannot be greater than Exposure Period To date', 'message', '6', 'Collect TLD Returns Screen');

SET @languageStringId = LAST_INSERT_ID();

INSERT INTO `system_language_translations`(`language_string_id`,`language_name`,`translated_string`) VALUES
(@languageStringId,'English','Exposure Period From date cannot be greater than Exposure Period To date');

/*Data for the table `system_language_strings` */
INSERT INTO `system_language_strings`(`language_string`,`language_string_type`,`system_module_id`,`screen_name`) VALUES
('Exposure Period To date cannot be lesser than Exposure Period From date', 'message', '6', 'Collect TLD Returns Screen');

SET @languageStringId = LAST_INSERT_ID();

INSERT INTO `system_language_translations`(`language_string_id`,`language_name`,`translated_string`) VALUES
(@languageStringId,'English','Exposure Period To date cannot be lesser than Exposure Period From date');

/*Data for the table `system_language_strings` */
INSERT INTO `system_language_strings`(`language_string`,`language_string_type`,`system_module_id`,`screen_name`) VALUES
('Process Dose Reports After Import TLD Readings', 'display_string', '6', 'System Configurations Screen');

SET @languageStringId = LAST_INSERT_ID();

INSERT INTO `system_language_translations`(`language_string_id`,`language_name`,`translated_string`) VALUES
(@languageStringId,'English','Process Dose Reports After Import TLD Readings');

/*Data for the table `system_language_strings` */
INSERT INTO `system_language_strings`(`language_string`,`language_string_type`,`system_module_id`,`screen_name`) VALUES
('Delete Selected TLD Readings', 'display_string', '6', 'TLD Readings Screen');

SET @languageStringId = LAST_INSERT_ID();

INSERT INTO `system_language_translations`(`language_string_id`,`language_name`,`translated_string`) VALUES
(@languageStringId,'English','Delete Selected TLD Readings');

/*Data for the table `system_language_strings` */
INSERT INTO `system_language_strings`(`language_string`,`language_string_type`,`system_module_id`,`screen_name`) VALUES
('Are you sure you want to delete selected TLD Readings', 'message', '6', 'TLD Readings Screen');

SET @languageStringId = LAST_INSERT_ID();

INSERT INTO `system_language_translations`(`language_string_id`,`language_name`,`translated_string`) VALUES
(@languageStringId,'English','Are you sure you want to delete selected TLD Readings');

/*Data for the table `system_language_strings` */
INSERT INTO `system_language_strings`(`language_string`,`language_string_type`,`system_module_id`,`screen_name`) VALUES
('tlds_not_selected_to_delete', 'message', '6', 'TLD Readings Screen');

SET @languageStringId = LAST_INSERT_ID();

INSERT INTO `system_language_translations`(`language_string_id`,`language_name`,`translated_string`) VALUES
(@languageStringId,'English','TLD readings not selected to delete!');

/*Data for the table `system_language_strings` */
INSERT INTO `system_language_strings`(`language_string`,`language_string_type`,`system_module_id`,`screen_name`) VALUES
('Return TLDs verified successfully', 'message', '6', 'Collect TLD Returns Screen');

SET @languageStringId = LAST_INSERT_ID();

INSERT INTO `system_language_translations`(`language_string_id`,`language_name`,`translated_string`) VALUES
(@languageStringId,'English','Return TLDs verified successfully');

/*Data for the table `system_language_strings` */
INSERT INTO `system_language_strings`(`language_string`,`language_string_type`,`system_module_id`,`screen_name`) VALUES
('TNLR', 'display_string', '6', 'Collect TLD Returns Screen');

SET @languageStringId = LAST_INSERT_ID();

INSERT INTO `system_language_translations`(`language_string_id`,`language_name`,`translated_string`) VALUES
(@languageStringId,'English','TNLR');

/*Data for the table `system_language_strings` */
INSERT INTO `system_language_strings`(`language_string`,`language_string_type`,`system_module_id`,`screen_name`) VALUES
('You have selected workers to mark as TNLR. Are you sure to proceed', 'message', '6', 'Collect TLD Returns Screen');

SET @languageStringId = LAST_INSERT_ID();

INSERT INTO `system_language_translations`(`language_string_id`,`language_name`,`translated_string`) VALUES
(@languageStringId,'English','You have selected workers to mark as TNLR. Are you sure to proceed');

/*Data for the table `system_language_strings` */
INSERT INTO `system_language_strings`(`language_string`,`language_string_type`,`system_module_id`,`screen_name`) VALUES
('Invoice Person', 'display_string', '6', 'TLD Invoices Screen');

SET @languageStringId = LAST_INSERT_ID();

INSERT INTO `system_language_translations`(`language_string_id`,`language_name`,`translated_string`) VALUES
(@languageStringId,'English','Invoice Person');

/*Data for the table `system_language_strings` */
INSERT INTO `system_language_strings`(`language_string`,`language_string_type`,`system_module_id`,`screen_name`) VALUES
('Return Number', 'display_string', '6', 'TLD Invoices Screen');

SET @languageStringId = LAST_INSERT_ID();

INSERT INTO `system_language_translations`(`language_string_id`,`language_name`,`translated_string`) VALUES
(@languageStringId,'English','Return Number');

/*Data for the table `system_language_strings` */
INSERT INTO `system_language_strings`(`language_string`,`language_string_type`,`system_module_id`,`screen_name`) VALUES
('Completed', 'display_string', '6', 'TLD Invoices Screen');

SET @languageStringId = LAST_INSERT_ID();

INSERT INTO `system_language_translations`(`language_string_id`,`language_name`,`translated_string`) VALUES
(@languageStringId,'English','Completed');

/*Data for the table `system_language_strings` */
INSERT INTO `system_language_strings`(`language_string`,`language_string_type`,`system_module_id`,`screen_name`) VALUES
('TLD Invoice as completed', 'message', '6', 'TLD Invoices Screen');

SET @languageStringId = LAST_INSERT_ID();

INSERT INTO `system_language_translations`(`language_string_id`,`language_name`,`translated_string`) VALUES
(@languageStringId,'English','TLD Invoice as completed');

/*Data for the table `system_language_strings` */
INSERT INTO `system_language_strings`(`language_string`,`language_string_type`,`system_module_id`,`screen_name`) VALUES
('Printed', 'display_string', '6', 'Dose Reports Screen');

SET @languageStringId = LAST_INSERT_ID();

INSERT INTO `system_language_translations`(`language_string_id`,`language_name`,`translated_string`) VALUES
(@languageStringId,'English','Printed');

/*Data for the table `system_language_strings` */
INSERT INTO `system_language_strings`(`language_string`,`language_string_type`,`system_module_id`,`screen_name`) VALUES
('Dose Report as printed', 'message', '6', 'Dose Reports Screen');

SET @languageStringId = LAST_INSERT_ID();

INSERT INTO `system_language_translations`(`language_string_id`,`language_name`,`translated_string`) VALUES
(@languageStringId,'English','Dose Report as printed');

/*Data for the table `system_language_strings` */
INSERT INTO `system_language_strings`(`language_string`,`language_string_type`,`system_module_id`,`screen_name`) VALUES
('Distribution Progress', 'display_string', '6', 'Menus');

SET @languageStringId = LAST_INSERT_ID();

INSERT INTO `system_language_translations`(`language_string_id`,`language_name`,`translated_string`) VALUES
(@languageStringId,'English','Distribution Progress');

/*Data for the table `system_language_strings` */
INSERT INTO `system_language_strings`(`language_string`,`language_string_type`,`system_module_id`,`screen_name`) VALUES
('Collection Progress', 'display_string', '6', 'Menus');

SET @languageStringId = LAST_INSERT_ID();

INSERT INTO `system_language_translations`(`language_string_id`,`language_name`,`translated_string`) VALUES
(@languageStringId,'English','Collection Progress');

/*Data for the table `system_language_strings` */
INSERT INTO `system_language_strings`(`language_string`,`language_string_type`,`system_module_id`,`screen_name`) VALUES
('Overall Progress', 'display_string', '6', 'Menus');

SET @languageStringId = LAST_INSERT_ID();

INSERT INTO `system_language_translations`(`language_string_id`,`language_name`,`translated_string`) VALUES
(@languageStringId,'English','Overall Progress');

/*Data for the table `system_language_strings` */
INSERT INTO `system_language_strings`(`language_string`,`language_string_type`,`system_module_id`,`screen_name`) VALUES
('As At Date', 'display_string', '6', 'Menus');

SET @languageStringId = LAST_INSERT_ID();

INSERT INTO `system_language_translations`(`language_string_id`,`language_name`,`translated_string`) VALUES
(@languageStringId,'English','As At Date');

/*Data for the table `system_language_strings` */
INSERT INTO `system_language_strings`(`language_string`,`language_string_type`,`system_module_id`,`screen_name`) VALUES
('Institutes Do Not Obtain Proper Service', 'display_string', '6', 'Menus');

SET @languageStringId = LAST_INSERT_ID();

INSERT INTO `system_language_translations`(`language_string_id`,`language_name`,`translated_string`) VALUES
(@languageStringId,'English','Institutes Do Not Obtain Proper Service');

/*Data for the table `system_language_strings` */
INSERT INTO `system_language_strings`(`language_string`,`language_string_type`,`system_module_id`,`screen_name`) VALUES
('Institute No', 'display_string', '6', 'Menus');

SET @languageStringId = LAST_INSERT_ID();

INSERT INTO `system_language_translations`(`language_string_id`,`language_name`,`translated_string`) VALUES
(@languageStringId,'English','Institute No');

/*Data for the table `system_language_strings` */
INSERT INTO `system_language_strings`(`language_string`,`language_string_type`,`system_module_id`,`screen_name`) VALUES
('RPO Name', 'display_string', '6', 'Menus');

SET @languageStringId = LAST_INSERT_ID();

INSERT INTO `system_language_translations`(`language_string_id`,`language_name`,`translated_string`) VALUES
(@languageStringId,'English','RPO Name');

/*Data for the table `system_language_strings` */
INSERT INTO `system_language_strings`(`language_string`,`language_string_type`,`system_module_id`,`screen_name`) VALUES
('Last Distribution No', 'display_string', '6', 'Menus');

SET @languageStringId = LAST_INSERT_ID();

INSERT INTO `system_language_translations`(`language_string_id`,`language_name`,`translated_string`) VALUES
(@languageStringId,'English','Last Distribution No');

/*Data for the table `system_language_strings` */
INSERT INTO `system_language_strings`(`language_string`,`language_string_type`,`system_module_id`,`screen_name`) VALUES
('Last Distribution Date', 'display_string', '6', 'Menus');

SET @languageStringId = LAST_INSERT_ID();

INSERT INTO `system_language_translations`(`language_string_id`,`language_name`,`translated_string`) VALUES
(@languageStringId,'English','Last Distribution Date');

/*Data for the table `system_language_strings` */
INSERT INTO `system_language_strings`(`language_string`,`language_string_type`,`system_module_id`,`screen_name`) VALUES
('Last Collection No', 'display_string', '6', 'Menus');

SET @languageStringId = LAST_INSERT_ID();

INSERT INTO `system_language_translations`(`language_string_id`,`language_name`,`translated_string`) VALUES
(@languageStringId,'English','Last Collection No');

/*Data for the table `system_language_strings` */
INSERT INTO `system_language_strings`(`language_string`,`language_string_type`,`system_module_id`,`screen_name`) VALUES
('Last Collection Date', 'display_string', '6', 'Menus');

SET @languageStringId = LAST_INSERT_ID();

INSERT INTO `system_language_translations`(`language_string_id`,`language_name`,`translated_string`) VALUES
(@languageStringId,'English','Last Collection Date');

/*Data for the table `system_language_strings` */
INSERT INTO `system_language_strings`(`language_string`,`language_string_type`,`system_module_id`,`screen_name`) VALUES
('User Service Performance', 'display_string', '6', 'Menus');

SET @languageStringId = LAST_INSERT_ID();

INSERT INTO `system_language_translations`(`language_string_id`,`language_name`,`translated_string`) VALUES
(@languageStringId,'English','User Service Performance');

/*Data for the table `system_language_strings` */
INSERT INTO `system_language_strings`(`language_string`,`language_string_type`,`system_module_id`,`screen_name`) VALUES
('Distributions Prepared', 'display_string', '6', 'Menus');

SET @languageStringId = LAST_INSERT_ID();

INSERT INTO `system_language_translations`(`language_string_id`,`language_name`,`translated_string`) VALUES
(@languageStringId,'English','Distributions Prepared');

/*Data for the table `system_language_strings` */
INSERT INTO `system_language_strings`(`language_string`,`language_string_type`,`system_module_id`,`screen_name`) VALUES
('Distributions Verified', 'display_string', '6', 'Menus');

SET @languageStringId = LAST_INSERT_ID();

INSERT INTO `system_language_translations`(`language_string_id`,`language_name`,`translated_string`) VALUES
(@languageStringId,'English','Distributions Verified');

/*Data for the table `system_language_strings` */
INSERT INTO `system_language_strings`(`language_string`,`language_string_type`,`system_module_id`,`screen_name`) VALUES
('TLD Collections', 'display_string', '6', 'Menus');

SET @languageStringId = LAST_INSERT_ID();

INSERT INTO `system_language_translations`(`language_string_id`,`language_name`,`translated_string`) VALUES
(@languageStringId,'English','TLD Collections');

/*Data for the table `system_language_strings` */
INSERT INTO `system_language_strings`(`language_string`,`language_string_type`,`system_module_id`,`screen_name`) VALUES
('Collected TLD Count', 'display_string', '6', 'Menus');

SET @languageStringId = LAST_INSERT_ID();

INSERT INTO `system_language_translations`(`language_string_id`,`language_name`,`translated_string`) VALUES
(@languageStringId,'English','Collected TLD Count');

/*Data for the table `system_language_strings` */
INSERT INTO `system_language_strings`(`language_string`,`language_string_type`,`system_module_id`,`screen_name`) VALUES
('Dose Reports Prepared', 'display_string', '6', 'Menus');

SET @languageStringId = LAST_INSERT_ID();

INSERT INTO `system_language_translations`(`language_string_id`,`language_name`,`translated_string`) VALUES
(@languageStringId,'English','Dose Reports Prepared');

/*Data for the table `system_language_strings` */
INSERT INTO `system_language_strings`(`language_string`,`language_string_type`,`system_module_id`,`screen_name`) VALUES
('Dose Report Worker Count', 'display_string', '6', 'Menus');

SET @languageStringId = LAST_INSERT_ID();

INSERT INTO `system_language_translations`(`language_string_id`,`language_name`,`translated_string`) VALUES
(@languageStringId,'English','Dose Report Worker Count');

/*Data for the table `system_language_strings` */
INSERT INTO `system_language_strings`(`language_string`,`language_string_type`,`system_module_id`,`screen_name`) VALUES
('Invoices Prepared', 'display_string', '6', 'Menus');

SET @languageStringId = LAST_INSERT_ID();

INSERT INTO `system_language_translations`(`language_string_id`,`language_name`,`translated_string`) VALUES
(@languageStringId,'English','Invoices Prepared');

/*Data for the table `system_language_strings` */
INSERT INTO `system_language_strings`(`language_string`,`language_string_type`,`system_module_id`,`screen_name`) VALUES
('Institute Summary', 'display_string', '6', 'Menus');

SET @languageStringId = LAST_INSERT_ID();

INSERT INTO `system_language_translations`(`language_string_id`,`language_name`,`translated_string`) VALUES
(@languageStringId,'English','Institute Summary');

/*Data for the table `system_language_strings` */
INSERT INTO `system_language_strings`(`language_string`,`language_string_type`,`system_module_id`,`screen_name`) VALUES
('TLD Card Summary', 'display_string', '6', 'Menus');

SET @languageStringId = LAST_INSERT_ID();

INSERT INTO `system_language_translations`(`language_string_id`,`language_name`,`translated_string`) VALUES
(@languageStringId,'English','TLD Card Summary');

/*Data for the table `system_language_strings` */
INSERT INTO `system_language_strings`(`language_string`,`language_string_type`,`system_module_id`,`screen_name`) VALUES
('TLD Extremity Summary', 'display_string', '6', 'Menus');

SET @languageStringId = LAST_INSERT_ID();

INSERT INTO `system_language_translations`(`language_string_id`,`language_name`,`translated_string`) VALUES
(@languageStringId,'English','TLD Extremity Summary');

/*Data for the table `system_language_strings` */
INSERT INTO `system_language_strings`(`language_string`,`language_string_type`,`system_module_id`,`screen_name`) VALUES
('Show All Readings', 'display_string', '6', 'TLD Readings Screen');

SET @languageStringId = LAST_INSERT_ID();

INSERT INTO `system_language_translations`(`language_string_id`,`language_name`,`translated_string`) VALUES
(@languageStringId,'English','Show All Readings');

/*Data for the table `system_language_strings` */
INSERT INTO `system_language_strings`(`language_string`,`language_string_type`,`system_module_id`,`screen_name`) VALUES
('Institute Wise Worker Service Registrations', 'display_string', '6', 'PMSL Reports Screen');

SET @languageStringId = LAST_INSERT_ID();

INSERT INTO `system_language_translations`(`language_string_id`,`language_name`,`translated_string`) VALUES
(@languageStringId,'English','Institute Wise Worker Service Registrations');

/*Data for the table `system_language_strings` */
INSERT INTO `system_language_strings`(`language_string`,`language_string_type`,`system_module_id`,`screen_name`) VALUES
('No of Workers Obtain Single TLD Service', 'display_string', '6', 'PMSL Reports Screen');

SET @languageStringId = LAST_INSERT_ID();

INSERT INTO `system_language_translations`(`language_string_id`,`language_name`,`translated_string`) VALUES
(@languageStringId,'English','No of Workers Obtain Single TLD Service');

/*Data for the table `system_language_strings` */
INSERT INTO `system_language_strings`(`language_string`,`language_string_type`,`system_module_id`,`screen_name`) VALUES
('No of Workers Obtain Two TLD Service', 'display_string', '6', 'PMSL Reports Screen');

SET @languageStringId = LAST_INSERT_ID();

INSERT INTO `system_language_translations`(`language_string_id`,`language_name`,`translated_string`) VALUES
(@languageStringId,'English','No of Workers Obtain Two TLD Service');

/*Data for the table `system_language_strings` */
INSERT INTO `system_language_strings`(`language_string`,`language_string_type`,`system_module_id`,`screen_name`) VALUES
('No of Workers Obtain Extremity Eye Service', 'display_string', '6', 'PMSL Reports Screen');

SET @languageStringId = LAST_INSERT_ID();

INSERT INTO `system_language_translations`(`language_string_id`,`language_name`,`translated_string`) VALUES
(@languageStringId,'English','No of Workers Obtain Extremity Eye Service');

/*Data for the table `system_language_strings` */
INSERT INTO `system_language_strings`(`language_string`,`language_string_type`,`system_module_id`,`screen_name`) VALUES
('No of Workers Obtain Extremity Ring Service', 'display_string', '6', 'PMSL Reports Screen');

SET @languageStringId = LAST_INSERT_ID();

INSERT INTO `system_language_translations`(`language_string_id`,`language_name`,`translated_string`) VALUES
(@languageStringId,'English','No of Workers Obtain Extremity Ring Service');

/*Data for the table `system_language_strings` */
INSERT INTO `system_language_strings`(`language_string`,`language_string_type`,`system_module_id`,`screen_name`) VALUES
('Institute Wise Worker TLD Assignments', 'display_string', '6', 'PMSL Reports Screen');

SET @languageStringId = LAST_INSERT_ID();

INSERT INTO `system_language_translations`(`language_string_id`,`language_name`,`translated_string`) VALUES
(@languageStringId,'English','Institute Wise Worker TLD Assignments');

/*Data for the table `system_language_strings` */
INSERT INTO `system_language_strings`(`language_string`,`language_string_type`,`system_module_id`,`screen_name`) VALUES
('No Of Single TLD Assigned', 'display_string', '6', 'PMSL Reports Screen');

SET @languageStringId = LAST_INSERT_ID();

INSERT INTO `system_language_translations`(`language_string_id`,`language_name`,`translated_string`) VALUES
(@languageStringId,'English','No Of Single TLD Assigned');

/*Data for the table `system_language_strings` */
INSERT INTO `system_language_strings`(`language_string`,`language_string_type`,`system_module_id`,`screen_name`) VALUES
('No Of Two TLD Assigned', 'display_string', '6', 'PMSL Reports Screen');

SET @languageStringId = LAST_INSERT_ID();

INSERT INTO `system_language_translations`(`language_string_id`,`language_name`,`translated_string`) VALUES
(@languageStringId,'English','No Of Two TLD Assigned');

/*Data for the table `system_language_strings` */
INSERT INTO `system_language_strings`(`language_string`,`language_string_type`,`system_module_id`,`screen_name`) VALUES
('No Of Extremity Eye Assigned', 'display_string', '6', 'PMSL Reports Screen');

SET @languageStringId = LAST_INSERT_ID();

INSERT INTO `system_language_translations`(`language_string_id`,`language_name`,`translated_string`) VALUES
(@languageStringId,'English','No Of Extremity Eye Assigned');

/*Data for the table `system_language_strings` */
INSERT INTO `system_language_strings`(`language_string`,`language_string_type`,`system_module_id`,`screen_name`) VALUES
('No Of Extremity Ring Assigned', 'display_string', '6', 'PMSL Reports Screen');

SET @languageStringId = LAST_INSERT_ID();

INSERT INTO `system_language_translations`(`language_string_id`,`language_name`,`translated_string`) VALUES
(@languageStringId,'English','No Of Extremity Ring Assigned');

/*Data for the table `system_language_strings` */
INSERT INTO `system_language_strings`(`language_string`,`language_string_type`,`system_module_id`,`screen_name`) VALUES
('TLD Movements', 'display_string', '6', 'PMSL Reports Screen');

SET @languageStringId = LAST_INSERT_ID();

INSERT INTO `system_language_translations`(`language_string_id`,`language_name`,`translated_string`) VALUES
(@languageStringId,'English','TLD Movements');

/*Data for the table `system_language_strings` */
INSERT INTO `system_language_strings`(`language_string`,`language_string_type`,`system_module_id`,`screen_name`) VALUES
('Not Used TLD Summary', 'display_string', '6', 'Menus');

SET @languageStringId = LAST_INSERT_ID();

INSERT INTO `system_language_translations`(`language_string_id`,`language_name`,`translated_string`) VALUES
(@languageStringId,'English','Not Used TLD Summary');

/*Data for the table `system_language_strings` */
INSERT INTO `system_language_strings`(`language_string`,`language_string_type`,`system_module_id`,`screen_name`) VALUES
('TLD Distribution Data', 'display_string', '6', 'PMSL Reports Screen');

SET @languageStringId = LAST_INSERT_ID();

INSERT INTO `system_language_translations`(`language_string_id`,`language_name`,`translated_string`) VALUES
(@languageStringId,'English','TLD Distribution Data');

/*Data for the table `system_language_strings` */
INSERT INTO `system_language_strings`(`language_string`,`language_string_type`,`system_module_id`,`screen_name`) VALUES
('Institute Wise Distribution Count Data', 'display_string', '6', 'PMSL Reports Screen');

SET @languageStringId = LAST_INSERT_ID();

INSERT INTO `system_language_translations`(`language_string_id`,`language_name`,`translated_string`) VALUES
(@languageStringId,'English','Institute Wise Distribution Count Data');

/*Data for the table `system_language_strings` */
INSERT INTO `system_language_strings`(`language_string`,`language_string_type`,`system_module_id`,`screen_name`) VALUES
('Institutes Which Has No Distributions', 'display_string', '6', 'PMSL Reports Screen');

SET @languageStringId = LAST_INSERT_ID();

INSERT INTO `system_language_translations`(`language_string_id`,`language_name`,`translated_string`) VALUES
(@languageStringId,'English','Institutes Which Has No Distributions');

/*Data for the table `system_language_strings` */
INSERT INTO `system_language_strings`(`language_string`,`language_string_type`,`system_module_id`,`screen_name`) VALUES
('Distribution Count', 'display_string', '6', 'PMSL Reports Screen');

SET @languageStringId = LAST_INSERT_ID();

INSERT INTO `system_language_translations`(`language_string_id`,`language_name`,`translated_string`) VALUES
(@languageStringId,'English','Distribution Count');

/*Data for the table `system_language_strings` */
INSERT INTO `system_language_strings`(`language_string`,`language_string_type`,`system_module_id`,`screen_name`) VALUES
('Collection Number', 'display_string', '6', 'Dose Reports Screen');

SET @languageStringId = LAST_INSERT_ID();

INSERT INTO `system_language_translations`(`language_string_id`,`language_name`,`translated_string`) VALUES
(@languageStringId,'English','Collection Number');

/*Data for the table `system_language_strings` */
INSERT INTO `system_language_strings`(`language_string`,`language_string_type`,`system_module_id`,`screen_name`) VALUES
('Show Distribution Number', 'display_string', '6', 'PMSL Reports Screen');

SET @languageStringId = LAST_INSERT_ID();

INSERT INTO `system_language_translations`(`language_string_id`,`language_name`,`translated_string`) VALUES
(@languageStringId,'English','Show Distribution Number');

/*Data for the table `system_language_strings` */
INSERT INTO `system_language_strings`(`language_string`,`language_string_type`,`system_module_id`,`screen_name`) VALUES
('Show Collection Number', 'display_string', '6', 'PMSL Reports Screen');

SET @languageStringId = LAST_INSERT_ID();

INSERT INTO `system_language_translations`(`language_string_id`,`language_name`,`translated_string`) VALUES
(@languageStringId,'English','Show Collection Number');

/*Data for the table `system_language_strings` */
INSERT INTO `system_language_strings`(`language_string`,`language_string_type`,`system_module_id`,`screen_name`) VALUES
('Show Anneal Date', 'display_string', '6', 'PMSL Reports Screen');

SET @languageStringId = LAST_INSERT_ID();

INSERT INTO `system_language_translations`(`language_string_id`,`language_name`,`translated_string`) VALUES
(@languageStringId,'English','Show Anneal Date');

/*Data for the table `system_language_strings` */
INSERT INTO `system_language_strings`(`language_string`,`language_string_type`,`system_module_id`,`screen_name`) VALUES
('Show Prepared Date', 'display_string', '6', 'PMSL Reports Screen');

SET @languageStringId = LAST_INSERT_ID();

INSERT INTO `system_language_translations`(`language_string_id`,`language_name`,`translated_string`) VALUES
(@languageStringId,'English','Show Prepared Date');

/*Data for the table `system_language_strings` */
INSERT INTO `system_language_strings`(`language_string`,`language_string_type`,`system_module_id`,`screen_name`) VALUES
('Show Distribution Date', 'display_string', '6', 'PMSL Reports Screen');

SET @languageStringId = LAST_INSERT_ID();

INSERT INTO `system_language_translations`(`language_string_id`,`language_name`,`translated_string`) VALUES
(@languageStringId,'English','Show Distribution Date');

/*Data for the table `system_language_strings` */
INSERT INTO `system_language_strings`(`language_string`,`language_string_type`,`system_module_id`,`screen_name`) VALUES
('Show Collection Date', 'display_string', '6', 'PMSL Reports Screen');

SET @languageStringId = LAST_INSERT_ID();

INSERT INTO `system_language_translations`(`language_string_id`,`language_name`,`translated_string`) VALUES
(@languageStringId,'English','Show Collection Date');

/*Data for the table `system_language_strings` */
INSERT INTO `system_language_strings`(`language_string`,`language_string_type`,`system_module_id`,`screen_name`) VALUES
('Show Read Date', 'display_string', '6', 'PMSL Reports Screen');

SET @languageStringId = LAST_INSERT_ID();

INSERT INTO `system_language_translations`(`language_string_id`,`language_name`,`translated_string`) VALUES
(@languageStringId,'English','Show Read Date');

/*Data for the table `system_language_strings` */
INSERT INTO `system_language_strings`(`language_string`,`language_string_type`,`system_module_id`,`screen_name`) VALUES
('Show Processed Date', 'display_string', '6', 'PMSL Reports Screen');

SET @languageStringId = LAST_INSERT_ID();

INSERT INTO `system_language_translations`(`language_string_id`,`language_name`,`translated_string`) VALUES
(@languageStringId,'English','Show Processed Date');

/*Data for the table `system_language_strings` */
INSERT INTO `system_language_strings`(`language_string`,`language_string_type`,`system_module_id`,`screen_name`) VALUES
('Show Exposure Period', 'display_string', '6', 'PMSL Reports Screen');

SET @languageStringId = LAST_INSERT_ID();

INSERT INTO `system_language_translations`(`language_string_id`,`language_name`,`translated_string`) VALUES
(@languageStringId,'English','Show Exposure Period');

/*Data for the table `system_language_strings` */
INSERT INTO `system_language_strings`(`language_string`,`language_string_type`,`system_module_id`,`screen_name`) VALUES
('Show Distribution Type', 'display_string', '6', 'PMSL Reports Screen');

SET @languageStringId = LAST_INSERT_ID();

INSERT INTO `system_language_translations`(`language_string_id`,`language_name`,`translated_string`) VALUES
(@languageStringId,'English','Show Distribution Type');

/*Data for the table `system_language_strings` */
INSERT INTO `system_language_strings`(`language_string`,`language_string_type`,`system_module_id`,`screen_name`) VALUES
('Show Distribution Method', 'display_string', '6', 'PMSL Reports Screen');

SET @languageStringId = LAST_INSERT_ID();

INSERT INTO `system_language_translations`(`language_string_id`,`language_name`,`translated_string`) VALUES
(@languageStringId,'English','Show Distribution Method');

/*Data for the table `system_language_strings` */
INSERT INTO `system_language_strings`(`language_string`,`language_string_type`,`system_module_id`,`screen_name`) VALUES
('Show Dose Monitored Period', 'display_string', '6', 'PMSL Reports Screen');

SET @languageStringId = LAST_INSERT_ID();

INSERT INTO `system_language_translations`(`language_string_id`,`language_name`,`translated_string`) VALUES
(@languageStringId,'English','Show Dose Monitored Period');

/*Data for the table `system_language_strings` */
INSERT INTO `system_language_strings`(`language_string`,`language_string_type`,`system_module_id`,`screen_name`) VALUES
('Collection Date', 'display_string', '6', 'PMSL Reports Screen');

SET @languageStringId = LAST_INSERT_ID();

INSERT INTO `system_language_translations`(`language_string_id`,`language_name`,`translated_string`) VALUES
(@languageStringId,'English','Collection Date');

/*Data for the table `system_language_strings` */
INSERT INTO `system_language_strings`(`language_string`,`language_string_type`,`system_module_id`,`screen_name`) VALUES
('Collection No', 'display_string', '6', 'PMSL Reports Screen');

SET @languageStringId = LAST_INSERT_ID();

INSERT INTO `system_language_translations`(`language_string_id`,`language_name`,`translated_string`) VALUES
(@languageStringId,'English','Collection No');

/*Data for the table `system_language_strings` */
INSERT INTO `system_language_strings`(`language_string`,`language_string_type`,`system_module_id`,`screen_name`) VALUES
('Extremity Ring', 'display_string', '6', 'PMSL Reports Screen');

SET @languageStringId = LAST_INSERT_ID();

INSERT INTO `system_language_translations`(`language_string_id`,`language_name`,`translated_string`) VALUES
(@languageStringId,'English','Extremity Ring');

/*Data for the table `system_language_strings` */
INSERT INTO `system_language_strings`(`language_string`,`language_string_type`,`system_module_id`,`screen_name`) VALUES
('Extremity Eye', 'display_string', '6', 'PMSL Reports Screen');

SET @languageStringId = LAST_INSERT_ID();

INSERT INTO `system_language_translations`(`language_string_id`,`language_name`,`translated_string`) VALUES
(@languageStringId,'English','Extremity Eye');

/*Data for the table `system_language_strings` */
INSERT INTO `system_language_strings`(`language_string`,`language_string_type`,`system_module_id`,`screen_name`) VALUES
('Late Return', 'display_string', '6', 'PMSL Reports Screen');

SET @languageStringId = LAST_INSERT_ID();

INSERT INTO `system_language_translations`(`language_string_id`,`language_name`,`translated_string`) VALUES
(@languageStringId,'English','Late Return');

/*Data for the table `system_language_strings` */
INSERT INTO `system_language_strings`(`language_string`,`language_string_type`,`system_module_id`,`screen_name`) VALUES
('Institute Dose Report Taken Success Rate', 'display_string', '6', 'Menus');

SET @languageStringId = LAST_INSERT_ID();

INSERT INTO `system_language_translations`(`language_string_id`,`language_name`,`translated_string`) VALUES
(@languageStringId,'English','Institute Dose Report Taken Success Rate');

/*Data for the table `system_language_strings` */
INSERT INTO `system_language_strings`(`language_string`,`language_string_type`,`system_module_id`,`screen_name`) VALUES
('Expected Dose Report Count', 'display_string', '6', 'Menus');

SET @languageStringId = LAST_INSERT_ID();

INSERT INTO `system_language_translations`(`language_string_id`,`language_name`,`translated_string`) VALUES
(@languageStringId,'English','Expected Dose Report Count');

/*Data for the table `system_language_strings` */
INSERT INTO `system_language_strings`(`language_string`,`language_string_type`,`system_module_id`,`screen_name`) VALUES
('Taken Dose Report Count', 'display_string', '6', 'Menus');

SET @languageStringId = LAST_INSERT_ID();

INSERT INTO `system_language_translations`(`language_string_id`,`language_name`,`translated_string`) VALUES
(@languageStringId,'English','Taken Dose Report Count');

/*Data for the table `system_language_strings` */
INSERT INTO `system_language_strings`(`language_string`,`language_string_type`,`system_module_id`,`screen_name`) VALUES
('Dose Report Taken Success Rate', 'display_string', '6', 'Menus');

SET @languageStringId = LAST_INSERT_ID();

INSERT INTO `system_language_translations`(`language_string_id`,`language_name`,`translated_string`) VALUES
(@languageStringId,'English','Dose Report Taken Success Rate');




/*Data for the table `system_language_strings` */
INSERT INTO `system_language_strings`(`language_string`,`language_string_type`,`system_module_id`,`screen_name`) VALUES
('Period', 'display_string', '6', 'Menus');

SET @languageStringId = LAST_INSERT_ID();

INSERT INTO `system_language_translations`(`language_string_id`,`language_name`,`translated_string`) VALUES
(@languageStringId,'English','Period');

/*Data for the table `system_language_strings` */
INSERT INTO `system_language_strings`(`language_string`,`language_string_type`,`system_module_id`,`screen_name`) VALUES
('12 Months', 'display_string', '6', 'Menus');

SET @languageStringId = LAST_INSERT_ID();

INSERT INTO `system_language_translations`(`language_string_id`,`language_name`,`translated_string`) VALUES
(@languageStringId,'English','12 Months');

/*Data for the table `system_language_strings` */
INSERT INTO `system_language_strings`(`language_string`,`language_string_type`,`system_module_id`,`screen_name`) VALUES
('24 Months', 'display_string', '6', 'Menus');

SET @languageStringId = LAST_INSERT_ID();

INSERT INTO `system_language_translations`(`language_string_id`,`language_name`,`translated_string`) VALUES
(@languageStringId,'English','24 Months');

/*Data for the table `system_language_strings` */
INSERT INTO `system_language_strings`(`language_string`,`language_string_type`,`system_module_id`,`screen_name`) VALUES
('36 Months', 'display_string', '6', 'Menus');

SET @languageStringId = LAST_INSERT_ID();

INSERT INTO `system_language_translations`(`language_string_id`,`language_name`,`translated_string`) VALUES
(@languageStringId,'English','36 Months');

/*Data for the table `system_language_strings` */
INSERT INTO `system_language_strings`(`language_string`,`language_string_type`,`system_module_id`,`screen_name`) VALUES
('48 Months', 'display_string', '6', 'Menus');

SET @languageStringId = LAST_INSERT_ID();

INSERT INTO `system_language_translations`(`language_string_id`,`language_name`,`translated_string`) VALUES
(@languageStringId,'English','48 Months');

/*Data for the table `system_language_strings` */
INSERT INTO `system_language_strings`(`language_string`,`language_string_type`,`system_module_id`,`screen_name`) VALUES
('60 Months', 'display_string', '6', 'Menus');

SET @languageStringId = LAST_INSERT_ID();

INSERT INTO `system_language_translations`(`language_string_id`,`language_name`,`translated_string`) VALUES
(@languageStringId,'English','60 Months');

/*Data for the table `system_language_strings` */
INSERT INTO `system_language_strings`(`language_string`,`language_string_type`,`system_module_id`,`screen_name`) VALUES
('TLD Items Sold', 'display_string', '6', 'Menus');

SET @languageStringId = LAST_INSERT_ID();

INSERT INTO `system_language_translations`(`language_string_id`,`language_name`,`translated_string`) VALUES
(@languageStringId,'English','TLD Items Sold');

/*Data for the table `system_language_strings` */
INSERT INTO `system_language_strings`(`language_string`,`language_string_type`,`system_module_id`,`screen_name`) VALUES
('TLD Item Sales Income', 'display_string', '6', 'Menus');

SET @languageStringId = LAST_INSERT_ID();

INSERT INTO `system_language_translations`(`language_string_id`,`language_name`,`translated_string`) VALUES
(@languageStringId,'English','TLD Item Sales Income');

/*Data for the table `system_language_strings` */
INSERT INTO `system_language_strings`(`language_string`,`language_string_type`,`system_module_id`,`screen_name`) VALUES
('Stock Value Based on Product Movement', 'display_string', '2', 'Sales Reports Screen');

SET @languageStringId = LAST_INSERT_ID();

INSERT INTO `system_language_translations`(`language_string_id`,`language_name`,`translated_string`) VALUES
(@languageStringId,'English','Stock Value Based on Product Movement');

/*Data for the table `system_language_strings` */
INSERT INTO `system_language_strings`(`language_string`,`language_string_type`,`system_module_id`,`screen_name`) VALUES
('Stock Value', 'display_string', '2', 'Sales Reports Screen');

SET @languageStringId = LAST_INSERT_ID();

INSERT INTO `system_language_translations`(`language_string_id`,`language_name`,`translated_string`) VALUES
(@languageStringId,'English','Stock Value');

/*Data for the table `system_language_strings` */
INSERT INTO `system_language_strings`(`language_string`,`language_string_type`,`system_module_id`,`screen_name`) VALUES
('Assignment Type', 'display_string', '6', 'PMSL Reports Screen');

SET @languageStringId = LAST_INSERT_ID();

INSERT INTO `system_language_translations`(`language_string_id`,`language_name`,`translated_string`) VALUES
(@languageStringId,'English','Assignment Type');

/*Data for the table `system_language_strings` */
INSERT INTO `system_language_strings`(`language_string`,`language_string_type`,`system_module_id`,`screen_name`) VALUES
('Institute Wise TLD Return Count Data', 'display_string', '6', 'PMSL Reports Screen');

SET @languageStringId = LAST_INSERT_ID();

INSERT INTO `system_language_translations`(`language_string_id`,`language_name`,`translated_string`) VALUES
(@languageStringId,'English','Institute Wise TLD Return Count Data');

/*Data for the table `system_language_strings` */
INSERT INTO `system_language_strings`(`language_string`,`language_string_type`,`system_module_id`,`screen_name`) VALUES
('TLD Return Count', 'display_string', '6', 'PMSL Reports Screen');

SET @languageStringId = LAST_INSERT_ID();

INSERT INTO `system_language_translations`(`language_string_id`,`language_name`,`translated_string`) VALUES
(@languageStringId,'English','TLD Return Count');

/*Data for the table `system_language_strings` */
INSERT INTO `system_language_strings`(`language_string`,`language_string_type`,`system_module_id`,`screen_name`) VALUES
('Sales Invoice Gross Profit Total', 'display_string', '2', 'Sales Reports Screen');

SET @languageStringId = LAST_INSERT_ID();

INSERT INTO `system_language_translations`(`language_string_id`,`language_name`,`translated_string`) VALUES
(@languageStringId,'English','Sales Invoice Gross Profit Total');

/*Data for the table `system_language_strings` */
INSERT INTO `system_language_strings`(`language_string`,`language_string_type`,`system_module_id`,`screen_name`) VALUES
('Show Daily Sales Summary', 'display_string', '2', 'Sales Reports Screen');

SET @languageStringId = LAST_INSERT_ID();

INSERT INTO `system_language_translations`(`language_string_id`,`language_name`,`translated_string`) VALUES
(@languageStringId,'English','Show Daily Sales Summary');

/*Data for the table `system_language_strings` */
INSERT INTO `system_language_strings`(`language_string`,`language_string_type`,`system_module_id`,`screen_name`) VALUES
('Restrict POS Credit Invoicing for Default Sales Invoice Issue Customer', 'display_string', '2', 'System Configurations Screen');

SET @languageStringId = LAST_INSERT_ID();

INSERT INTO `system_language_translations`(`language_string_id`,`language_name`,`translated_string`) VALUES
(@languageStringId,'English','Restrict POS Credit Invoicing for Default Sales Invoice Issue Customer');

/*Data for the table `system_language_strings` */
INSERT INTO `system_language_strings`(`language_string`,`language_string_type`,`system_module_id`,`screen_name`) VALUES
('You are not allowed to add a credit invoice for Cash Sale default customer. Please select a valid customer.', 'message', '2', 'Sales Invoice Screen');

SET @languageStringId = LAST_INSERT_ID();

INSERT INTO `system_language_translations`(`language_string_id`,`language_name`,`translated_string`) VALUES
(@languageStringId,'English','You are not allowed to add a credit invoice for Cash Sale default customer. Please select a valid customer.');

/*Data for the table `system_language_strings` */
INSERT INTO `system_language_strings`(`language_string`,`language_string_type`,`system_module_id`,`screen_name`) VALUES
('Dose Report Calculation Investigation Limits', 'display_string', '6', 'System Configurations Screen');

SET @languageStringId = LAST_INSERT_ID();

INSERT INTO `system_language_translations`(`language_string_id`,`language_name`,`translated_string`) VALUES
(@languageStringId,'English','Dose Report Calculation Investigation Limits');

/*Data for the table `system_language_strings` */
INSERT INTO `system_language_strings`(`language_string`,`language_string_type`,`system_module_id`,`screen_name`) VALUES
('Investigation Limit Name', 'display_string', '6', 'System Configurations Screen');

SET @languageStringId = LAST_INSERT_ID();

INSERT INTO `system_language_translations`(`language_string_id`,`language_name`,`translated_string`) VALUES
(@languageStringId,'English','Investigation Limit Name');

/*Data for the table `system_language_strings` */
INSERT INTO `system_language_strings`(`language_string`,`language_string_type`,`system_module_id`,`screen_name`) VALUES
('Investigation Limit (uSv)', 'display_string', '6', 'System Configurations Screen');

SET @languageStringId = LAST_INSERT_ID();

INSERT INTO `system_language_translations`(`language_string_id`,`language_name`,`translated_string`) VALUES
(@languageStringId,'English','Investigation Limit (uSv)');

/*Data for the table `system_language_strings` */
INSERT INTO `system_language_strings`(`language_string`,`language_string_type`,`system_module_id`,`screen_name`) VALUES
('Investigation Limit should be a double value', 'message', '6', 'System Configurations Screen');

SET @languageStringId = LAST_INSERT_ID();

INSERT INTO `system_language_translations`(`language_string_id`,`language_name`,`translated_string`) VALUES
(@languageStringId,'English','Investigation Limit should be a double value');

/*Data for the table `system_language_strings` */
INSERT INTO `system_language_strings`(`language_string`,`language_string_type`,`system_module_id`,`screen_name`) VALUES
('Web Portal Registration Email', 'display_string', '1', 'External Institutes Screen');

SET @languageStringId = LAST_INSERT_ID();

INSERT INTO `system_language_translations`(`language_string_id`,`language_name`,`translated_string`) VALUES
(@languageStringId,'English','Web Portal Registration Email');

/*Data for the table `system_language_strings` */
INSERT INTO `system_language_strings`(`language_string`,`language_string_type`,`system_module_id`,`screen_name`) VALUES
('Web Portal Username', 'display_string', '1', 'External Institutes Screen');

SET @languageStringId = LAST_INSERT_ID();

INSERT INTO `system_language_translations`(`language_string_id`,`language_name`,`translated_string`) VALUES
(@languageStringId,'English','Web Portal Username');

/*Data for the table `system_language_strings` */
INSERT INTO `system_language_strings`(`language_string`,`language_string_type`,`system_module_id`,`screen_name`) VALUES
('Web Portal Password', 'display_string', '1', 'External Institutes Screen');

SET @languageStringId = LAST_INSERT_ID();

INSERT INTO `system_language_translations`(`language_string_id`,`language_name`,`translated_string`) VALUES
(@languageStringId,'English','Web Portal Password');

/*Data for the table `system_language_strings` */
INSERT INTO `system_language_strings`(`language_string`,`language_string_type`,`system_module_id`,`screen_name`) VALUES
('Web Portal Confirm Password', 'display_string', '1', 'External Institutes Screen');

SET @languageStringId = LAST_INSERT_ID();

INSERT INTO `system_language_translations`(`language_string_id`,`language_name`,`translated_string`) VALUES
(@languageStringId,'English','Web Portal Confirm Password');

/*Data for the table `system_language_strings` */
INSERT INTO `system_language_strings`(`language_string`,`language_string_type`,`system_module_id`,`screen_name`) VALUES
('Reset Password and Email New Password to Portal User', 'display_string', '1', 'External Institutes Screen');

SET @languageStringId = LAST_INSERT_ID();

INSERT INTO `system_language_translations`(`language_string_id`,`language_name`,`translated_string`) VALUES
(@languageStringId,'English','Reset Password and Email New Password to Portal User');

/*Data for the table `system_language_strings` */
INSERT INTO `system_language_strings`(`language_string`,`language_string_type`,`system_module_id`,`screen_name`) VALUES
('Are you sure you want to reset the password and email the new password to portal user?', 'message', '1', 'External Institutes Screen');

SET @languageStringId = LAST_INSERT_ID();

INSERT INTO `system_language_translations`(`language_string_id`,`language_name`,`translated_string`) VALUES
(@languageStringId,'English','Are you sure you want to reset the password and email the new password to portal user?');

/*Data for the table `system_language_strings` */
INSERT INTO `system_language_strings`(`language_string`,`language_string_type`,`system_module_id`,`screen_name`) VALUES
('Password Reset Details', 'message', '1', 'External Institutes Screen');

SET @languageStringId = LAST_INSERT_ID();

INSERT INTO `system_language_translations`(`language_string_id`,`language_name`,`translated_string`) VALUES
(@languageStringId,'English','Password Reset Details');

/*Data for the table `system_language_strings` */
INSERT INTO `system_language_strings`(`language_string`,`language_string_type`,`system_module_id`,`screen_name`) VALUES
('Your account password has been reset and you can now login to your account area using the details below.', 'message', '1', 'External Institutes Screen');

SET @languageStringId = LAST_INSERT_ID();

INSERT INTO `system_language_translations`(`language_string_id`,`language_name`,`translated_string`) VALUES
(@languageStringId,'English','Your account password has been reset and you can now login to your account area using the details below.');

/*Data for the table `system_language_strings` */
INSERT INTO `system_language_strings`(`language_string`,`language_string_type`,`system_module_id`,`screen_name`) VALUES
('Portal user password reset and new password emailed to the user successfully.', 'message', '1', 'External Institutes Screen');

SET @languageStringId = LAST_INSERT_ID();

INSERT INTO `system_language_translations`(`language_string_id`,`language_name`,`translated_string`) VALUES
(@languageStringId,'English','Portal user password reset and new password emailed to the user successfully.');

/*Data for the table `system_language_strings` */
INSERT INTO `system_language_strings`(`language_string`,`language_string_type`,`system_module_id`,`screen_name`) VALUES
('Mail Server', 'display_string', '1', 'System Configurations Screen');

SET @languageStringId = LAST_INSERT_ID();

INSERT INTO `system_language_translations`(`language_string_id`,`language_name`,`translated_string`) VALUES
(@languageStringId,'English','Mail Server');

/*Data for the table `system_language_strings` */
INSERT INTO `system_language_strings`(`language_string`,`language_string_type`,`system_module_id`,`screen_name`) VALUES
('Mail Server Details', 'display_string', '1', 'System Configurations Screen');

SET @languageStringId = LAST_INSERT_ID();

INSERT INTO `system_language_translations`(`language_string_id`,`language_name`,`translated_string`) VALUES
(@languageStringId,'English','Mail Server Details');

/*Data for the table `system_language_strings` */
INSERT INTO `system_language_strings`(`language_string`,`language_string_type`,`system_module_id`,`screen_name`) VALUES
('Mail Server Name', 'display_string', '1', 'System Configurations Screen');

SET @languageStringId = LAST_INSERT_ID();

INSERT INTO `system_language_translations`(`language_string_id`,`language_name`,`translated_string`) VALUES
(@languageStringId,'English','Mail Server Name');

/*Data for the table `system_language_strings` */
INSERT INTO `system_language_strings`(`language_string`,`language_string_type`,`system_module_id`,`screen_name`) VALUES
('Mail Server Username', 'display_string', '1', 'System Configurations Screen');

SET @languageStringId = LAST_INSERT_ID();

INSERT INTO `system_language_translations`(`language_string_id`,`language_name`,`translated_string`) VALUES
(@languageStringId,'English','Mail Server Username');

/*Data for the table `system_language_strings` */
INSERT INTO `system_language_strings`(`language_string`,`language_string_type`,`system_module_id`,`screen_name`) VALUES
('Mail Server Password', 'display_string', '1', 'System Configurations Screen');

SET @languageStringId = LAST_INSERT_ID();

INSERT INTO `system_language_translations`(`language_string_id`,`language_name`,`translated_string`) VALUES
(@languageStringId,'English','Mail Server Password');

/*Data for the table `system_language_strings` */
INSERT INTO `system_language_strings`(`language_string`,`language_string_type`,`system_module_id`,`screen_name`) VALUES
('Customer Web Portal', 'display_string', '6', 'System Configurations Screen');

SET @languageStringId = LAST_INSERT_ID();

INSERT INTO `system_language_translations`(`language_string_id`,`language_name`,`translated_string`) VALUES
(@languageStringId,'English','Customer Web Portal');

/*Data for the table `system_language_strings` */
INSERT INTO `system_language_strings`(`language_string`,`language_string_type`,`system_module_id`,`screen_name`) VALUES
('Registered Email', 'display_string', '6', 'System Configurations Screen');

SET @languageStringId = LAST_INSERT_ID();

INSERT INTO `system_language_translations`(`language_string_id`,`language_name`,`translated_string`) VALUES
(@languageStringId,'English','Registered Email');

/*Data for the table `system_language_strings` */
INSERT INTO `system_language_strings`(`language_string`,`language_string_type`,`system_module_id`,`screen_name`) VALUES
('Company Login Account Details', 'display_string', '6', 'System Configurations Screen');

SET @languageStringId = LAST_INSERT_ID();

INSERT INTO `system_language_translations`(`language_string_id`,`language_name`,`translated_string`) VALUES
(@languageStringId,'English','Company Login Account Details');

/*Data for the table `system_language_strings` */
INSERT INTO `system_language_strings`(`language_string`,`language_string_type`,`system_module_id`,`screen_name`) VALUES
('Audit Firm Login Account Details', 'display_string', '6', 'System Configurations Screen');

SET @languageStringId = LAST_INSERT_ID();

INSERT INTO `system_language_translations`(`language_string_id`,`language_name`,`translated_string`) VALUES
(@languageStringId,'English','Audit Firm Login Account Details');

/*Data for the table `system_language_strings` */
INSERT INTO `system_language_strings`(`language_string`,`language_string_type`,`system_module_id`,`screen_name`) VALUES
('Return Date should be greater than Exposure Period To date!', 'message', '6', 'Collect TLD Returns Screen');

SET @languageStringId = LAST_INSERT_ID();

INSERT INTO `system_language_translations`(`language_string_id`,`language_name`,`translated_string`) VALUES
(@languageStringId,'English','Return Date should be greater than Exposure Period To date!');

/*Update language strings*/
UPDATE `system_language_strings` SET `language_string` =  'Bulk Print Dose Report Envelopes (A4)' WHERE `language_string_id` = '3545';

UPDATE `system_language_translations` SET `translated_string` =  'Bulk Print Dose Report Envelopes (A4)' WHERE `language_translation_id` = '3549';

/*Data for the table `system_language_strings` */
INSERT INTO `system_language_strings`(`language_string`,`language_string_type`,`system_module_id`,`screen_name`) VALUES
('success_updated_but_worker_cannot_terminate', 'message', '1', 'People Screen');

SET @languageStringId = LAST_INSERT_ID();

INSERT INTO `system_language_translations`(`language_string_id`,`language_name`,`translated_string`) VALUES
(@languageStringId,'English','Data successfully saved! However, worker cannot terminate as the worker has active TLD assignments.');

/*Data for the table `system_language_strings` */
INSERT INTO `system_language_strings`(`language_string`,`language_string_type`,`system_module_id`,`screen_name`) VALUES
('Show Serial Product Column in Product List', 'display_string', '2', 'System Configurations Screen');

SET @languageStringId = LAST_INSERT_ID();

INSERT INTO `system_language_translations`(`language_string_id`,`language_name`,`translated_string`) VALUES
(@languageStringId,'English','Show Serial Product Column in Product List');

/*Data for the table `system_language_strings` */
INSERT INTO `system_language_strings`(`language_string`,`language_string_type`,`system_module_id`,`screen_name`) VALUES
('TLD Rentals Help', 'display_string', '6', 'TLD Rentals Help Screen');

SET @languageStringId = LAST_INSERT_ID();

INSERT INTO `system_language_translations`(`language_string_id`,`language_name`,`translated_string`) VALUES
(@languageStringId,'English','TLD Rentals Help');

/*Data for the table `system_language_strings` */
INSERT INTO `system_language_strings`(`language_string`,`language_string_type`,`system_module_id`,`screen_name`) VALUES
('Download TLD Rentals Help User Guide', 'display_string', '6', 'TLD Rentals Help Screen');

SET @languageStringId = LAST_INSERT_ID();

INSERT INTO `system_language_translations`(`language_string_id`,`language_name`,`translated_string`) VALUES
(@languageStringId,'English','Download TLD Rentals Help User Guide');

/*Data for the table `system_language_strings` */
INSERT INTO `system_language_strings`(`language_string`,`language_string_type`,`system_module_id`,`screen_name`) VALUES
('PMSL Reports Help', 'display_string', '6', 'PMSL Reports Help Screen');

SET @languageStringId = LAST_INSERT_ID();

INSERT INTO `system_language_translations`(`language_string_id`,`language_name`,`translated_string`) VALUES
(@languageStringId,'English','PMSL Reports Help');

/*Data for the table `system_language_strings` */
INSERT INTO `system_language_strings`(`language_string`,`language_string_type`,`system_module_id`,`screen_name`) VALUES
('Download PMSL Reports Help User Guide', 'display_string', '6', 'PMSL Reports Help Screen');

SET @languageStringId = LAST_INSERT_ID();

INSERT INTO `system_language_translations`(`language_string_id`,`language_name`,`translated_string`) VALUES
(@languageStringId,'English','Download PMSL Reports Help User Guide');

/*Data for the table `system_language_strings` */
INSERT INTO `system_language_strings`(`language_string`,`language_string_type`,`system_module_id`,`screen_name`) VALUES
('Dose Report Containing Folder Name in Server', 'display_string', '6', 'System Configurations Screen');

SET @languageStringId = LAST_INSERT_ID();

INSERT INTO `system_language_translations`(`language_string_id`,`language_name`,`translated_string`) VALUES
(@languageStringId,'English','Dose Report Containing Folder Name in Server');

/*Data for the table `system_language_strings` */
INSERT INTO `system_language_strings`(`language_string`,`language_string_type`,`system_module_id`,`screen_name`) VALUES
('Received Credit Payment', 'display_string', '1', 'Welfare Company Credit Accounts Screen');

SET @languageStringId = LAST_INSERT_ID();

INSERT INTO `system_language_translations`(`language_string_id`,`language_name`,`translated_string`) VALUES
(@languageStringId,'English','Received Credit Payment');

/*Data for the table `system_language_strings` */
INSERT INTO `system_language_strings`(`language_string`,`language_string_type`,`system_module_id`,`screen_name`) VALUES
('Balance Credit Amount', 'display_string', '1', 'Welfare Company Credit Accounts Screen');

SET @languageStringId = LAST_INSERT_ID();

INSERT INTO `system_language_translations`(`language_string_id`,`language_name`,`translated_string`) VALUES
(@languageStringId,'English','Balance Credit Amount');

/*Data for the table `system_language_strings` */
INSERT INTO `system_language_strings`(`language_string`,`language_string_type`,`system_module_id`,`screen_name`) VALUES
('Welfare Company Payment', 'display_string', '1', 'Welfare Company Credit Accounts Screen');

SET @languageStringId = LAST_INSERT_ID();

INSERT INTO `system_language_translations`(`language_string_id`,`language_name`,`translated_string`) VALUES
(@languageStringId,'English','Welfare Company Payment');

/*Data for the table `system_language_strings` */
INSERT INTO `system_language_strings`(`language_string`,`language_string_type`,`system_module_id`,`screen_name`) VALUES
('Welfare Company Payment Details', 'display_string', '1', 'Welfare Company Credit Accounts Screen');

SET @languageStringId = LAST_INSERT_ID();

INSERT INTO `system_language_translations`(`language_string_id`,`language_name`,`translated_string`) VALUES
(@languageStringId,'English','Welfare Company Payment Details');

/*Data for the table `system_language_strings` */
INSERT INTO `system_language_strings`(`language_string`,`language_string_type`,`system_module_id`,`screen_name`) VALUES
('Outstanding Credit Amount', 'display_string', '1', 'Welfare Company Credit Accounts Screen');

SET @languageStringId = LAST_INSERT_ID();

INSERT INTO `system_language_translations`(`language_string_id`,`language_name`,`translated_string`) VALUES
(@languageStringId,'English','Outstanding Credit Amount');

/*Data for the table `system_language_strings` */
INSERT INTO `system_language_strings`(`language_string`,`language_string_type`,`system_module_id`,`screen_name`) VALUES
('Credit Payment Amount', 'display_string', '1', 'Welfare Company Credit Accounts Screen');

SET @languageStringId = LAST_INSERT_ID();

INSERT INTO `system_language_translations`(`language_string_id`,`language_name`,`translated_string`) VALUES
(@languageStringId,'English','Credit Payment Amount');

/*Data for the table `system_language_strings` */
INSERT INTO `system_language_strings`(`language_string`,`language_string_type`,`system_module_id`,`screen_name`) VALUES
('Total Payment', 'display_string', '1', 'Welfare Company Credit Accounts Screen');

SET @languageStringId = LAST_INSERT_ID();

INSERT INTO `system_language_translations`(`language_string_id`,`language_name`,`translated_string`) VALUES
(@languageStringId,'English','Total Payment');

/*Data for the table `system_language_strings` */
INSERT INTO `system_language_strings`(`language_string`,`language_string_type`,`system_module_id`,`screen_name`) VALUES
('Cheque Number should be a number', 'message', '1', 'Welfare Company Credit Accounts Screen');

SET @languageStringId = LAST_INSERT_ID();

INSERT INTO `system_language_translations`(`language_string_id`,`language_name`,`translated_string`) VALUES
(@languageStringId,'English','Cheque Number should be a number');

/*Data for the table `system_language_strings` */
INSERT INTO `system_language_strings`(`language_string`,`language_string_type`,`system_module_id`,`screen_name`) VALUES
('Save Payment', 'display_string', '1', 'Welfare Company Credit Accounts Screen');

SET @languageStringId = LAST_INSERT_ID();

INSERT INTO `system_language_translations`(`language_string_id`,`language_name`,`translated_string`) VALUES
(@languageStringId,'English','Save Payment');

/*Data for the table `system_language_strings` */
INSERT INTO `system_language_strings`(`language_string`,`language_string_type`,`system_module_id`,`screen_name`) VALUES
('Complete Payment', 'display_string', '1', 'Welfare Company Credit Accounts Screen');

SET @languageStringId = LAST_INSERT_ID();

INSERT INTO `system_language_translations`(`language_string_id`,`language_name`,`translated_string`) VALUES
(@languageStringId,'English','Complete Payment');

/*Data for the table `system_language_strings` */
INSERT INTO `system_language_strings`(`language_string`,`language_string_type`,`system_module_id`,`screen_name`) VALUES
('Select Credit Bills for Payment', 'display_string', '1', 'Welfare Company Credit Accounts Screen');

SET @languageStringId = LAST_INSERT_ID();

INSERT INTO `system_language_translations`(`language_string_id`,`language_name`,`translated_string`) VALUES
(@languageStringId,'English','Select Credit Bills for Payment');

/*Data for the table `system_language_strings` */
INSERT INTO `system_language_strings`(`language_string`,`language_string_type`,`system_module_id`,`screen_name`) VALUES
('TLD Distribution Dispatch', 'display_string', '6', 'Menus');

SET @languageStringId = LAST_INSERT_ID();

INSERT INTO `system_language_translations`(`language_string_id`,`language_name`,`translated_string`) VALUES
(@languageStringId,'English','TLD Distribution Dispatch');

/*Data for the table `system_language_strings` */
INSERT INTO `system_language_strings`(`language_string`,`language_string_type`,`system_module_id`,`screen_name`) VALUES
('Receive TLD Returns', 'display_string', '6', 'Menus');

SET @languageStringId = LAST_INSERT_ID();

INSERT INTO `system_language_translations`(`language_string_id`,`language_name`,`translated_string`) VALUES
(@languageStringId,'English','Receive TLD Returns');

/*Data for the table `system_language_strings` */
INSERT INTO `system_language_strings`(`language_string`,`language_string_type`,`system_module_id`,`screen_name`) VALUES
('TLD Distribution Dispatches', 'display_string', '6', 'TLD Distribution Dispatch Screen');

SET @languageStringId = LAST_INSERT_ID();

INSERT INTO `system_language_translations`(`language_string_id`,`language_name`,`translated_string`) VALUES
(@languageStringId,'English','TLD Distribution Dispatches');

/*Data for the table `system_language_strings` */
INSERT INTO `system_language_strings`(`language_string`,`language_string_type`,`system_module_id`,`screen_name`) VALUES
('TLD Distribution Dispatch Details', 'display_string', '6', 'TLD Distribution Dispatch Screen');

SET @languageStringId = LAST_INSERT_ID();

INSERT INTO `system_language_translations`(`language_string_id`,`language_name`,`translated_string`) VALUES
(@languageStringId,'English','TLD Distribution Dispatch Details');

/*Data for the table `system_language_strings` */
INSERT INTO `system_language_strings`(`language_string`,`language_string_type`,`system_module_id`,`screen_name`) VALUES
('Add New TLD Distribution Dispatch', 'display_string', '6', 'TLD Distribution Dispatch Screen');

SET @languageStringId = LAST_INSERT_ID();

INSERT INTO `system_language_translations`(`language_string_id`,`language_name`,`translated_string`) VALUES
(@languageStringId,'English','Add New TLD Distribution Dispatch');

/*Data for the table `system_language_strings` */
INSERT INTO `system_language_strings`(`language_string`,`language_string_type`,`system_module_id`,`screen_name`) VALUES
('Dispatch No', 'display_string', '6', 'TLD Distribution Dispatch Screen');

SET @languageStringId = LAST_INSERT_ID();

INSERT INTO `system_language_translations`(`language_string_id`,`language_name`,`translated_string`) VALUES
(@languageStringId,'English','Dispatch No');

/*Data for the table `system_language_strings` */
INSERT INTO `system_language_strings`(`language_string`,`language_string_type`,`system_module_id`,`screen_name`) VALUES
('Dispatch Date', 'display_string', '6', 'TLD Distribution Dispatch Screen');

SET @languageStringId = LAST_INSERT_ID();

INSERT INTO `system_language_translations`(`language_string_id`,`language_name`,`translated_string`) VALUES
(@languageStringId,'English','Dispatch Date');

/*Data for the table `system_language_strings` */
INSERT INTO `system_language_strings`(`language_string`,`language_string_type`,`system_module_id`,`screen_name`) VALUES
('Dispatch Method', 'display_string', '6', 'TLD Distribution Dispatch Screen');

SET @languageStringId = LAST_INSERT_ID();

INSERT INTO `system_language_translations`(`language_string_id`,`language_name`,`translated_string`) VALUES
(@languageStringId,'English','Dispatch Method');

/*Data for the table `system_language_strings` */
INSERT INTO `system_language_strings`(`language_string`,`language_string_type`,`system_module_id`,`screen_name`) VALUES
('Dispatch Reference', 'display_string', '6', 'TLD Distribution Dispatch Screen');

SET @languageStringId = LAST_INSERT_ID();

INSERT INTO `system_language_translations`(`language_string_id`,`language_name`,`translated_string`) VALUES
(@languageStringId,'English','Dispatch Reference');

/*Data for the table `system_language_strings` */
INSERT INTO `system_language_strings`(`language_string`,`language_string_type`,`system_module_id`,`screen_name`) VALUES
('distribution dispatch', 'message', '6', 'TLD Distribution Dispatch Screen');

SET @languageStringId = LAST_INSERT_ID();

INSERT INTO `system_language_translations`(`language_string_id`,`language_name`,`translated_string`) VALUES
(@languageStringId,'English','distribution dispatch');

/*Data for the table `system_language_strings` */
INSERT INTO `system_language_strings`(`language_string`,`language_string_type`,`system_module_id`,`screen_name`) VALUES
('Search TLD Distribution Dispatches', 'display_string', '6', 'TLD Distribution Dispatch Screen');

SET @languageStringId = LAST_INSERT_ID();

INSERT INTO `system_language_translations`(`language_string_id`,`language_name`,`translated_string`) VALUES
(@languageStringId,'English','Search TLD Distribution Dispatches');

/*Data for the table `system_language_strings` */
INSERT INTO `system_language_strings`(`language_string`,`language_string_type`,`system_module_id`,`screen_name`) VALUES
('Receive TLD Returns', 'display_string', '6', 'Receive TLD Returns Screen');

SET @languageStringId = LAST_INSERT_ID();

INSERT INTO `system_language_translations`(`language_string_id`,`language_name`,`translated_string`) VALUES
(@languageStringId,'English','Receive TLD Returns');

/*Data for the table `system_language_strings` */
INSERT INTO `system_language_strings`(`language_string`,`language_string_type`,`system_module_id`,`screen_name`) VALUES
('Receive TLD Return Details', 'display_string', '6', 'Receive TLD Returns Screen');

SET @languageStringId = LAST_INSERT_ID();

INSERT INTO `system_language_translations`(`language_string_id`,`language_name`,`translated_string`) VALUES
(@languageStringId,'English','Receive TLD Return Details');

/*Data for the table `system_language_strings` */
INSERT INTO `system_language_strings`(`language_string`,`language_string_type`,`system_module_id`,`screen_name`) VALUES
('Add New Receive TLD Return', 'display_string', '6', 'Receive TLD Returns Screen');

SET @languageStringId = LAST_INSERT_ID();

INSERT INTO `system_language_translations`(`language_string_id`,`language_name`,`translated_string`) VALUES
(@languageStringId,'English','Add New Receive TLD Return');

/*Data for the table `system_language_strings` */
INSERT INTO `system_language_strings`(`language_string`,`language_string_type`,`system_module_id`,`screen_name`) VALUES
('Receive No', 'display_string', '6', 'Receive TLD Returns Screen');

SET @languageStringId = LAST_INSERT_ID();

INSERT INTO `system_language_translations`(`language_string_id`,`language_name`,`translated_string`) VALUES
(@languageStringId,'English','Receive No');

/*Data for the table `system_language_strings` */
INSERT INTO `system_language_strings`(`language_string`,`language_string_type`,`system_module_id`,`screen_name`) VALUES
('Receive Date', 'display_string', '6', 'Receive TLD Returns Screen');

SET @languageStringId = LAST_INSERT_ID();

INSERT INTO `system_language_translations`(`language_string_id`,`language_name`,`translated_string`) VALUES
(@languageStringId,'English','Receive Date');

/*Data for the table `system_language_strings` */
INSERT INTO `system_language_strings`(`language_string`,`language_string_type`,`system_module_id`,`screen_name`) VALUES
('Receive Method', 'display_string', '6', 'Receive TLD Returns Screen');

SET @languageStringId = LAST_INSERT_ID();

INSERT INTO `system_language_translations`(`language_string_id`,`language_name`,`translated_string`) VALUES
(@languageStringId,'English','Receive Method');

/*Data for the table `system_language_strings` */
INSERT INTO `system_language_strings`(`language_string`,`language_string_type`,`system_module_id`,`screen_name`) VALUES
('Receive Reference', 'display_string', '6', 'Receive TLD Returns Screen');

SET @languageStringId = LAST_INSERT_ID();

INSERT INTO `system_language_translations`(`language_string_id`,`language_name`,`translated_string`) VALUES
(@languageStringId,'English','Receive Reference');

/*Data for the table `system_language_strings` */
INSERT INTO `system_language_strings`(`language_string`,`language_string_type`,`system_module_id`,`screen_name`) VALUES
('receive TLD return', 'message', '6', 'Receive TLD Returns Screen');

SET @languageStringId = LAST_INSERT_ID();

INSERT INTO `system_language_translations`(`language_string_id`,`language_name`,`translated_string`) VALUES
(@languageStringId,'English','receive TLD return');

/*Data for the table `system_language_strings` */
INSERT INTO `system_language_strings`(`language_string`,`language_string_type`,`system_module_id`,`screen_name`) VALUES
('Search Receive TLD Returns', 'display_string', '6', 'Receive TLD Returns Screen');

SET @languageStringId = LAST_INSERT_ID();

INSERT INTO `system_language_translations`(`language_string_id`,`language_name`,`translated_string`) VALUES
(@languageStringId,'English','Search Receive TLD Returns');

/*Data for the table `system_language_strings` */
INSERT INTO `system_language_strings`(`language_string`,`language_string_type`,`system_module_id`,`screen_name`) VALUES
('New Registration Applications', 'display_string', '1', 'External Institutes Screen');

SET @languageStringId = LAST_INSERT_ID();

INSERT INTO `system_language_translations`(`language_string_id`,`language_name`,`translated_string`) VALUES
(@languageStringId,'English','New Registration Applications');

/*Data for the table `system_language_strings` */
INSERT INTO `system_language_strings`(`language_string`,`language_string_type`,`system_module_id`,`screen_name`) VALUES
('New Registration Application', 'display_string', '1', 'External Institutes Screen');

SET @languageStringId = LAST_INSERT_ID();

INSERT INTO `system_language_translations`(`language_string_id`,`language_name`,`translated_string`) VALUES
(@languageStringId,'English','New Registration Application');

/*Data for the table `system_language_strings` */
INSERT INTO `system_language_strings`(`language_string`,`language_string_type`,`system_module_id`,`screen_name`) VALUES
('Application Number', 'display_string', '1', 'External Institutes Screen');

SET @languageStringId = LAST_INSERT_ID();

INSERT INTO `system_language_translations`(`language_string_id`,`language_name`,`translated_string`) VALUES
(@languageStringId,'English','Application Number');

/*Data for the table `system_language_strings` */
INSERT INTO `system_language_strings`(`language_string`,`language_string_type`,`system_module_id`,`screen_name`) VALUES
('Registration Type', 'display_string', '1', 'External Institutes Screen');

SET @languageStringId = LAST_INSERT_ID();

INSERT INTO `system_language_translations`(`language_string_id`,`language_name`,`translated_string`) VALUES
(@languageStringId,'English','Registration Type');

/*Data for the table `system_language_strings` */
INSERT INTO `system_language_strings`(`language_string`,`language_string_type`,`system_module_id`,`screen_name`) VALUES
('Application Received Date', 'display_string', '1', 'External Institutes Screen');

SET @languageStringId = LAST_INSERT_ID();

INSERT INTO `system_language_translations`(`language_string_id`,`language_name`,`translated_string`) VALUES
(@languageStringId,'English','Application Received Date');

/*Data for the table `system_language_strings` */
INSERT INTO `system_language_strings`(`language_string`,`language_string_type`,`system_module_id`,`screen_name`) VALUES
('Application Completed Date', 'display_string', '1', 'External Institutes Screen');

SET @languageStringId = LAST_INSERT_ID();

INSERT INTO `system_language_translations`(`language_string_id`,`language_name`,`translated_string`) VALUES
(@languageStringId,'English','Application Completed Date');

/*Data for the table `system_language_strings` */
INSERT INTO `system_language_strings`(`language_string`,`language_string_type`,`system_module_id`,`screen_name`) VALUES
('Application Status', 'display_string', '1', 'External Institutes Screen');

SET @languageStringId = LAST_INSERT_ID();

INSERT INTO `system_language_translations`(`language_string_id`,`language_name`,`translated_string`) VALUES
(@languageStringId,'English','Application Status');

/*Data for the table `system_language_strings` */
INSERT INTO `system_language_strings`(`language_string`,`language_string_type`,`system_module_id`,`screen_name`) VALUES
('Add New Registration Application', 'display_string', '1', 'External Institutes Screen');

SET @languageStringId = LAST_INSERT_ID();

INSERT INTO `system_language_translations`(`language_string_id`,`language_name`,`translated_string`) VALUES
(@languageStringId,'English','Add New Registration Application');

/*Data for the table `system_language_strings` */
INSERT INTO `system_language_strings`(`language_string`,`language_string_type`,`system_module_id`,`screen_name`) VALUES
('Received Date', 'display_string', '1', 'External Institutes Screen');

SET @languageStringId = LAST_INSERT_ID();

INSERT INTO `system_language_translations`(`language_string_id`,`language_name`,`translated_string`) VALUES
(@languageStringId,'English','Received Date');

/*Data for the table `system_language_strings` */
INSERT INTO `system_language_strings`(`language_string`,`language_string_type`,`system_module_id`,`screen_name`) VALUES
('Completed Date', 'display_string', '1', 'External Institutes Screen');

SET @languageStringId = LAST_INSERT_ID();

INSERT INTO `system_language_translations`(`language_string_id`,`language_name`,`translated_string`) VALUES
(@languageStringId,'English','Completed Date');

/*Data for the table `system_language_strings` */
INSERT INTO `system_language_strings`(`language_string`,`language_string_type`,`system_module_id`,`screen_name`) VALUES
('application_number', 'message', '1', 'External Institutes Screen');

SET @languageStringId = LAST_INSERT_ID();

INSERT INTO `system_language_translations`(`language_string_id`,`language_name`,`translated_string`) VALUES
(@languageStringId,'English','Application Number is already in use');

/*Data for the table `system_language_strings` */
INSERT INTO `system_language_strings`(`language_string`,`language_string_type`,`system_module_id`,`screen_name`) VALUES
('application', 'message', '1', 'External Institutes Screen');

SET @languageStringId = LAST_INSERT_ID();

INSERT INTO `system_language_translations`(`language_string_id`,`language_name`,`translated_string`) VALUES
(@languageStringId,'English','application');

/*Data for the table `system_language_strings` */
INSERT INTO `system_language_strings`(`language_string`,`language_string_type`,`system_module_id`,`screen_name`) VALUES
('Received From Date', 'display_string', '1', 'External Institutes Screen');

SET @languageStringId = LAST_INSERT_ID();

INSERT INTO `system_language_translations`(`language_string_id`,`language_name`,`translated_string`) VALUES
(@languageStringId,'English','Received From Date');

/*Data for the table `system_language_strings` */
INSERT INTO `system_language_strings`(`language_string`,`language_string_type`,`system_module_id`,`screen_name`) VALUES
('Received To Date', 'display_string', '1', 'External Institutes Screen');

SET @languageStringId = LAST_INSERT_ID();

INSERT INTO `system_language_translations`(`language_string_id`,`language_name`,`translated_string`) VALUES
(@languageStringId,'English','Received To Date');

/*Data for the table `system_language_strings` */
INSERT INTO `system_language_strings`(`language_string`,`language_string_type`,`system_module_id`,`screen_name`) VALUES
('Application File', 'display_string', '1', 'External Institutes Screen');

SET @languageStringId = LAST_INSERT_ID();

INSERT INTO `system_language_translations`(`language_string_id`,`language_name`,`translated_string`) VALUES
(@languageStringId,'English','Application File');

/*Data for the table `system_language_strings` */
INSERT INTO `system_language_strings`(`language_string`,`language_string_type`,`system_module_id`,`screen_name`) VALUES
('Show All Pendings', 'display_string', '1', 'Menus');

SET @languageStringId = LAST_INSERT_ID();

INSERT INTO `system_language_translations`(`language_string_id`,`language_name`,`translated_string`) VALUES
(@languageStringId,'English','Show All Pendings');

/*Data for the table `system_language_strings` */
INSERT INTO `system_language_strings`(`language_string`,`language_string_type`,`system_module_id`,`screen_name`) VALUES
('Show Old Pendings', 'display_string', '1', 'Menus');

SET @languageStringId = LAST_INSERT_ID();

INSERT INTO `system_language_translations`(`language_string_id`,`language_name`,`translated_string`) VALUES
(@languageStringId,'English','Show Old Pendings');

/*Data for the table `system_language_strings` */
INSERT INTO `system_language_strings`(`language_string`,`language_string_type`,`system_module_id`,`screen_name`) VALUES
('Print Sales Unit On Sales Invoice Detail Bill', 'display_string', '2', 'System Configurations Screen');

SET @languageStringId = LAST_INSERT_ID();

INSERT INTO `system_language_translations`(`language_string_id`,`language_name`,`translated_string`) VALUES
(@languageStringId,'English','Print Sales Unit On Sales Invoice Detail Bill');

/*Data for the table `system_language_strings` */
INSERT INTO `system_language_strings`(`language_string`,`language_string_type`,`system_module_id`,`screen_name`) VALUES
('Print Markup Price On Sales Invoice Detail Bill', 'display_string', '2', 'System Configurations Screen');

SET @languageStringId = LAST_INSERT_ID();

INSERT INTO `system_language_translations`(`language_string_id`,`language_name`,`translated_string`) VALUES
(@languageStringId,'English','Print Markup Price On Sales Invoice Detail Bill');

/*Data for the table `system_language_strings` */
INSERT INTO `system_language_strings`(`language_string`,`language_string_type`,`system_module_id`,`screen_name`) VALUES
('Markup Price', 'display_string', '2', 'Products Screen');

SET @languageStringId = LAST_INSERT_ID();

INSERT INTO `system_language_translations`(`language_string_id`,`language_name`,`translated_string`) VALUES
(@languageStringId,'English','Markup Price');

/*Data for the table `system_language_strings` */
INSERT INTO `system_language_strings`(`language_string`,`language_string_type`,`system_module_id`,`screen_name`) VALUES
('Are you sure you want to deactivate the selected person', 'message', '2', 'People Screen');

SET @languageStringId = LAST_INSERT_ID();

INSERT INTO `system_language_translations`(`language_string_id`,`language_name`,`translated_string`) VALUES
(@languageStringId,'English','Are you sure you want to deactivate the selected person');

/*Data for the table `system_language_strings` */
INSERT INTO `system_language_strings`(`language_string`,`language_string_type`,`system_module_id`,`screen_name`) VALUES
('Are you sure you want to permanently deactivate the selected person', 'message', '2', 'People Screen');

SET @languageStringId = LAST_INSERT_ID();

INSERT INTO `system_language_translations`(`language_string_id`,`language_name`,`translated_string`) VALUES
(@languageStringId,'English','Are you sure you want to permanently deactivate the selected person');

/*Data for the table `system_language_strings` */
INSERT INTO `system_language_strings`(`language_string`,`language_string_type`,`system_module_id`,`screen_name`) VALUES
('Financial Year Ends', 'display_string', '7', 'Menus');

SET @languageStringId = LAST_INSERT_ID();

INSERT INTO `system_language_translations`(`language_string_id`,`language_name`,`translated_string`) VALUES
(@languageStringId,'English','Financial Year Ends');

/*Data for the table `system_language_strings` */
INSERT INTO `system_language_strings`(`language_string`,`language_string_type`,`system_module_id`,`screen_name`) VALUES
('Financial Year', 'display_string', '7', 'Financial Year Ends Screen');

SET @languageStringId = LAST_INSERT_ID();

INSERT INTO `system_language_translations`(`language_string_id`,`language_name`,`translated_string`) VALUES
(@languageStringId,'English','Financial Year');

/*Data for the table `system_language_strings` */
INSERT INTO `system_language_strings`(`language_string`,`language_string_type`,`system_module_id`,`screen_name`) VALUES
('Financial Year Start Date', 'display_string', '7', 'Financial Year Ends Screen');

SET @languageStringId = LAST_INSERT_ID();

INSERT INTO `system_language_translations`(`language_string_id`,`language_name`,`translated_string`) VALUES
(@languageStringId,'English','Financial Year Start Date');

/*Data for the table `system_language_strings` */
INSERT INTO `system_language_strings`(`language_string`,`language_string_type`,`system_module_id`,`screen_name`) VALUES
('Financial Year End Date', 'display_string', '7', 'Financial Year Ends Screen');

SET @languageStringId = LAST_INSERT_ID();

INSERT INTO `system_language_translations`(`language_string_id`,`language_name`,`translated_string`) VALUES
(@languageStringId,'English','Financial Year End Date');

/*Data for the table `system_language_strings` */
INSERT INTO `system_language_strings`(`language_string`,`language_string_type`,`system_module_id`,`screen_name`) VALUES
('Year End Process Status', 'display_string', '7', 'Financial Year Ends Screen');

SET @languageStringId = LAST_INSERT_ID();

INSERT INTO `system_language_translations`(`language_string_id`,`language_name`,`translated_string`) VALUES
(@languageStringId,'English','Year End Process Status');

/*Data for the table `system_language_strings` */
INSERT INTO `system_language_strings`(`language_string`,`language_string_type`,`system_module_id`,`screen_name`) VALUES
('Year End Processed By', 'display_string', '7', 'Financial Year Ends Screen');

SET @languageStringId = LAST_INSERT_ID();

INSERT INTO `system_language_translations`(`language_string_id`,`language_name`,`translated_string`) VALUES
(@languageStringId,'English','Year End Processed By');

/*Data for the table `system_language_strings` */
INSERT INTO `system_language_strings`(`language_string`,`language_string_type`,`system_module_id`,`screen_name`) VALUES
('Process Year End', 'display_string', '7', 'Financial Year Ends Screen');

SET @languageStringId = LAST_INSERT_ID();

INSERT INTO `system_language_translations`(`language_string_id`,`language_name`,`translated_string`) VALUES
(@languageStringId,'English','Process Year End');

/*Data for the table `system_language_strings` */
INSERT INTO `system_language_strings`(`language_string`,`language_string_type`,`system_module_id`,`screen_name`) VALUES
('Previous financial year is not closed! Please close the previous financal year before add transactions.', 'message', '7', 'Journal Entries Screen');

SET @languageStringId = LAST_INSERT_ID();

INSERT INTO `system_language_translations`(`language_string_id`,`language_name`,`translated_string`) VALUES
(@languageStringId,'English','Previous financial year is not closed! Please close the previous financal year before add transactions.');

/*Data for the table `system_language_strings` */
INSERT INTO `system_language_strings`(`language_string`,`language_string_type`,`system_module_id`,`screen_name`) VALUES
('The financial year of the transaction you are trying to delete is already closed!', 'message', '7', 'Journal Entries Screen');

SET @languageStringId = LAST_INSERT_ID();

INSERT INTO `system_language_translations`(`language_string_id`,`language_name`,`translated_string`) VALUES
(@languageStringId,'English','The financial year of the transaction you are trying to delete is already closed!');

/*Data for the table `system_language_strings` */
INSERT INTO `system_language_strings`(`language_string`,`language_string_type`,`system_module_id`,`screen_name`) VALUES
('Are you sure you want to process the year end now', 'message', '7', 'Financial Year Ends Screen');

SET @languageStringId = LAST_INSERT_ID();

INSERT INTO `system_language_translations`(`language_string_id`,`language_name`,`translated_string`) VALUES
(@languageStringId,'English','Are you sure you want to process the year end now');

/*Data for the table `system_language_strings` */
INSERT INTO `system_language_strings`(`language_string`,`language_string_type`,`system_module_id`,`screen_name`) VALUES
('year_end_successfuly_processed', 'message', '7', 'Financial Year Ends Screen');

SET @languageStringId = LAST_INSERT_ID();

INSERT INTO `system_language_translations`(`language_string_id`,`language_name`,`translated_string`) VALUES
(@languageStringId,'English','Year end successefully processed and account balances brought forward to next financial year.');

/*Data for the table `system_language_strings` */
INSERT INTO `system_language_strings`(`language_string`,`language_string_type`,`system_module_id`,`screen_name`) VALUES
('Select parent liabilities chart of account', 'display_string', '7', 'System Configurations Screen');

SET @languageStringId = LAST_INSERT_ID();

INSERT INTO `system_language_translations`(`language_string_id`,`language_name`,`translated_string`) VALUES
(@languageStringId,'English','Select parent liabilities chart of account');

/*Data for the table `system_language_strings` */
INSERT INTO `system_language_strings`(`language_string`,`language_string_type`,`system_module_id`,`screen_name`) VALUES
('Select parent assets chart of account', 'display_string', '7', 'System Configurations Screen');

SET @languageStringId = LAST_INSERT_ID();

INSERT INTO `system_language_translations`(`language_string_id`,`language_name`,`translated_string`) VALUES
(@languageStringId,'English','Select parent assets chart of account');

/*Data for the table `system_language_strings` */
INSERT INTO `system_language_strings`(`language_string`,`language_string_type`,`system_module_id`,`screen_name`) VALUES
('Select retained earnings chart of account', 'display_string', '7', 'System Configurations Screen');

SET @languageStringId = LAST_INSERT_ID();

INSERT INTO `system_language_translations`(`language_string_id`,`language_name`,`translated_string`) VALUES
(@languageStringId,'English','Select retained earnings chart of account');

/*Data for the table `system_language_strings` */
INSERT INTO `system_language_strings`(`language_string`,`language_string_type`,`system_module_id`,`screen_name`) VALUES
('Financial year end processing chart of accounts are not configured', 'message', '7', 'Financial Year Ends Screen');

SET @languageStringId = LAST_INSERT_ID();

INSERT INTO `system_language_translations`(`language_string_id`,`language_name`,`translated_string`) VALUES
(@languageStringId,'English','Financial year end processing chart of accounts are not configured');

/*Data for the table `system_language_strings` */
INSERT INTO `system_language_strings`(`language_string`,`language_string_type`,`system_module_id`,`screen_name`) VALUES
('Available Opening Balances', 'display_string', '7', 'Opening Balances Screen');

SET @languageStringId = LAST_INSERT_ID();

INSERT INTO `system_language_translations`(`language_string_id`,`language_name`,`translated_string`) VALUES
(@languageStringId,'English','Available Opening Balances');

UPDATE `system_language_strings` SET `language_string` = 'This module consists of five sections called Administration, Finished Good Inventory, Raw Material Inventory, Sales and Reports. The Administration section allows to manage warehouses, unit and unit conversions, tax details, vehicles, delivery' WHERE `language_string_id` = '1251';
UPDATE `system_language_strings` SET `language_string` = 'Enter the Email Address associated with your account and click Submit to receive a password.' WHERE `language_string_id` = '1510';
UPDATE `system_language_translations` SET `translated_string` = 'Enter the Email Address associated with your account and click Submit to receive a password.' WHERE `language_translation_id` = '1510';
UPDATE `system_language_translations` SET `translated_string` = 'Data not found for search criterias to generate a chart. Select search filters and click on Search button to generate a chart.' WHERE `language_translation_id` = '2717';
UPDATE `system_language_translations` SET `translated_string` = 'Sales Invoice No not specified. Please specify a Sales Invoice No before close the sales invoice.' WHERE `language_translation_id` = '2783';
UPDATE `system_language_translations` SET `translated_string` = 'Data import workbook has errors. Please click on Download Data Import Workbook Error Log File button to see errors and take required actions before re-upload.' WHERE `language_translation_id` = '2860';
UPDATE `system_language_translations` SET `translated_string` = 'There are errors with data import. Please click on Download Data Import Error Log File button to see errors and take required actions before import again.' WHERE `language_translation_id` = '2862';
UPDATE `system_language_strings` SET `language_string` = 'Punch time already exists and is marked as deleted. Click on Reuse Existing Attendance Record button to reuse the deleted attendance record' WHERE `language_string_id` = '2893';
UPDATE `system_language_translations` SET `translated_string` = 'Punch time already exists and is marked as deleted. Click on Reuse Existing Attendance Record button to reuse the deleted attendance record' WHERE `language_translation_id` = '2893';
UPDATE `system_language_strings` SET `language_string` = 'Report is not selected/created to add fields. Please select or create a report in Step 1 first.' WHERE `language_string_id` = '2901';
UPDATE `system_language_translations` SET `translated_string` = 'Report is not selected/created to add fields. Please select or create a report in Step 1 first.' WHERE `language_translation_id` = '2901';

DELETE FROM `system_language_strings` WHERE `language_string_id` = '2730';
DELETE FROM `system_language_translations` WHERE `language_translation_id` = '2730';
DELETE FROM `system_language_strings` WHERE `language_string_id` = '2731';
DELETE FROM `system_language_translations` WHERE `language_translation_id` = '2731';

/*Data for the table `system_language_strings` */
INSERT INTO `system_language_strings`(`language_string`,`language_string_type`,`system_module_id`,`screen_name`) VALUES
('Select trade debtor chart of account', 'display_string', '7', 'System Configurations Screen');

SET @languageStringId = LAST_INSERT_ID();

INSERT INTO `system_language_translations`(`language_string_id`,`language_name`,`translated_string`) VALUES
(@languageStringId,'English','Select trade debtor chart of account');

/*Data for the table `system_language_strings` */
INSERT INTO `system_language_strings`(`language_string`,`language_string_type`,`system_module_id`,`screen_name`) VALUES
('Select parent expense chart of account', 'display_string', '7', 'System Configurations Screen');

SET @languageStringId = LAST_INSERT_ID();

INSERT INTO `system_language_translations`(`language_string_id`,`language_name`,`translated_string`) VALUES
(@languageStringId,'English','Select parent expense chart of account');

/*Data for the table `system_language_strings` */
INSERT INTO `system_language_strings`(`language_string`,`language_string_type`,`system_module_id`,`screen_name`) VALUES
('Import Opening Balances', 'display_string', '7', 'Opening Balances Screen');

SET @languageStringId = LAST_INSERT_ID();

INSERT INTO `system_language_translations`(`language_string_id`,`language_name`,`translated_string`) VALUES
(@languageStringId,'English','Import Opening Balances');

/*Data for the table `system_language_strings` */
INSERT INTO `system_language_strings`(`language_string`,`language_string_type`,`system_module_id`,`screen_name`) VALUES
('Select Opening Balance Excel File To Import Data', 'display_string', '7', 'Opening Balances Screen');

SET @languageStringId = LAST_INSERT_ID();

INSERT INTO `system_language_translations`(`language_string_id`,`language_name`,`translated_string`) VALUES
(@languageStringId,'English','Select Opening Balance Excel File To Import Data');

/*Data for the table `system_language_strings` */
INSERT INTO `system_language_strings`(`language_string`,`language_string_type`,`system_module_id`,`screen_name`) VALUES
('Load Data', 'display_string', '7', 'Opening Balances Screen');

SET @languageStringId = LAST_INSERT_ID();

INSERT INTO `system_language_translations`(`language_string_id`,`language_name`,`translated_string`) VALUES
(@languageStringId,'English','Load Data');

/*Data for the table `system_language_strings` */
INSERT INTO `system_language_strings`(`language_string`,`language_string_type`,`system_module_id`,`screen_name`) VALUES
('Data successfully loaded to import opening balances. Reveiw the balance details and then save opening balances.', 'message', '7', 'Opening Balances Screen');

SET @languageStringId = LAST_INSERT_ID();

INSERT INTO `system_language_translations`(`language_string_id`,`language_name`,`translated_string`) VALUES
(@languageStringId,'English','Data successfully loaded to import opening balances. Reveiw the balance details and then save opening balances.');

/*Data for the table `system_language_strings` */
INSERT INTO `system_language_strings`(`language_string`,`language_string_type`,`system_module_id`,`screen_name`) VALUES
('Too much data to save! Please use opening balance import feature to update changes.', 'message', '7', 'Opening Balances Screen');

SET @languageStringId = LAST_INSERT_ID();

INSERT INTO `system_language_translations`(`language_string_id`,`language_name`,`translated_string`) VALUES
(@languageStringId,'English','Too much data to save! Please use opening balance import feature to update changes.');

UPDATE `system_language_strings` SET `language_string` = 'Allows to manage company locations, people, company basic information and company structure. The information adding under this module is common to the other modules of Red Cherries ERP.' WHERE `language_string_id` = '1250';
UPDATE `system_language_translations` SET `translated_string` = 'Allows to manage company locations, people, company basic information and company structure. The information adding under this module is common to the other modules of Red Cherries ERP.' WHERE `language_string_id` = '1250';

UPDATE `system_language_strings` SET `language_string` = 'This module consists of five sections called Administration, Finished Good Inventory, Raw Material Inventory, Sales and Reports. The Administration section allows to manage warehouses, unit and unit conversions, tax details, vehicles, delivery routes and system configurations. System configurations allow to configure the system for different behaviors. Finished Good Inventory and Raw Material Inventory allows to manage finished good and raw material stock respectively. System allows to manage warehouse and lorry stock with different transactions. Sales section allows to manage sales invoices and sales returns. Reports section allows to generate different types of reports for stock balances, transactions, sales and sales returns.' WHERE `language_string_id` = '1251';
UPDATE `system_language_translations` SET `translated_string` = 'This module consists of five sections called Administration, Finished Good Inventory, Raw Material Inventory, Sales and Reports. The Administration section allows to manage warehouses, unit and unit conversions, tax details, vehicles, delivery routes and system configurations. System configurations allow to configure the system for different behaviors. Finished Good Inventory and Raw Material Inventory allows to manage finished good and raw material stock respectively. System allows to manage warehouse and lorry stock with different transactions. Sales section allows to manage sales invoices and sales returns. Reports section allows to generate different types of reports for stock balances, transactions, sales and sales returns.' WHERE `language_string_id` = '1251';

UPDATE `system_language_strings` SET `language_string` = 'Allows to manage the process of producing finished goods in a production line. Careful monitoring of raw materials issued to production line and exact usage and calculate final product cost considering other costing parameters is handled in this module. Module provides variation reports to evaluate the efficiency of production line thereby adjusting parameters to fine tune the efficiency and minimize loses. Initial module implementation is completed and is available in version 6.0. Further development of remaining features will be available in future versions.' WHERE `language_string_id` = '1252';
UPDATE `system_language_translations` SET `translated_string` = 'Allows to manage the process of producing finished goods in a production line. Careful monitoring of raw materials issued to production line and exact usage and calculate final product cost considering other costing parameters is handled in this module. Module provides variation reports to evaluate the efficiency of production line thereby adjusting parameters to fine tune the efficiency and minimize loses. Initial module implementation is completed and is available in version 6.0. Further development of remaining features will be available in future versions.' WHERE `language_string_id` = '1252';

UPDATE `system_language_strings` SET `language_string` = 'Employee salary details can be maintained in this module. Different types of earnings and deductions can be added and payroll process can be done by generating a salary payment detail script for banks. Module implementation is pending and will be available in a future version.' WHERE `language_string_id` = '1257';
UPDATE `system_language_translations` SET `translated_string` = 'Employee salary details can be maintained in this module. Different types of earnings and deductions can be added and payroll process can be done by generating a salary payment detail script for banks. Module implementation is pending and will be available in a future version.' WHERE `language_string_id` = '1257';

UPDATE `system_language_strings` SET `language_string` = 'Admin and a normal user roles available with default user role permissions. New users can be created for type of admin or normal user. When required additional user roles can be created with custom permissions and can be assigned to users.' WHERE `language_string_id` = '1256';
UPDATE `system_language_translations` SET `translated_string` = 'Admin and a normal user roles available with default user role permissions. New users can be created for type of admin or normal user. When required additional user roles can be created with custom permissions and can be assigned to users.' WHERE `language_string_id` = '1256';

/*Data for the table `system_language_strings` */
INSERT INTO `system_language_strings`(`language_string`,`language_string_type`,`system_module_id`,`screen_name`) VALUES
('Best online accounting management solution from Artifectx Solutions.', 'display_string', '', '');

SET @languageStringId = LAST_INSERT_ID();

INSERT INTO `system_language_translations`(`language_string_id`,`language_name`,`translated_string`) VALUES
(@languageStringId,'English','Best online accounting management solution from Artifectx Solutions.');

/*Data for the table `system_language_strings` */
INSERT INTO `system_language_strings`(`language_string`,`language_string_type`,`system_module_id`,`screen_name`) VALUES
('Reinstall Language Pack To Solve Language Translation Issues', 'display_string', '8', 'System Language Pack Screen');

SET @languageStringId = LAST_INSERT_ID();

INSERT INTO `system_language_translations`(`language_string_id`,`language_name`,`translated_string`) VALUES
(@languageStringId,'English','Reinstall Language Pack To Solve Language Translation Issues');

/*Data for the table `system_language_strings` */
INSERT INTO `system_language_strings`(`language_string`,`language_string_type`,`system_module_id`,`screen_name`) VALUES
('Language pack successfully reinstalled', 'message', '8', 'System Language Pack Screen');

SET @languageStringId = LAST_INSERT_ID();

INSERT INTO `system_language_translations`(`language_string_id`,`language_name`,`translated_string`) VALUES
(@languageStringId,'English','Language pack successfully reinstalled');

/*Other Language Translations */
INSERT INTO `system_language_translations`(`language_string_id`,`language_name`,`translated_string`) VALUES
(4085,'chinesesimplified','');
INSERT INTO `system_language_translations`(`language_string_id`,`language_name`,`translated_string`) VALUES
(4086,'chinesesimplified','');
INSERT INTO `system_language_translations`(`language_string_id`,`language_name`,`translated_string`) VALUES
(4087,'chinesesimplified','');
INSERT INTO `system_language_translations`(`language_string_id`,`language_name`,`translated_string`) VALUES
(4088,'chinesesimplified','');
INSERT INTO `system_language_translations`(`language_string_id`,`language_name`,`translated_string`) VALUES
(4089,'chinesesimplified','');
INSERT INTO `system_language_translations`(`language_string_id`,`language_name`,`translated_string`) VALUES
(4090,'chinesesimplified','');
INSERT INTO `system_language_translations`(`language_string_id`,`language_name`,`translated_string`) VALUES
(4091,'chinesesimplified','');
INSERT INTO `system_language_translations`(`language_string_id`,`language_name`,`translated_string`) VALUES
(4092,'chinesesimplified','');
INSERT INTO `system_language_translations`(`language_string_id`,`language_name`,`translated_string`) VALUES
(4093,'chinesesimplified','');
INSERT INTO `system_language_translations`(`language_string_id`,`language_name`,`translated_string`) VALUES
(4094,'chinesesimplified','');
INSERT INTO `system_language_translations`(`language_string_id`,`language_name`,`translated_string`) VALUES
(4095,'chinesesimplified','');
INSERT INTO `system_language_translations`(`language_string_id`,`language_name`,`translated_string`) VALUES
(4096,'chinesesimplified','');
INSERT INTO `system_language_translations`(`language_string_id`,`language_name`,`translated_string`) VALUES
(4097,'chinesesimplified','');
INSERT INTO `system_language_translations`(`language_string_id`,`language_name`,`translated_string`) VALUES
(4098,'chinesesimplified','');
INSERT INTO `system_language_translations`(`language_string_id`,`language_name`,`translated_string`) VALUES
(4099,'chinesesimplified','');
INSERT INTO `system_language_translations`(`language_string_id`,`language_name`,`translated_string`) VALUES
(4100,'chinesesimplified','');
INSERT INTO `system_language_translations`(`language_string_id`,`language_name`,`translated_string`) VALUES
(4101,'chinesesimplified','');
INSERT INTO `system_language_translations`(`language_string_id`,`language_name`,`translated_string`) VALUES
(4102,'chinesesimplified','');
INSERT INTO `system_language_translations`(`language_string_id`,`language_name`,`translated_string`) VALUES
(4103,'chinesesimplified','');
INSERT INTO `system_language_translations`(`language_string_id`,`language_name`,`translated_string`) VALUES
(4104,'chinesesimplified',' Excel ');
INSERT INTO `system_language_translations`(`language_string_id`,`language_name`,`translated_string`) VALUES
(4105,'chinesesimplified','');
INSERT INTO `system_language_translations`(`language_string_id`,`language_name`,`translated_string`) VALUES
(4106,'chinesesimplified','');
INSERT INTO `system_language_translations`(`language_string_id`,`language_name`,`translated_string`) VALUES
(4107,'chinesesimplified','');
INSERT INTO `system_language_translations`(`language_string_id`,`language_name`,`translated_string`) VALUES
(4108,'chinesesimplified','Artifectx Solutions ');
INSERT INTO `system_language_translations`(`language_string_id`,`language_name`,`translated_string`) VALUES
(4109,'chinesesimplified','');
INSERT INTO `system_language_translations`(`language_string_id`,`language_name`,`translated_string`) VALUES
(4110,'chinesesimplified','');
INSERT INTO `system_language_translations`(`language_string_id`,`language_name`,`translated_string`) VALUES
(1304,'chinesesimplified','');
INSERT INTO `system_language_translations`(`language_string_id`,`language_name`,`translated_string`) VALUES
(246,'chinesesimplified','');
INSERT INTO `system_language_translations`(`language_string_id`,`language_name`,`translated_string`) VALUES
(212,'chinesesimplified','');
INSERT INTO `system_language_translations`(`language_string_id`,`language_name`,`translated_string`) VALUES
(369,'chinesesimplified','');
INSERT INTO `system_language_translations`(`language_string_id`,`language_name`,`translated_string`) VALUES
(214,'chinesesimplified','');
INSERT INTO `system_language_translations`(`language_string_id`,`language_name`,`translated_string`) VALUES
(173,'chinesesimplified','');
INSERT INTO `system_language_translations`(`language_string_id`,`language_name`,`translated_string`) VALUES
(174,'chinesesimplified','');
INSERT INTO `system_language_translations`(`language_string_id`,`language_name`,`translated_string`) VALUES
(1866,'chinesesimplified','');
INSERT INTO `system_language_translations`(`language_string_id`,`language_name`,`translated_string`) VALUES
(224,'chinesesimplified','');
INSERT INTO `system_language_translations`(`language_string_id`,`language_name`,`translated_string`) VALUES
(657,'chinesesimplified','');
INSERT INTO `system_language_translations`(`language_string_id`,`language_name`,`translated_string`) VALUES
(784,'chinesesimplified','');
INSERT INTO `system_language_translations`(`language_string_id`,`language_name`,`translated_string`) VALUES
(785,'chinesesimplified','');
INSERT INTO `system_language_translations`(`language_string_id`,`language_name`,`translated_string`) VALUES
(1413,'chinesesimplified','');
INSERT INTO `system_language_translations`(`language_string_id`,`language_name`,`translated_string`) VALUES
(663,'chinesesimplified','');
INSERT INTO `system_language_translations`(`language_string_id`,`language_name`,`translated_string`) VALUES
(1885,'chinesesimplified','');
INSERT INTO `system_language_translations`(`language_string_id`,`language_name`,`translated_string`) VALUES
(1886,'chinesesimplified','');
INSERT INTO `system_language_translations`(`language_string_id`,`language_name`,`translated_string`) VALUES
(1898,'chinesesimplified','');
INSERT INTO `system_language_translations`(`language_string_id`,`language_name`,`translated_string`) VALUES
(1900,'chinesesimplified','');
INSERT INTO `system_language_translations`(`language_string_id`,`language_name`,`translated_string`) VALUES
(1897,'chinesesimplified','');
INSERT INTO `system_language_translations`(`language_string_id`,`language_name`,`translated_string`) VALUES
(1899,'chinesesimplified','');
INSERT INTO `system_language_translations`(`language_string_id`,`language_name`,`translated_string`) VALUES
(529,'chinesesimplified','');
INSERT INTO `system_language_translations`(`language_string_id`,`language_name`,`translated_string`) VALUES
(530,'chinesesimplified','');
INSERT INTO `system_language_translations`(`language_string_id`,`language_name`,`translated_string`) VALUES
(531,'chinesesimplified','');
INSERT INTO `system_language_translations`(`language_string_id`,`language_name`,`translated_string`) VALUES
(508,'chinesesimplified','');
INSERT INTO `system_language_translations`(`language_string_id`,`language_name`,`translated_string`) VALUES
(509,'chinesesimplified','');
INSERT INTO `system_language_translations`(`language_string_id`,`language_name`,`translated_string`) VALUES
(3004,'chinesesimplified','');
INSERT INTO `system_language_translations`(`language_string_id`,`language_name`,`translated_string`) VALUES
(328,'chinesesimplified','');
INSERT INTO `system_language_translations`(`language_string_id`,`language_name`,`translated_string`) VALUES
(639,'chinesesimplified','');
INSERT INTO `system_language_translations`(`language_string_id`,`language_name`,`translated_string`) VALUES
(636,'chinesesimplified','');
INSERT INTO `system_language_translations`(`language_string_id`,`language_name`,`translated_string`) VALUES
(788,'chinesesimplified','');
INSERT INTO `system_language_translations`(`language_string_id`,`language_name`,`translated_string`) VALUES
(640,'chinesesimplified','');
INSERT INTO `system_language_translations`(`language_string_id`,`language_name`,`translated_string`) VALUES
(3513,'chinesesimplified','');
INSERT INTO `system_language_translations`(`language_string_id`,`language_name`,`translated_string`) VALUES
(213,'chinesesimplified','');
INSERT INTO `system_language_translations`(`language_string_id`,`language_name`,`translated_string`) VALUES
(903,'chinesesimplified','');
INSERT INTO `system_language_translations`(`language_string_id`,`language_name`,`translated_string`) VALUES
(293,'chinesesimplified','');

INSERT INTO `system_language_translations`(`language_string_id`,`language_name`,`translated_string`) VALUES
(4085,'chinesetraditional','');
INSERT INTO `system_language_translations`(`language_string_id`,`language_name`,`translated_string`) VALUES
(4086,'chinesetraditional','');
INSERT INTO `system_language_translations`(`language_string_id`,`language_name`,`translated_string`) VALUES
(4087,'chinesetraditional','');
INSERT INTO `system_language_translations`(`language_string_id`,`language_name`,`translated_string`) VALUES
(4088,'chinesetraditional','');
INSERT INTO `system_language_translations`(`language_string_id`,`language_name`,`translated_string`) VALUES
(4089,'chinesetraditional','');
INSERT INTO `system_language_translations`(`language_string_id`,`language_name`,`translated_string`) VALUES
(4090,'chinesetraditional','');
INSERT INTO `system_language_translations`(`language_string_id`,`language_name`,`translated_string`) VALUES
(4091,'chinesetraditional','');
INSERT INTO `system_language_translations`(`language_string_id`,`language_name`,`translated_string`) VALUES
(4092,'chinesetraditional','');
INSERT INTO `system_language_translations`(`language_string_id`,`language_name`,`translated_string`) VALUES
(4093,'chinesetraditional','');
INSERT INTO `system_language_translations`(`language_string_id`,`language_name`,`translated_string`) VALUES
(4094,'chinesetraditional','');
INSERT INTO `system_language_translations`(`language_string_id`,`language_name`,`translated_string`) VALUES
(4095,'chinesetraditional','');
INSERT INTO `system_language_translations`(`language_string_id`,`language_name`,`translated_string`) VALUES
(4096,'chinesetraditional','');
INSERT INTO `system_language_translations`(`language_string_id`,`language_name`,`translated_string`) VALUES
(4097,'chinesetraditional','');
INSERT INTO `system_language_translations`(`language_string_id`,`language_name`,`translated_string`) VALUES
(4098,'chinesetraditional','');
INSERT INTO `system_language_translations`(`language_string_id`,`language_name`,`translated_string`) VALUES
(4099,'chinesetraditional','');
INSERT INTO `system_language_translations`(`language_string_id`,`language_name`,`translated_string`) VALUES
(4100,'chinesetraditional','');
INSERT INTO `system_language_translations`(`language_string_id`,`language_name`,`translated_string`) VALUES
(4101,'chinesetraditional','');
INSERT INTO `system_language_translations`(`language_string_id`,`language_name`,`translated_string`) VALUES
(4102,'chinesetraditional','');
INSERT INTO `system_language_translations`(`language_string_id`,`language_name`,`translated_string`) VALUES
(4103,'chinesetraditional','');
INSERT INTO `system_language_translations`(`language_string_id`,`language_name`,`translated_string`) VALUES
(4104,'chinesetraditional',' Excel ');
INSERT INTO `system_language_translations`(`language_string_id`,`language_name`,`translated_string`) VALUES
(4105,'chinesetraditional','');
INSERT INTO `system_language_translations`(`language_string_id`,`language_name`,`translated_string`) VALUES
(4106,'chinesetraditional','');
INSERT INTO `system_language_translations`(`language_string_id`,`language_name`,`translated_string`) VALUES
(4107,'chinesetraditional','');
INSERT INTO `system_language_translations`(`language_string_id`,`language_name`,`translated_string`) VALUES
(4108,'chinesetraditional','Artifectx Solutions ');
INSERT INTO `system_language_translations`(`language_string_id`,`language_name`,`translated_string`) VALUES
(4109,'chinesetraditional','');
INSERT INTO `system_language_translations`(`language_string_id`,`language_name`,`translated_string`) VALUES
(4110,'chinesetraditional','');

INSERT INTO `system_language_translations`(`language_string_id`,`language_name`,`translated_string`) VALUES
(4085,'french',"Fin de l'exercice");
INSERT INTO `system_language_translations`(`language_string_id`,`language_name`,`translated_string`) VALUES
(4086,'french',"Anne financire");
INSERT INTO `system_language_translations`(`language_string_id`,`language_name`,`translated_string`) VALUES
(4087,'french',"Date de dbut de l'exercice");
INSERT INTO `system_language_translations`(`language_string_id`,`language_name`,`translated_string`) VALUES
(4088,'french',"Date de fin d'exercice");
INSERT INTO `system_language_translations`(`language_string_id`,`language_name`,`translated_string`) VALUES
(4089,'french',"Statut du processus de fin d'anne");
INSERT INTO `system_language_translations`(`language_string_id`,`language_name`,`translated_string`) VALUES
(4090,'french',"Fin d'anne traite par");
INSERT INTO `system_language_translations`(`language_string_id`,`language_name`,`translated_string`) VALUES
(4091,'french',"Processus de fin d'anne");
INSERT INTO `system_language_translations`(`language_string_id`,`language_name`,`translated_string`) VALUES
(4092,'french',"L'exercice prcdent n'est pas clos ! Veuillez clturer l'exercice prcdent avant d'ajouter des transactions.");
INSERT INTO `system_language_translations`(`language_string_id`,`language_name`,`translated_string`) VALUES
(4093,'french',"L'exercice de la transaction que vous essayez de supprimer est dj cltur !");
INSERT INTO `system_language_translations`(`language_string_id`,`language_name`,`translated_string`) VALUES
(4094,'french',"tes-vous sr de vouloir traiter la fin de l'anne maintenant");
INSERT INTO `system_language_translations`(`language_string_id`,`language_name`,`translated_string`) VALUES
(4095,'french',"Fin d'anne traite avec succs et soldes des comptes reports  l'exercice suivant.");
INSERT INTO `system_language_translations`(`language_string_id`,`language_name`,`translated_string`) VALUES
(4096,'french',"Slectionner le plan comptable du passif de la socit mre");
INSERT INTO `system_language_translations`(`language_string_id`,`language_name`,`translated_string`) VALUES
(4097,'french',"Slectionner le plan comptable des actifs de la socit mre");
INSERT INTO `system_language_translations`(`language_string_id`,`language_name`,`translated_string`) VALUES
(4098,'french',"Slectionnez le plan comptable des bnfices non rpartis");
INSERT INTO `system_language_translations`(`language_string_id`,`language_name`,`translated_string`) VALUES
(4099,'french',"Le plan comptable de traitement de fin d'exercice n'est pas configur");
INSERT INTO `system_language_translations`(`language_string_id`,`language_name`,`translated_string`) VALUES
(4100,'french',"Soldes d'ouverture disponibles");
INSERT INTO `system_language_translations`(`language_string_id`,`language_name`,`translated_string`) VALUES
(4101,'french',"Slectionner le plan comptable du dbiteur commercial");
INSERT INTO `system_language_translations`(`language_string_id`,`language_name`,`translated_string`) VALUES
(4102,'french',"Slectionnez le plan comptable des dpenses des parents");
INSERT INTO `system_language_translations`(`language_string_id`,`language_name`,`translated_string`) VALUES
(4103,'french',"Importer les soldes d'ouverture");
INSERT INTO `system_language_translations`(`language_string_id`,`language_name`,`translated_string`) VALUES
(4104,'french',"Slectionnez le fichier Excel de solde d'ouverture pour importer des donnes");
INSERT INTO `system_language_translations`(`language_string_id`,`language_name`,`translated_string`) VALUES
(4105,'french',"Charger les donnes");
INSERT INTO `system_language_translations`(`language_string_id`,`language_name`,`translated_string`) VALUES
(4106,'french',"Les donnes ont t charges avec succs pour importer les soldes d'ouverture. Vrifiez les dtails du solde, puis enregistrez les soldes d'ouverture.");
INSERT INTO `system_language_translations`(`language_string_id`,`language_name`,`translated_string`) VALUES
(4107,'french',"Trop de donnes  enregistrer ! Veuillez utiliser la fonction d'importation du solde d'ouverture pour mettre  jour les modifications.");
INSERT INTO `system_language_translations`(`language_string_id`,`language_name`,`translated_string`) VALUES
(4108,'french',"Meilleure solution de gestion comptable en ligne d'Artifectx Solutions.");
INSERT INTO `system_language_translations`(`language_string_id`,`language_name`,`translated_string`) VALUES
(4109,'french',"Rinstallez le module linguistique pour rsoudre les problmes de traduction linguistique");
INSERT INTO `system_language_translations`(`language_string_id`,`language_name`,`translated_string`) VALUES
(4110,'french',"Pack de langue rinstall avec succs");

INSERT INTO `system_language_translations`(`language_string_id`,`language_name`,`translated_string`) VALUES
(4085,'german','Geschftsjahr endet');
INSERT INTO `system_language_translations`(`language_string_id`,`language_name`,`translated_string`) VALUES
(4086,'german','Geschftsjahr');
INSERT INTO `system_language_translations`(`language_string_id`,`language_name`,`translated_string`) VALUES
(4087,'german','Beginn des Geschftsjahres');
INSERT INTO `system_language_translations`(`language_string_id`,`language_name`,`translated_string`) VALUES
(4088,'german','Enddatum des Geschftsjahres');
INSERT INTO `system_language_translations`(`language_string_id`,`language_name`,`translated_string`) VALUES
(4089,'german','Prozessstatus zum Jahresende');
INSERT INTO `system_language_translations`(`language_string_id`,`language_name`,`translated_string`) VALUES
(4090,'german','Jahresende verarbeitet von');
INSERT INTO `system_language_translations`(`language_string_id`,`language_name`,`translated_string`) VALUES
(4091,'german','Jahresende verarbeiten');
INSERT INTO `system_language_translations`(`language_string_id`,`language_name`,`translated_string`) VALUES
(4092,'german','Das vergangene Geschftsjahr ist nicht abgeschlossen! Bitte schlieen Sie das vorherige Geschftsjahr, bevor Sie Transaktionen hinzufgen.');
INSERT INTO `system_language_translations`(`language_string_id`,`language_name`,`translated_string`) VALUES
(4093,'german','Das Geschftsjahr der Transaktion, die Sie lschen mchten, ist bereits abgeschlossen!');
INSERT INTO `system_language_translations`(`language_string_id`,`language_name`,`translated_string`) VALUES
(4094,'german','Mchten Sie das Jahresende jetzt wirklich bearbeiten');
INSERT INTO `system_language_translations`(`language_string_id`,`language_name`,`translated_string`) VALUES
(4095,'german','Jahresende erfolgreich verarbeitet und Kontosalden auf das nchste Geschftsjahr vorgezogen.');
INSERT INTO `system_language_translations`(`language_string_id`,`language_name`,`translated_string`) VALUES
(4096,'german','Whlen Sie den Kontenplan fr die bergeordneten Verbindlichkeiten aus');
INSERT INTO `system_language_translations`(`language_string_id`,`language_name`,`translated_string`) VALUES
(4097,'german','Whlen Sie den Kontenplan des bergeordneten Vermgens aus');
INSERT INTO `system_language_translations`(`language_string_id`,`language_name`,`translated_string`) VALUES
(4098,'german','Whlen Sie den Kontenplan fr einbehaltene Einnahmen aus');
INSERT INTO `system_language_translations`(`language_string_id`,`language_name`,`translated_string`) VALUES
(4099,'german','Der Kontenplan zum Ende des Geschftsjahres ist nicht konfiguriert');
INSERT INTO `system_language_translations`(`language_string_id`,`language_name`,`translated_string`) VALUES
(4100,'german','Verfgbare Erffnungssalden');
INSERT INTO `system_language_translations`(`language_string_id`,`language_name`,`translated_string`) VALUES
(4101,'german','Whlen Sie einen Debitorenplan aus Lieferungen und Leistungen');
INSERT INTO `system_language_translations`(`language_string_id`,`language_name`,`translated_string`) VALUES
(4102,'german','Whlen Sie den bergeordneten Kostenplan des Kontos');
INSERT INTO `system_language_translations`(`language_string_id`,`language_name`,`translated_string`) VALUES
(4103,'german','Erffnungssalden importieren');
INSERT INTO `system_language_translations`(`language_string_id`,`language_name`,`translated_string`) VALUES
(4104,'german','Whlen Sie die Excel-Datei fr den Erffnungssaldo aus, um Daten zu importieren');
INSERT INTO `system_language_translations`(`language_string_id`,`language_name`,`translated_string`) VALUES
(4105,'german','Lade Daten');
INSERT INTO `system_language_translations`(`language_string_id`,`language_name`,`translated_string`) VALUES
(4106,'german','Daten erfolgreich geladen, um Erffnungssalden zu importieren. berprfen Sie die Saldendetails und speichern Sie dann die Erffnungssalden.');
INSERT INTO `system_language_translations`(`language_string_id`,`language_name`,`translated_string`) VALUES
(4107,'german','Zu viele Daten zum Speichern! Bitte verwenden Sie die Erffnungssaldo-Importfunktion, um nderungen zu aktualisieren.');
INSERT INTO `system_language_translations`(`language_string_id`,`language_name`,`translated_string`) VALUES
(4108,'german','Beste Online-Buchhaltungsmanagementlsung von Artifectx Solutions.');
INSERT INTO `system_language_translations`(`language_string_id`,`language_name`,`translated_string`) VALUES
(4109,'german','Installieren Sie das Sprachpaket neu, um Probleme mit der Sprachbersetzung zu lsen');
INSERT INTO `system_language_translations`(`language_string_id`,`language_name`,`translated_string`) VALUES
(4110,'german','Sprachpaket erfolgreich neu installiert');

INSERT INTO `system_language_translations`(`language_string_id`,`language_name`,`translated_string`) VALUES
(4085,'hindi','  ');
INSERT INTO `system_language_translations`(`language_string_id`,`language_name`,`translated_string`) VALUES
(4086,'hindi',' ');
INSERT INTO `system_language_translations`(`language_string_id`,`language_name`,`translated_string`) VALUES
(4087,'hindi','   ');
INSERT INTO `system_language_translations`(`language_string_id`,`language_name`,`translated_string`) VALUES
(4088,'hindi','    ');
INSERT INTO `system_language_translations`(`language_string_id`,`language_name`,`translated_string`) VALUES
(4089,'hindi','      ');
INSERT INTO `system_language_translations`(`language_string_id`,`language_name`,`translated_string`) VALUES
(4090,'hindi','    ');
INSERT INTO `system_language_translations`(`language_string_id`,`language_name`,`translated_string`) VALUES
(4091,'hindi','  ');
INSERT INTO `system_language_translations`(`language_string_id`,`language_name`,`translated_string`) VALUES
(4092,'hindi','     !  -          ');
INSERT INTO `system_language_translations`(`language_string_id`,`language_name`,`translated_string`) VALUES
(4093,'hindi',' -                 !');
INSERT INTO `system_language_translations`(`language_string_id`,`language_name`,`translated_string`) VALUES
(4094,'hindi','           ');
INSERT INTO `system_language_translations`(`language_string_id`,`language_name`,`translated_string`) VALUES
(4095,'hindi','                     ');
INSERT INTO `system_language_translations`(`language_string_id`,`language_name`,`translated_string`) VALUES
(4096,'hindi','     ');
INSERT INTO `system_language_translations`(`language_string_id`,`language_name`,`translated_string`) VALUES
(4097,'hindi','     ');
INSERT INTO `system_language_translations`(`language_string_id`,`language_name`,`translated_string`) VALUES
(4098,'hindi','        ');
INSERT INTO `system_language_translations`(`language_string_id`,`language_name`,`translated_string`) VALUES
(4099,'hindi','             ');
INSERT INTO `system_language_translations`(`language_string_id`,`language_name`,`translated_string`) VALUES
(4100,'hindi','   ');
INSERT INTO `system_language_translations`(`language_string_id`,`language_name`,`translated_string`) VALUES
(4101,'hindi','       ');
INSERT INTO `system_language_translations`(`language_string_id`,`language_name`,`translated_string`) VALUES
(4102,'hindi','     ');
INSERT INTO `system_language_translations`(`language_string_id`,`language_name`,`translated_string`) VALUES
(4103,'hindi','   ');
INSERT INTO `system_language_translations`(`language_string_id`,`language_name`,`translated_string`) VALUES
(4104,'hindi','           ');
INSERT INTO `system_language_translations`(`language_string_id`,`language_name`,`translated_string`) VALUES
(4105,'hindi',' ');
INSERT INTO `system_language_translations`(`language_string_id`,`language_name`,`translated_string`) VALUES
(4106,'hindi','                      ');
INSERT INTO `system_language_translations`(`language_string_id`,`language_name`,`translated_string`) VALUES
(4107,'hindi','     !               ');
INSERT INTO `system_language_translations`(`language_string_id`,`language_name`,`translated_string`) VALUES
(4108,'hindi','Artifectx Solutions      ');
INSERT INTO `system_language_translations`(`language_string_id`,`language_name`,`translated_string`) VALUES
(4109,'hindi','             ');
INSERT INTO `system_language_translations`(`language_string_id`,`language_name`,`translated_string`) VALUES
(4110,'hindi','      ');

INSERT INTO `system_language_translations`(`language_string_id`,`language_name`,`translated_string`) VALUES
(4085,'hungarian','A pnzgyi v vget r');
INSERT INTO `system_language_translations`(`language_string_id`,`language_name`,`translated_string`) VALUES
(4086,'hungarian','Pnzgyi v');
INSERT INTO `system_language_translations`(`language_string_id`,`language_name`,`translated_string`) VALUES
(4087,'hungarian','Pnzgyi v kezd dtuma');
INSERT INTO `system_language_translations`(`language_string_id`,`language_name`,`translated_string`) VALUES
(4088,'hungarian','Pnzgyi v zr dtuma');
INSERT INTO `system_language_translations`(`language_string_id`,`language_name`,`translated_string`) VALUES
(4089,'hungarian','v vgi folyamat llapota');
INSERT INTO `system_language_translations`(`language_string_id`,`language_name`,`translated_string`) VALUES
(4090,'hungarian','v vge feldolgozta');
INSERT INTO `system_language_translations`(`language_string_id`,`language_name`,`translated_string`) VALUES
(4091,'hungarian','Folyamat v vge');
INSERT INTO `system_language_translations`(`language_string_id`,`language_name`,`translated_string`) VALUES
(4092,'hungarian','Az elz pnzgyi v nincs lezrva! Krjk, zrja be az elz pnzgyi vet a tranzakcik hozzadsa eltt.');
INSERT INTO `system_language_translations`(`language_string_id`,`language_name`,`translated_string`) VALUES
(4093,'hungarian','A trlend tranzakci pnzgyi ve mr lezrult!');
INSERT INTO `system_language_translations`(`language_string_id`,`language_name`,`translated_string`) VALUES
(4094,'hungarian','Biztosan most szeretn feldolgozni az v vgt?');
INSERT INTO `system_language_translations`(`language_string_id`,`language_name`,`translated_string`) VALUES
(4095,'hungarian','Az v vgt sikeresen feldolgoztk, s a szmlaegyenlegeket tvittk a kvetkez pnzgyi vre.');
INSERT INTO `system_language_translations`(`language_string_id`,`language_name`,`translated_string`) VALUES
(4096,'hungarian','Vlassza ki a szli ktelezettsgek szmlt');
INSERT INTO `system_language_translations`(`language_string_id`,`language_name`,`translated_string`) VALUES
(4097,'hungarian','Vlassza ki a szli eszkzk fiktbljt');
INSERT INTO `system_language_translations`(`language_string_id`,`language_name`,`translated_string`) VALUES
(4098,'hungarian','Vlassza ki a felhalmozott eredmny szmlaszmljt');
INSERT INTO `system_language_translations`(`language_string_id`,`language_name`,`translated_string`) VALUES
(4099,'hungarian','A pnzgyi v vgi feldolgozsi szmlk nincsenek konfigurlva');
INSERT INTO `system_language_translations`(`language_string_id`,`language_name`,`translated_string`) VALUES
(4100,'hungarian','Rendelkezsre ll nyitmrlegek');
INSERT INTO `system_language_translations`(`language_string_id`,`language_name`,`translated_string`) VALUES
(4101,'hungarian','Vlassza ki a kereskedelmi ads szmlatervt');
INSERT INTO `system_language_translations`(`language_string_id`,`language_name`,`translated_string`) VALUES
(4102,'hungarian','Vlassza ki a szli kltsgtrkpet');
INSERT INTO `system_language_translations`(`language_string_id`,`language_name`,`translated_string`) VALUES
(4103,'hungarian','Nyit egyenlegek importlsa');
INSERT INTO `system_language_translations`(`language_string_id`,`language_name`,`translated_string`) VALUES
(4104,'hungarian','Vlassza a Nyitmrleg Excel fjl lehetsget az adatok importlshoz');
INSERT INTO `system_language_translations`(`language_string_id`,`language_name`,`translated_string`) VALUES
(4105,'hungarian','Adat betlts');
INSERT INTO `system_language_translations`(`language_string_id`,`language_name`,`translated_string`) VALUES
(4106,'hungarian','Az adatok sikeresen betltdtek a nyit egyenlegek importlshoz. Tekintse t az egyenleg rszleteit, majd mentse a nyit egyenlegeket.');
INSERT INTO `system_language_translations`(`language_string_id`,`language_name`,`translated_string`) VALUES
(4107,'hungarian','Tl sok adat menthet! A mdostsok frisstshez hasznlja a nyitegyenleg importls funkcit.');
INSERT INTO `system_language_translations`(`language_string_id`,`language_name`,`translated_string`) VALUES
(4108,'hungarian','Az Artifectx Solutions legjobb online szmviteli menedzsment megoldsa.');
INSERT INTO `system_language_translations`(`language_string_id`,`language_name`,`translated_string`) VALUES
(4109,'hungarian','Teleptse jra a nyelvi csomagot a nyelvfordtsi problmk megoldshoz');
INSERT INTO `system_language_translations`(`language_string_id`,`language_name`,`translated_string`) VALUES
(4110,'hungarian','A nyelvi csomag sikeresen jrateleptve');

INSERT INTO `system_language_translations`(`language_string_id`,`language_name`,`translated_string`) VALUES
(4085,'italian',"Fine anno finanziario");
INSERT INTO `system_language_translations`(`language_string_id`,`language_name`,`translated_string`) VALUES
(4086,'italian',"Anno finanziario");
INSERT INTO `system_language_translations`(`language_string_id`,`language_name`,`translated_string`) VALUES
(4087,'italian',"Data di inizio dell'esercizio finanziario");
INSERT INTO `system_language_translations`(`language_string_id`,`language_name`,`translated_string`) VALUES
(4088,'italian',"Data di fine anno finanziario");
INSERT INTO `system_language_translations`(`language_string_id`,`language_name`,`translated_string`) VALUES
(4089,'italian',"Stato del processo di fine anno");
INSERT INTO `system_language_translations`(`language_string_id`,`language_name`,`translated_string`) VALUES
(4090,'italian',"Fine anno Elaborato da");
INSERT INTO `system_language_translations`(`language_string_id`,`language_name`,`translated_string`) VALUES
(4091,'italian',"Processo di fine anno");
INSERT INTO `system_language_translations`(`language_string_id`,`language_name`,`translated_string`) VALUES
(4092,'italian',"L'anno finanziario precedente non  chiuso! Si prega di chiudere l'anno finanziario precedente prima di aggiungere transazioni.");
INSERT INTO `system_language_translations`(`language_string_id`,`language_name`,`translated_string`) VALUES
(4093,'italian',"L'anno finanziario della transazione che stai cercando di eliminare  gi chiuso!");
INSERT INTO `system_language_translations`(`language_string_id`,`language_name`,`translated_string`) VALUES
(4094,'italian',"Sei sicuro di voler elaborare la fine dell'anno ora?");
INSERT INTO `system_language_translations`(`language_string_id`,`language_name`,`translated_string`) VALUES
(4095,'italian',"Fine anno elaborato con successo e saldi del conto anticipati all'anno finanziario successivo.");
INSERT INTO `system_language_translations`(`language_string_id`,`language_name`,`translated_string`) VALUES
(4096,'italian',"Seleziona il piano contabile delle passivit madri parent");
INSERT INTO `system_language_translations`(`language_string_id`,`language_name`,`translated_string`) VALUES
(4097,'italian',"Seleziona il piano dei conti delle attivit principali");
INSERT INTO `system_language_translations`(`language_string_id`,`language_name`,`translated_string`) VALUES
(4098,'italian',"Seleziona il piano del conto degli utili non distribuiti");
INSERT INTO `system_language_translations`(`language_string_id`,`language_name`,`translated_string`) VALUES
(4099,'italian',"Il piano dei conti dell'elaborazione di fine anno finanziario non  configurato");
INSERT INTO `system_language_translations`(`language_string_id`,`language_name`,`translated_string`) VALUES
(4100,'italian',"Saldi di apertura disponibili");
INSERT INTO `system_language_translations`(`language_string_id`,`language_name`,`translated_string`) VALUES
(4101,'italian',"Seleziona il piano dei conti del debitore commerciale");
INSERT INTO `system_language_translations`(`language_string_id`,`language_name`,`translated_string`) VALUES
(4102,'italian',"Seleziona la tabella dei conti delle spese dei genitori");
INSERT INTO `system_language_translations`(`language_string_id`,`language_name`,`translated_string`) VALUES
(4103,'italian',"Importa saldi iniziali");
INSERT INTO `system_language_translations`(`language_string_id`,`language_name`,`translated_string`) VALUES
(4104,'italian',"Seleziona Apertura file Excel saldo per importare i dati");
INSERT INTO `system_language_translations`(`language_string_id`,`language_name`,`translated_string`) VALUES
(4105,'italian',"Caricamento dati");
INSERT INTO `system_language_translations`(`language_string_id`,`language_name`,`translated_string`) VALUES
(4106,'italian',"Dati caricati correttamente per importare i saldi di apertura. Rivedere i dettagli del saldo e quindi salvare i saldi di apertura.");
INSERT INTO `system_language_translations`(`language_string_id`,`language_name`,`translated_string`) VALUES
(4107,'italian',"Troppi dati da salvare! Utilizza la funzione di importazione del saldo di apertura per aggiornare le modifiche.");
INSERT INTO `system_language_translations`(`language_string_id`,`language_name`,`translated_string`) VALUES
(4108,'italian',"La migliore soluzione di gestione della contabilit online di Artifectx Solutions.");
INSERT INTO `system_language_translations`(`language_string_id`,`language_name`,`translated_string`) VALUES
(4109,'italian',"Reinstallare il Language Pack per risolvere i problemi di traduzione linguistica");
INSERT INTO `system_language_translations`(`language_string_id`,`language_name`,`translated_string`) VALUES
(4110,'italian',"Language pack reinstallato con successo");

INSERT INTO `system_language_translations`(`language_string_id`,`language_name`,`translated_string`) VALUES
(4085,'indonesian','Tahun Keuangan Berakhir');
INSERT INTO `system_language_translations`(`language_string_id`,`language_name`,`translated_string`) VALUES
(4086,'indonesian','Tahun Keuangan');
INSERT INTO `system_language_translations`(`language_string_id`,`language_name`,`translated_string`) VALUES
(4087,'indonesian','Tanggal Mulai Tahun Keuangan');
INSERT INTO `system_language_translations`(`language_string_id`,`language_name`,`translated_string`) VALUES
(4088,'indonesian','Tanggal Akhir Tahun Keuangan');
INSERT INTO `system_language_translations`(`language_string_id`,`language_name`,`translated_string`) VALUES
(4089,'indonesian','Status Proses Akhir Tahun');
INSERT INTO `system_language_translations`(`language_string_id`,`language_name`,`translated_string`) VALUES
(4090,'indonesian','Akhir Tahun Diproses Oleh');
INSERT INTO `system_language_translations`(`language_string_id`,`language_name`,`translated_string`) VALUES
(4091,'indonesian','Proses Akhir Tahun');
INSERT INTO `system_language_translations`(`language_string_id`,`language_name`,`translated_string`) VALUES
(4092,'indonesian','Tahun keuangan sebelumnya tidak ditutup! Harap tutup tahun anggaran sebelumnya sebelum menambah transaksi.');
INSERT INTO `system_language_translations`(`language_string_id`,`language_name`,`translated_string`) VALUES
(4093,'indonesian','Tahun keuangan transaksi yang Anda coba hapus sudah ditutup!');
INSERT INTO `system_language_translations`(`language_string_id`,`language_name`,`translated_string`) VALUES
(4094,'indonesian','Apakah Anda yakin ingin memproses akhir tahun sekarang?');
INSERT INTO `system_language_translations`(`language_string_id`,`language_name`,`translated_string`) VALUES
(4095,'indonesian','Akhir tahun berhasil diproses dan saldo akun dibawa ke tahun anggaran berikutnya.');
INSERT INTO `system_language_translations`(`language_string_id`,`language_name`,`translated_string`) VALUES
(4096,'indonesian','Pilih bagan akun kewajiban induk');
INSERT INTO `system_language_translations`(`language_string_id`,`language_name`,`translated_string`) VALUES
(4097,'indonesian','Pilih bagan akun aset induk');
INSERT INTO `system_language_translations`(`language_string_id`,`language_name`,`translated_string`) VALUES
(4098,'indonesian','Pilih bagan akun laba ditahan');
INSERT INTO `system_language_translations`(`language_string_id`,`language_name`,`translated_string`) VALUES
(4099,'indonesian','Bagan akun pemrosesan akhir tahun keuangan tidak dikonfigurasi');
INSERT INTO `system_language_translations`(`language_string_id`,`language_name`,`translated_string`) VALUES
(4100,'indonesian','Saldo Pembukaan yang Tersedia');
INSERT INTO `system_language_translations`(`language_string_id`,`language_name`,`translated_string`) VALUES
(4101,'indonesian','Pilih bagan akun debitur perdagangan');
INSERT INTO `system_language_translations`(`language_string_id`,`language_name`,`translated_string`) VALUES
(4102,'indonesian','Pilih bagan akun pengeluaran induk');
INSERT INTO `system_language_translations`(`language_string_id`,`language_name`,`translated_string`) VALUES
(4103,'indonesian','Impor Saldo Pembukaan');
INSERT INTO `system_language_translations`(`language_string_id`,`language_name`,`translated_string`) VALUES
(4104,'indonesian','Pilih Opening Balance File Excel Untuk Mengimpor Data');
INSERT INTO `system_language_translations`(`language_string_id`,`language_name`,`translated_string`) VALUES
(4105,'indonesian','Muat Data');
INSERT INTO `system_language_translations`(`language_string_id`,`language_name`,`translated_string`) VALUES
(4106,'indonesian','Data berhasil dimuat untuk mengimpor saldo awal. Tinjau detail saldo dan simpan saldo awal.');
INSERT INTO `system_language_translations`(`language_string_id`,`language_name`,`translated_string`) VALUES
(4107,'indonesian','Terlalu banyak data untuk disimpan! Silakan gunakan fitur impor saldo awal untuk memperbarui perubahan.');
INSERT INTO `system_language_translations`(`language_string_id`,`language_name`,`translated_string`) VALUES
(4108,'indonesian','Solusi manajemen akuntansi online terbaik dari Artifectx Solutions.');
INSERT INTO `system_language_translations`(`language_string_id`,`language_name`,`translated_string`) VALUES
(4109,'indonesian','Instal Ulang Paket Bahasa Untuk Memecahkan Masalah Terjemahan Bahasa');
INSERT INTO `system_language_translations`(`language_string_id`,`language_name`,`translated_string`) VALUES
(4110,'indonesian','Paket bahasa berhasil diinstal ulang');

INSERT INTO `system_language_translations`(`language_string_id`,`language_name`,`translated_string`) VALUES
(4085,'japanese','');
INSERT INTO `system_language_translations`(`language_string_id`,`language_name`,`translated_string`) VALUES
(4086,'japanese','');
INSERT INTO `system_language_translations`(`language_string_id`,`language_name`,`translated_string`) VALUES
(4087,'japanese','');
INSERT INTO `system_language_translations`(`language_string_id`,`language_name`,`translated_string`) VALUES
(4088,'japanese','');
INSERT INTO `system_language_translations`(`language_string_id`,`language_name`,`translated_string`) VALUES
(4089,'japanese','');
INSERT INTO `system_language_translations`(`language_string_id`,`language_name`,`translated_string`) VALUES
(4090,'japanese','');
INSERT INTO `system_language_translations`(`language_string_id`,`language_name`,`translated_string`) VALUES
(4091,'japanese','');
INSERT INTO `system_language_translations`(`language_string_id`,`language_name`,`translated_string`) VALUES
(4092,'japanese','');
INSERT INTO `system_language_translations`(`language_string_id`,`language_name`,`translated_string`) VALUES
(4093,'japanese','');
INSERT INTO `system_language_translations`(`language_string_id`,`language_name`,`translated_string`) VALUES
(4094,'japanese','');
INSERT INTO `system_language_translations`(`language_string_id`,`language_name`,`translated_string`) VALUES
(4095,'japanese','');
INSERT INTO `system_language_translations`(`language_string_id`,`language_name`,`translated_string`) VALUES
(4096,'japanese','');
INSERT INTO `system_language_translations`(`language_string_id`,`language_name`,`translated_string`) VALUES
(4097,'japanese','');
INSERT INTO `system_language_translations`(`language_string_id`,`language_name`,`translated_string`) VALUES
(4098,'japanese','');
INSERT INTO `system_language_translations`(`language_string_id`,`language_name`,`translated_string`) VALUES
(4099,'japanese','');
INSERT INTO `system_language_translations`(`language_string_id`,`language_name`,`translated_string`) VALUES
(4100,'japanese','');
INSERT INTO `system_language_translations`(`language_string_id`,`language_name`,`translated_string`) VALUES
(4101,'japanese','');
INSERT INTO `system_language_translations`(`language_string_id`,`language_name`,`translated_string`) VALUES
(4102,'japanese','');
INSERT INTO `system_language_translations`(`language_string_id`,`language_name`,`translated_string`) VALUES
(4103,'japanese','');
INSERT INTO `system_language_translations`(`language_string_id`,`language_name`,`translated_string`) VALUES
(4104,'japanese','Opening BalanceExcel');
INSERT INTO `system_language_translations`(`language_string_id`,`language_name`,`translated_string`) VALUES
(4105,'japanese','');
INSERT INTO `system_language_translations`(`language_string_id`,`language_name`,`translated_string`) VALUES
(4106,'japanese','');
INSERT INTO `system_language_translations`(`language_string_id`,`language_name`,`translated_string`) VALUES
(4107,'japanese','');
INSERT INTO `system_language_translations`(`language_string_id`,`language_name`,`translated_string`) VALUES
(4108,'japanese','ArtifectxSolutions');
INSERT INTO `system_language_translations`(`language_string_id`,`language_name`,`translated_string`) VALUES
(4109,'japanese','');
INSERT INTO `system_language_translations`(`language_string_id`,`language_name`,`translated_string`) VALUES
(4110,'japanese','');

INSERT INTO `system_language_translations`(`language_string_id`,`language_name`,`translated_string`) VALUES
(4085,'korean',' ');
INSERT INTO `system_language_translations`(`language_string_id`,`language_name`,`translated_string`) VALUES
(4086,'korean',' ');
INSERT INTO `system_language_translations`(`language_string_id`,`language_name`,`translated_string`) VALUES
(4087,'korean','   ');
INSERT INTO `system_language_translations`(`language_string_id`,`language_name`,`translated_string`) VALUES
(4088,'korean',' ');
INSERT INTO `system_language_translations`(`language_string_id`,`language_name`,`translated_string`) VALUES
(4089,'korean','  ');
INSERT INTO `system_language_translations`(`language_string_id`,`language_name`,`translated_string`) VALUES
(4090,'korean',' ');
INSERT INTO `system_language_translations`(`language_string_id`,`language_name`,`translated_string`) VALUES
(4091,'korean',' ');
INSERT INTO `system_language_translations`(`language_string_id`,`language_name`,`translated_string`) VALUES
(4092,'korean','    !       .');
INSERT INTO `system_language_translations`(`language_string_id`,`language_name`,`translated_string`) VALUES
(4093,'korean','     !');
INSERT INTO `system_language_translations`(`language_string_id`,`language_name`,`translated_string`) VALUES
(4094,'korean','  ?');
INSERT INTO `system_language_translations`(`language_string_id`,`language_name`,`translated_string`) VALUES
(4095,'korean','        .');
INSERT INTO `system_language_translations`(`language_string_id`,`language_name`,`translated_string`) VALUES
(4096,'korean','   ');
INSERT INTO `system_language_translations`(`language_string_id`,`language_name`,`translated_string`) VALUES
(4097,'korean','   ');
INSERT INTO `system_language_translations`(`language_string_id`,`language_name`,`translated_string`) VALUES
(4098,'korean','  ');
INSERT INTO `system_language_translations`(`language_string_id`,`language_name`,`translated_string`) VALUES
(4099,'korean','     .');
INSERT INTO `system_language_translations`(`language_string_id`,`language_name`,`translated_string`) VALUES
(4100,'korean','   ');
INSERT INTO `system_language_translations`(`language_string_id`,`language_name`,`translated_string`) VALUES
(4101,'korean','   ');
INSERT INTO `system_language_translations`(`language_string_id`,`language_name`,`translated_string`) VALUES
(4102,'korean','   ');
INSERT INTO `system_language_translations`(`language_string_id`,`language_name`,`translated_string`) VALUES
(4103,'korean','  ');
INSERT INTO `system_language_translations`(`language_string_id`,`language_name`,`translated_string`) VALUES
(4104,'korean','    Excel  ');
INSERT INTO `system_language_translations`(`language_string_id`,`language_name`,`translated_string`) VALUES
(4105,'korean',' ');
INSERT INTO `system_language_translations`(`language_string_id`,`language_name`,`translated_string`) VALUES
(4106,'korean','      .        .');
INSERT INTO `system_language_translations`(`language_string_id`,`language_name`,`translated_string`) VALUES
(4107,'korean','   !        .');
INSERT INTO `system_language_translations`(`language_string_id`,`language_name`,`translated_string`) VALUES
(4108,'korean','Artifectx Solutions     .');
INSERT INTO `system_language_translations`(`language_string_id`,`language_name`,`translated_string`) VALUES
(4109,'korean','        ');
INSERT INTO `system_language_translations`(`language_string_id`,`language_name`,`translated_string`) VALUES
(4110,'korean','    .');

INSERT INTO `system_language_translations`(`language_string_id`,`language_name`,`translated_string`) VALUES
(4085,'nepali','   ');
INSERT INTO `system_language_translations`(`language_string_id`,`language_name`,`translated_string`) VALUES
(4086,'nepali',' ');
INSERT INTO `system_language_translations`(`language_string_id`,`language_name`,`translated_string`) VALUES
(4087,'nepali','   ');
INSERT INTO `system_language_translations`(`language_string_id`,`language_name`,`translated_string`) VALUES
(4088,'nepali','   ');
INSERT INTO `system_language_translations`(`language_string_id`,`language_name`,`translated_string`) VALUES
(4089,'nepali','   ');
INSERT INTO `system_language_translations`(`language_string_id`,`language_name`,`translated_string`) VALUES
(4090,'nepali','   ');
INSERT INTO `system_language_translations`(`language_string_id`,`language_name`,`translated_string`) VALUES
(4091,'nepali','  ');
INSERT INTO `system_language_translations`(`language_string_id`,`language_name`,`translated_string`) VALUES
(4092,'nepali','    !         ');
INSERT INTO `system_language_translations`(`language_string_id`,`language_name`,`translated_string`) VALUES
(4093,'nepali','              !');
INSERT INTO `system_language_translations`(`language_string_id`,`language_name`,`translated_string`) VALUES
(4094,'nepali','           ?');
INSERT INTO `system_language_translations`(`language_string_id`,`language_name`,`translated_string`) VALUES
(4095,'nepali','               ');
INSERT INTO `system_language_translations`(`language_string_id`,`language_name`,`translated_string`) VALUES
(4096,'nepali','     ');
INSERT INTO `system_language_translations`(`language_string_id`,`language_name`,`translated_string`) VALUES
(4097,'nepali','     ');
INSERT INTO `system_language_translations`(`language_string_id`,`language_name`,`translated_string`) VALUES
(4098,'nepali','      ');
INSERT INTO `system_language_translations`(`language_string_id`,`language_name`,`translated_string`) VALUES
(4099,'nepali','         ');
INSERT INTO `system_language_translations`(`language_string_id`,`language_name`,`translated_string`) VALUES
(4100,'nepali','  ');
INSERT INTO `system_language_translations`(`language_string_id`,`language_name`,`translated_string`) VALUES
(4101,'nepali','  tor   ');
INSERT INTO `system_language_translations`(`language_string_id`,`language_name`,`translated_string`) VALUES
(4102,'nepali','     ');
INSERT INTO `system_language_translations`(`language_string_id`,`language_name`,`translated_string`) VALUES
(4103,'nepali','   ');
INSERT INTO `system_language_translations`(`language_string_id`,`language_name`,`translated_string`) VALUES
(4104,'nepali','        ');
INSERT INTO `system_language_translations`(`language_string_id`,`language_name`,`translated_string`) VALUES
(4105,'nepali','  ');
INSERT INTO `system_language_translations`(`language_string_id`,`language_name`,`translated_string`) VALUES
(4106,'nepali','                 ');
INSERT INTO `system_language_translations`(`language_string_id`,`language_name`,`translated_string`) VALUES
(4107,'nepali','     !          ');
INSERT INTO `system_language_translations`(`language_string_id`,`language_name`,`translated_string`) VALUES
(4108,'nepali','Artifectx       ');
INSERT INTO `system_language_translations`(`language_string_id`,`language_name`,`translated_string`) VALUES
(4109,'nepali','           ');
INSERT INTO `system_language_translations`(`language_string_id`,`language_name`,`translated_string`) VALUES
(4110,'nepali','   ');

INSERT INTO `system_language_translations`(`language_string_id`,`language_name`,`translated_string`) VALUES
(4085,'portuguese','Fim do ano financeiro');
INSERT INTO `system_language_translations`(`language_string_id`,`language_name`,`translated_string`) VALUES
(4086,'portuguese','Ano financeiro');
INSERT INTO `system_language_translations`(`language_string_id`,`language_name`,`translated_string`) VALUES
(4087,'portuguese','Data de incio do ano financeiro');
INSERT INTO `system_language_translations`(`language_string_id`,`language_name`,`translated_string`) VALUES
(4088,'portuguese','Data Final do Ano Financeiro');
INSERT INTO `system_language_translations`(`language_string_id`,`language_name`,`translated_string`) VALUES
(4089,'portuguese','Status do processo de final de ano');
INSERT INTO `system_language_translations`(`language_string_id`,`language_name`,`translated_string`) VALUES
(4090,'portuguese','Fim do ano processado por');
INSERT INTO `system_language_translations`(`language_string_id`,`language_name`,`translated_string`) VALUES
(4091,'portuguese','Fim do ano do processo');
INSERT INTO `system_language_translations`(`language_string_id`,`language_name`,`translated_string`) VALUES
(4092,'portuguese','O exerccio anterior no est fechado! Feche o ano financeiro anterior antes de adicionar transaes.');
INSERT INTO `system_language_translations`(`language_string_id`,`language_name`,`translated_string`) VALUES
(4093,'portuguese','O exerccio financeiro da transao que voc est tentando excluir j est fechado!');
INSERT INTO `system_language_translations`(`language_string_id`,`language_name`,`translated_string`) VALUES
(4094,'portuguese','Tem certeza de que deseja processar o final do ano agora');
INSERT INTO `system_language_translations`(`language_string_id`,`language_name`,`translated_string`) VALUES
(4095,'portuguese','Final de ano processado com sucesso e saldos de contas antecipados para o prximo ano financeiro.');
INSERT INTO `system_language_translations`(`language_string_id`,`language_name`,`translated_string`) VALUES
(4096,'portuguese','Selecione o plano de contas do passivo pai');
INSERT INTO `system_language_translations`(`language_string_id`,`language_name`,`translated_string`) VALUES
(4097,'portuguese','Selecione o plano de contas dos ativos principais');
INSERT INTO `system_language_translations`(`language_string_id`,`language_name`,`translated_string`) VALUES
(4098,'portuguese','Selecione o grfico de contas de lucros retidos');
INSERT INTO `system_language_translations`(`language_string_id`,`language_name`,`translated_string`) VALUES
(4099,'portuguese','O plano de contas de processamento de final de ano financeiro no est configurado');
INSERT INTO `system_language_translations`(`language_string_id`,`language_name`,`translated_string`) VALUES
(4100,'portuguese','Saldos de abertura disponveis');
INSERT INTO `system_language_translations`(`language_string_id`,`language_name`,`translated_string`) VALUES
(4101,'portuguese','Selecione o plano de contas do devedor comercial');
INSERT INTO `system_language_translations`(`language_string_id`,`language_name`,`translated_string`) VALUES
(4102,'portuguese','Selecione o plano de contas de despesas dos pais');
INSERT INTO `system_language_translations`(`language_string_id`,`language_name`,`translated_string`) VALUES
(4103,'portuguese','Importar Saldos de Abertura');
INSERT INTO `system_language_translations`(`language_string_id`,`language_name`,`translated_string`) VALUES
(4104,'portuguese','Selecione Arquivo Excel de Balano de Abertura para Importar Dados');
INSERT INTO `system_language_translations`(`language_string_id`,`language_name`,`translated_string`) VALUES
(4105,'portuguese','Carregar dados');
INSERT INTO `system_language_translations`(`language_string_id`,`language_name`,`translated_string`) VALUES
(4106,'portuguese','Dados carregados com sucesso para importar saldos iniciais. Reveja os detalhes do saldo e, em seguida, salve os saldos iniciais.');
INSERT INTO `system_language_translations`(`language_string_id`,`language_name`,`translated_string`) VALUES
(4107,'portuguese','Muitos dados para salvar! Use o recurso de importao de saldo inicial para atualizar as alteraes.');
INSERT INTO `system_language_translations`(`language_string_id`,`language_name`,`translated_string`) VALUES
(4108,'portuguese','Melhor soluo de gerenciamento de contabilidade online da Artifectx Solutions.');
INSERT INTO `system_language_translations`(`language_string_id`,`language_name`,`translated_string`) VALUES
(4109,'portuguese','Reinstale o pacote de idiomas para resolver problemas de traduo de idiomas');
INSERT INTO `system_language_translations`(`language_string_id`,`language_name`,`translated_string`) VALUES
(4110,'portuguese','Pacote de idiomas reinstalado com sucesso');

INSERT INTO `system_language_translations`(`language_string_id`,`language_name`,`translated_string`) VALUES
(4085,'polish','Koniec roku obrotowego');
INSERT INTO `system_language_translations`(`language_string_id`,`language_name`,`translated_string`) VALUES
(4086,'polish','Rok budetowy');
INSERT INTO `system_language_translations`(`language_string_id`,`language_name`,`translated_string`) VALUES
(4087,'polish','Data rozpoczcia roku obrotowego');
INSERT INTO `system_language_translations`(`language_string_id`,`language_name`,`translated_string`) VALUES
(4088,'polish','Data zakoczenia roku obrotowego');
INSERT INTO `system_language_translations`(`language_string_id`,`language_name`,`translated_string`) VALUES
(4089,'polish','Status procesu na koniec roku');
INSERT INTO `system_language_translations`(`language_string_id`,`language_name`,`translated_string`) VALUES
(4090,'polish','Koniec roku przetworzony przez');
INSERT INTO `system_language_translations`(`language_string_id`,`language_name`,`translated_string`) VALUES
(4091,'polish','Proces Koniec roku');
INSERT INTO `system_language_translations`(`language_string_id`,`language_name`,`translated_string`) VALUES
(4092,'polish','Poprzedni rok obrotowy nie jest zamknity! Przed dodaniem transakcji zamknij poprzedni rok budetowy.');
INSERT INTO `system_language_translations`(`language_string_id`,`language_name`,`translated_string`) VALUES
(4093,'polish','Rok finansowy transakcji, ktr prbujesz usun, jest ju zamknity!');
INSERT INTO `system_language_translations`(`language_string_id`,`language_name`,`translated_string`) VALUES
(4094,'polish','Czy na pewno chcesz teraz przetworzy koniec roku?');
INSERT INTO `system_language_translations`(`language_string_id`,`language_name`,`translated_string`) VALUES
(4095,'polish','Pomylnie przetworzono koniec roku, a salda kont przeniesiono na nastpny rok finansowy.');
INSERT INTO `system_language_translations`(`language_string_id`,`language_name`,`translated_string`) VALUES
(4096,'polish','Wybierz plan kont pasyww macierzystych');
INSERT INTO `system_language_translations`(`language_string_id`,`language_name`,`translated_string`) VALUES
(4097,'polish','Wybierz plan kont aktyww nadrzdnych');
INSERT INTO `system_language_translations`(`language_string_id`,`language_name`,`translated_string`) VALUES
(4098,'polish','Wybierz plan kont zatrzymanych dochodw');
INSERT INTO `system_language_translations`(`language_string_id`,`language_name`,`translated_string`) VALUES
(4099,'polish','Plan kont przetwarzania na koniec roku obrotowego nie jest skonfigurowany');
INSERT INTO `system_language_translations`(`language_string_id`,`language_name`,`translated_string`) VALUES
(4100,'polish','Dostpne salda pocztkowe');
INSERT INTO `system_language_translations`(`language_string_id`,`language_name`,`translated_string`) VALUES
(4101,'polish','Wybierz plan kont dunikw handlowych');
INSERT INTO `system_language_translations`(`language_string_id`,`language_name`,`translated_string`) VALUES
(4102,'polish','Wybierz plan kont wydatkw rodzicielskich');
INSERT INTO `system_language_translations`(`language_string_id`,`language_name`,`translated_string`) VALUES
(4103,'polish','Importuj salda pocztkowe');
INSERT INTO `system_language_translations`(`language_string_id`,`language_name`,`translated_string`) VALUES
(4104,'polish','Wybierz plik Excel bilansu otwarcia, aby zaimportowa dane');
INSERT INTO `system_language_translations`(`language_string_id`,`language_name`,`translated_string`) VALUES
(4105,'polish','Zaaduj dane');
INSERT INTO `system_language_translations`(`language_string_id`,`language_name`,`translated_string`) VALUES
(4106,'polish','Pomylnie zaadowano dane do importu bilansw otwarcia. Sprawd szczegy salda, a nastpnie zapisz salda otwarcia.');
INSERT INTO `system_language_translations`(`language_string_id`,`language_name`,`translated_string`) VALUES
(4107,'polish','Za duo danych do zapisania! Uyj funkcji importu salda otwarcia, aby zaktualizowa zmiany.');
INSERT INTO `system_language_translations`(`language_string_id`,`language_name`,`translated_string`) VALUES
(4108,'polish','Najlepsze rozwizanie do zarzdzania ksigowoci online od Artifectx Solutions.');
INSERT INTO `system_language_translations`(`language_string_id`,`language_name`,`translated_string`) VALUES
(4109,'polish','Zainstaluj ponownie pakiet jzykowy, aby rozwiza problemy z tumaczeniem jzyka Language');
INSERT INTO `system_language_translations`(`language_string_id`,`language_name`,`translated_string`) VALUES
(4110,'polish','Pakiet jzykowy zosta pomylnie ponownie zainstalowany');

INSERT INTO `system_language_translations`(`language_string_id`,`language_name`,`translated_string`) VALUES
(4085,'russian','  ');
INSERT INTO `system_language_translations`(`language_string_id`,`language_name`,`translated_string`) VALUES
(4086,'russian',' ');
INSERT INTO `system_language_translations`(`language_string_id`,`language_name`,`translated_string`) VALUES
(4087,'russian','   ');
INSERT INTO `system_language_translations`(`language_string_id`,`language_name`,`translated_string`) VALUES
(4088,'russian','   ');
INSERT INTO `system_language_translations`(`language_string_id`,`language_name`,`translated_string`) VALUES
(4089,'russian','    ');
INSERT INTO `system_language_translations`(`language_string_id`,`language_name`,`translated_string`) VALUES
(4090,'russian','  ');
INSERT INTO `system_language_translations`(`language_string_id`,`language_name`,`translated_string`) VALUES
(4091,'russian','  ');
INSERT INTO `system_language_translations`(`language_string_id`,`language_name`,`translated_string`) VALUES
(4092,'russian','    ! ,    ,    .');
INSERT INTO `system_language_translations`(`language_string_id`,`language_name`,`translated_string`) VALUES
(4093,'russian','  ,    ,  !');
INSERT INTO `system_language_translations`(`language_string_id`,`language_name`,`translated_string`) VALUES
(4094,'russian',' ,      ?');
INSERT INTO `system_language_translations`(`language_string_id`,`language_name`,`translated_string`) VALUES
(4095,'russian','   ,         .');
INSERT INTO `system_language_translations`(`language_string_id`,`language_name`,`translated_string`) VALUES
(4096,'russian','    ');
INSERT INTO `system_language_translations`(`language_string_id`,`language_name`,`translated_string`) VALUES
(4097,'russian','     ');
INSERT INTO `system_language_translations`(`language_string_id`,`language_name`,`translated_string`) VALUES
(4098,'russian','     ');
INSERT INTO `system_language_translations`(`language_string_id`,`language_name`,`translated_string`) VALUES
(4099,'chinesesimplified','        ');
INSERT INTO `system_language_translations`(`language_string_id`,`language_name`,`translated_string`) VALUES
(4100,'russian','  ');
INSERT INTO `system_language_translations`(`language_string_id`,`language_name`,`translated_string`) VALUES
(4101,'russian','    ');
INSERT INTO `system_language_translations`(`language_string_id`,`language_name`,`translated_string`) VALUES
(4102,'russian','     ');
INSERT INTO `system_language_translations`(`language_string_id`,`language_name`,`translated_string`) VALUES
(4103,'russian','  ');
INSERT INTO `system_language_translations`(`language_string_id`,`language_name`,`translated_string`) VALUES
(4104,'russian','  Excel     ');
INSERT INTO `system_language_translations`(`language_string_id`,`language_name`,`translated_string`) VALUES
(4105,'chinesesimplified',' ');
INSERT INTO `system_language_translations`(`language_string_id`,`language_name`,`translated_string`) VALUES
(4106,'russian','      .    ,     .');
INSERT INTO `system_language_translations`(`language_string_id`,`language_name`,`translated_string`) VALUES
(4107,'russian','    ! ,     ,   .');
INSERT INTO `system_language_translations`(`language_string_id`,`language_name`,`translated_string`) VALUES
(4108,'russian','        Artifectx Solutions.');
INSERT INTO `system_language_translations`(`language_string_id`,`language_name`,`translated_string`) VALUES
(4109,'russian','        ');
INSERT INTO `system_language_translations`(`language_string_id`,`language_name`,`translated_string`) VALUES
(4110,'russian','   ');

INSERT INTO `system_language_translations`(`language_string_id`,`language_name`,`translated_string`) VALUES
(4085,'romanian','Anul financiar se ncheie');
INSERT INTO `system_language_translations`(`language_string_id`,`language_name`,`translated_string`) VALUES
(4086,'romanian','An financiar');
INSERT INTO `system_language_translations`(`language_string_id`,`language_name`,`translated_string`) VALUES
(4087,'romanian','Data de ncepere a exerciiului financiar');
INSERT INTO `system_language_translations`(`language_string_id`,`language_name`,`translated_string`) VALUES
(4088,'romanian','Data de ncheiere a exerciiului financiar');
INSERT INTO `system_language_translations`(`language_string_id`,`language_name`,`translated_string`) VALUES
(4089,'romanian','Starea procesului de sfrit de an');
INSERT INTO `system_language_translations`(`language_string_id`,`language_name`,`translated_string`) VALUES
(4090,'romanian','Sfritul anului procesat de');
INSERT INTO `system_language_translations`(`language_string_id`,`language_name`,`translated_string`) VALUES
(4091,'romanian','Procesul Sfritul anului');
INSERT INTO `system_language_translations`(`language_string_id`,`language_name`,`translated_string`) VALUES
(4092,'romanian','Anul financiar anterior nu este nchis! V rugm s nchidei anul financiar anterior nainte de a aduga tranzacii.');
INSERT INTO `system_language_translations`(`language_string_id`,`language_name`,`translated_string`) VALUES
(4093,'romanian','Anul financiar al tranzaciei pe care ncercai s l tergei este deja nchis!');
INSERT INTO `system_language_translations`(`language_string_id`,`language_name`,`translated_string`) VALUES
(4094,'romanian','Sigur dorii s procesai sfritul anului acum');
INSERT INTO `system_language_translations`(`language_string_id`,`language_name`,`translated_string`) VALUES
(4095,'romanian','Sfritul anului este procesat cu succes i soldurile contului sunt reportate pentru exerciiul financiar urmtor.');
INSERT INTO `system_language_translations`(`language_string_id`,`language_name`,`translated_string`) VALUES
(4096,'romanian','Selectai planul de cont al pasivelor printe');
INSERT INTO `system_language_translations`(`language_string_id`,`language_name`,`translated_string`) VALUES
(4097,'romanian','Selectai planul de cont al activelor printe');
INSERT INTO `system_language_translations`(`language_string_id`,`language_name`,`translated_string`) VALUES
(4098,'romanian','Selectai planul de cont al veniturilor reportate');
INSERT INTO `system_language_translations`(`language_string_id`,`language_name`,`translated_string`) VALUES
(4099,'romanian','Planul de conturi de procesare la sfritul exerciiului financiar nu este configurat');
INSERT INTO `system_language_translations`(`language_string_id`,`language_name`,`translated_string`) VALUES
(4100,'romanian','Solduri de deschidere disponibile');
INSERT INTO `system_language_translations`(`language_string_id`,`language_name`,`translated_string`) VALUES
(4101,'romanian','Selectai planul de cont al debitorului comercial');
INSERT INTO `system_language_translations`(`language_string_id`,`language_name`,`translated_string`) VALUES
(4102,'romanian','Selectai planul de cont al cheltuielilor printe');
INSERT INTO `system_language_translations`(`language_string_id`,`language_name`,`translated_string`) VALUES
(4103,'romanian','Importai solduri de deschidere');
INSERT INTO `system_language_translations`(`language_string_id`,`language_name`,`translated_string`) VALUES
(4104,'romanian','Selectai Opening Balance Excel File Pentru a importa date');
INSERT INTO `system_language_translations`(`language_string_id`,`language_name`,`translated_string`) VALUES
(4105,'romanian','Incarca date');
INSERT INTO `system_language_translations`(`language_string_id`,`language_name`,`translated_string`) VALUES
(4106,'romanian','Datele au fost ncrcate cu succes pentru a importa soldurile de deschidere. Revizuii detaliile soldului i apoi salvai soldurile de deschidere.');
INSERT INTO `system_language_translations`(`language_string_id`,`language_name`,`translated_string`) VALUES
(4107,'romanian','Prea multe date de salvat! V rugm s utilizai funcia de import a soldului de deschidere pentru a actualiza modificrile.');
INSERT INTO `system_language_translations`(`language_string_id`,`language_name`,`translated_string`) VALUES
(4108,'romanian','Cea mai bun soluie de gestionare a contabilitii online de la Artifectx Solutions.');
INSERT INTO `system_language_translations`(`language_string_id`,`language_name`,`translated_string`) VALUES
(4109,'romanian','Reinstalai pachetul lingvistic pentru a rezolva problemele legate de traducerea limbii');
INSERT INTO `system_language_translations`(`language_string_id`,`language_name`,`translated_string`) VALUES
(4110,'romanian','Pachetul lingvistic reinstalat cu succes');

INSERT INTO `system_language_translations`(`language_string_id`,`language_name`,`translated_string`) VALUES
(4085,'sinhala','  ');
INSERT INTO `system_language_translations`(`language_string_id`,`language_name`,`translated_string`) VALUES
(4086,'sinhala',' ');
INSERT INTO `system_language_translations`(`language_string_id`,`language_name`,`translated_string`) VALUES
(4087,'sinhala','   ');
INSERT INTO `system_language_translations`(`language_string_id`,`language_name`,`translated_string`) VALUES
(4088,'sinhala','   ');
INSERT INTO `system_language_translations`(`language_string_id`,`language_name`,`translated_string`) VALUES
(4089,'sinhala','   ');
INSERT INTO `system_language_translations`(`language_string_id`,`language_name`,`translated_string`) VALUES
(4090,'sinhala','   ');
INSERT INTO `system_language_translations`(`language_string_id`,`language_name`,`translated_string`) VALUES
(4091,'sinhala','   ');
INSERT INTO `system_language_translations`(`language_string_id`,`language_name`,`translated_string`) VALUES
(4092,'sinhala','    !          .');
INSERT INTO `system_language_translations`(`language_string_id`,`language_name`,`translated_string`) VALUES
(4093,'sinhala','         !');
INSERT INTO `system_language_translations`(`language_string_id`,`language_name`,`translated_string`) VALUES
(4094,'sinhala','        ');
INSERT INTO `system_language_translations`(`language_string_id`,`language_name`,`translated_string`) VALUES
(4095,'sinhala','             ');
INSERT INTO `system_language_translations`(`language_string_id`,`language_name`,`translated_string`) VALUES
(4096,'sinhala','    ');
INSERT INTO `system_language_translations`(`language_string_id`,`language_name`,`translated_string`) VALUES
(4097,'sinhala','    ');
INSERT INTO `system_language_translations`(`language_string_id`,`language_name`,`translated_string`) VALUES
(4098,'sinhala','      ');
INSERT INTO `system_language_translations`(`language_string_id`,`language_name`,`translated_string`) VALUES
(4099,'sinhala','       ');
INSERT INTO `system_language_translations`(`language_string_id`,`language_name`,`translated_string`) VALUES
(4100,'sinhala','  ');
INSERT INTO `system_language_translations`(`language_string_id`,`language_name`,`translated_string`) VALUES
(4101,'sinhala','    ');
INSERT INTO `system_language_translations`(`language_string_id`,`language_name`,`translated_string`) VALUES
(4102,'sinhala','    ');
INSERT INTO `system_language_translations`(`language_string_id`,`language_name`,`translated_string`) VALUES
(4103,'sinhala','    ');
INSERT INTO `system_language_translations`(`language_string_id`,`language_name`,`translated_string`) VALUES
(4104,'sinhala','         ');
INSERT INTO `system_language_translations`(`language_string_id`,`language_name`,`translated_string`) VALUES
(4105,'sinhala','  ');
INSERT INTO `system_language_translations`(`language_string_id`,`language_name`,`translated_string`) VALUES
(4106,'sinhala','        .       .');
INSERT INTO `system_language_translations`(`language_string_id`,`language_name`,`translated_string`) VALUES
(4107,'sinhala','     !           .');
INSERT INTO `system_language_translations`(`language_string_id`,`language_name`,`translated_string`) VALUES
(4108,'sinhala','Artifectx Solutions      .');
INSERT INTO `system_language_translations`(`language_string_id`,`language_name`,`translated_string`) VALUES
(4109,'sinhala','         ');
INSERT INTO `system_language_translations`(`language_string_id`,`language_name`,`translated_string`) VALUES
(4110,'sinhala','      ');

INSERT INTO `system_language_translations`(`language_string_id`,`language_name`,`translated_string`) VALUES
(4085,'spanish','Fin del ejercicio financiero');
INSERT INTO `system_language_translations`(`language_string_id`,`language_name`,`translated_string`) VALUES
(4086,'spanish','Ao financiero');
INSERT INTO `system_language_translations`(`language_string_id`,`language_name`,`translated_string`) VALUES
(4087,'spanish','Fecha de inicio del ao financiero');
INSERT INTO `system_language_translations`(`language_string_id`,`language_name`,`translated_string`) VALUES
(4088,'spanish','Fecha de finalizacin del ejercicio financiero');
INSERT INTO `system_language_translations`(`language_string_id`,`language_name`,`translated_string`) VALUES
(4089,'spanish','Estado del proceso de fin de ao');
INSERT INTO `system_language_translations`(`language_string_id`,`language_name`,`translated_string`) VALUES
(4090,'spanish','Fin de ao procesado por');
INSERT INTO `system_language_translations`(`language_string_id`,`language_name`,`translated_string`) VALUES
(4091,'spanish','Fin del ao del proceso');
INSERT INTO `system_language_translations`(`language_string_id`,`language_name`,`translated_string`) VALUES
(4092,'spanish','El ejercicio anterior no est cerrado! Cierre el ao financiero anterior antes de agregar transacciones.');
INSERT INTO `system_language_translations`(`language_string_id`,`language_name`,`translated_string`) VALUES
(4093,'spanish','El ao financiero de la transaccin que est intentando eliminar ya est cerrado!');
INSERT INTO `system_language_translations`(`language_string_id`,`language_name`,`translated_string`) VALUES
(4094,'spanish','Est seguro de que desea procesar el fin de ao ahora?');
INSERT INTO `system_language_translations`(`language_string_id`,`language_name`,`translated_string`) VALUES
(4095,'spanish','El final del ao se proces con xito y los saldos de las cuentas se adelantaron al prximo ao financiero.');
INSERT INTO `system_language_translations`(`language_string_id`,`language_name`,`translated_string`) VALUES
(4096,'spanish','Seleccionar plan de cuentas de pasivos de los padres');
INSERT INTO `system_language_translations`(`language_string_id`,`language_name`,`translated_string`) VALUES
(4097,'spanish','Seleccione el plan de cuentas de los activos principales');
INSERT INTO `system_language_translations`(`language_string_id`,`language_name`,`translated_string`) VALUES
(4098,'spanish','Seleccionar plan de cuenta de ganancias retenidas');
INSERT INTO `system_language_translations`(`language_string_id`,`language_name`,`translated_string`) VALUES
(4099,'spanish','El plan de cuentas de procesamiento de fin de ao fiscal no est configurado');
INSERT INTO `system_language_translations`(`language_string_id`,`language_name`,`translated_string`) VALUES
(4100,'spanish','Saldos de apertura disponibles');
INSERT INTO `system_language_translations`(`language_string_id`,`language_name`,`translated_string`) VALUES
(4101,'spanish','Seleccione el plan de cuentas de deudor comercial');
INSERT INTO `system_language_translations`(`language_string_id`,`language_name`,`translated_string`) VALUES
(4102,'spanish','Seleccione el cuadro de cuenta de gastos de los padres');
INSERT INTO `system_language_translations`(`language_string_id`,`language_name`,`translated_string`) VALUES
(4103,'spanish','Importar saldos iniciales');
INSERT INTO `system_language_translations`(`language_string_id`,`language_name`,`translated_string`) VALUES
(4104,'spanish','Seleccione Abrir archivo de balance de Excel para importar datos');
INSERT INTO `system_language_translations`(`language_string_id`,`language_name`,`translated_string`) VALUES
(4105,'spanish','Cargar datos');
INSERT INTO `system_language_translations`(`language_string_id`,`language_name`,`translated_string`) VALUES
(4106,'spanish','Datos cargados correctamente para importar saldos iniciales. Vea los detalles del saldo y luego guarde los saldos iniciales.');
INSERT INTO `system_language_translations`(`language_string_id`,`language_name`,`translated_string`) VALUES
(4107,'spanish','Demasiados datos para guardar! Utilice la funcin de importacin de saldo inicial para actualizar los cambios.');
INSERT INTO `system_language_translations`(`language_string_id`,`language_name`,`translated_string`) VALUES
(4108,'spanish','La mejor solucin de gestin contable online de Artifectx Solutions.');
INSERT INTO `system_language_translations`(`language_string_id`,`language_name`,`translated_string`) VALUES
(4109,'spanish','Reinstale el paquete de idioma para resolver problemas de traduccin de idiomas');
INSERT INTO `system_language_translations`(`language_string_id`,`language_name`,`translated_string`) VALUES
(4110,'spanish','Paquete de idioma reinstalado correctamente');

INSERT INTO `system_language_translations`(`language_string_id`,`language_name`,`translated_string`) VALUES
(4085,'tamil','  ');
INSERT INTO `system_language_translations`(`language_string_id`,`language_name`,`translated_string`) VALUES
(4086,'tamil',' ');
INSERT INTO `system_language_translations`(`language_string_id`,`language_name`,`translated_string`) VALUES
(4087,'tamil','   ');
INSERT INTO `system_language_translations`(`language_string_id`,`language_name`,`translated_string`) VALUES
(4088,'tamil','   ');
INSERT INTO `system_language_translations`(`language_string_id`,`language_name`,`translated_string`) VALUES
(4089,'tamil','   ');
INSERT INTO `system_language_translations`(`language_string_id`,`language_name`,`translated_string`) VALUES
(4090,'tamil','  ');
INSERT INTO `system_language_translations`(`language_string_id`,`language_name`,`translated_string`) VALUES
(4091,'tamil','  ');
INSERT INTO `system_language_translations`(`language_string_id`,`language_name`,`translated_string`) VALUES
(4092,'tamil','  !       .');
INSERT INTO `system_language_translations`(`language_string_id`,`language_name`,`translated_string`) VALUES
(4093,'tamil','       !');
INSERT INTO `system_language_translations`(`language_string_id`,`language_name`,`translated_string`) VALUES
(4094,'tamil','     ?');
INSERT INTO `system_language_translations`(`language_string_id`,`language_name`,`translated_string`) VALUES
(4095,'tamil','          .');
INSERT INTO `system_language_translations`(`language_string_id`,`language_name`,`translated_string`) VALUES
(4096,'tamil','    ');
INSERT INTO `system_language_translations`(`language_string_id`,`language_name`,`translated_string`) VALUES
(4097,'tamil','    ');
INSERT INTO `system_language_translations`(`language_string_id`,`language_name`,`translated_string`) VALUES
(4098,'tamil','    ');
INSERT INTO `system_language_translations`(`language_string_id`,`language_name`,`translated_string`) VALUES
(4099,'tamil','      ');
INSERT INTO `system_language_translations`(`language_string_id`,`language_name`,`translated_string`) VALUES
(4100,'tamil','  ');
INSERT INTO `system_language_translations`(`language_string_id`,`language_name`,`translated_string`) VALUES
(4101,'tamil','   ');
INSERT INTO `system_language_translations`(`language_string_id`,`language_name`,`translated_string`) VALUES
(4102,'tamil','    ');
INSERT INTO `system_language_translations`(`language_string_id`,`language_name`,`translated_string`) VALUES
(4103,'tamil','   ');
INSERT INTO `system_language_translations`(`language_string_id`,`language_name`,`translated_string`) VALUES
(4104,'tamil','        ');
INSERT INTO `system_language_translations`(`language_string_id`,`language_name`,`translated_string`) VALUES
(4105,'tamil',' ');
INSERT INTO `system_language_translations`(`language_string_id`,`language_name`,`translated_string`) VALUES
(4106,'tamil','      .   ,    .');
INSERT INTO `system_language_translations`(`language_string_id`,`language_name`,`translated_string`) VALUES
(4107,'tamil','  !       .');
INSERT INTO `system_language_translations`(`language_string_id`,`language_name`,`translated_string`) VALUES
(4108,'tamil','      .');
INSERT INTO `system_language_translations`(`language_string_id`,`language_name`,`translated_string`) VALUES
(4109,'tamil','       ');
INSERT INTO `system_language_translations`(`language_string_id`,`language_name`,`translated_string`) VALUES
(4110,'tamil','    ');

INSERT INTO `system_language_translations`(`language_string_id`,`language_name`,`translated_string`) VALUES
(4085,'thai','');
INSERT INTO `system_language_translations`(`language_string_id`,`language_name`,`translated_string`) VALUES
(4086,'thai','');
INSERT INTO `system_language_translations`(`language_string_id`,`language_name`,`translated_string`) VALUES
(4087,'thai','');
INSERT INTO `system_language_translations`(`language_string_id`,`language_name`,`translated_string`) VALUES
(4088,'thai','');
INSERT INTO `system_language_translations`(`language_string_id`,`language_name`,`translated_string`) VALUES
(4089,'thai','');
INSERT INTO `system_language_translations`(`language_string_id`,`language_name`,`translated_string`) VALUES
(4090,'thai',' ');
INSERT INTO `system_language_translations`(`language_string_id`,`language_name`,`translated_string`) VALUES
(4091,'thai','');
INSERT INTO `system_language_translations`(`language_string_id`,`language_name`,`translated_string`) VALUES
(4092,'thai','! ');
INSERT INTO `system_language_translations`(`language_string_id`,`language_name`,`translated_string`) VALUES
(4093,'thai','!');
INSERT INTO `system_language_translations`(`language_string_id`,`language_name`,`translated_string`) VALUES
(4094,'thai','');
INSERT INTO `system_language_translations`(`language_string_id`,`language_name`,`translated_string`) VALUES
(4095,'thai','');
INSERT INTO `system_language_translations`(`language_string_id`,`language_name`,`translated_string`) VALUES
(4096,'thai','');
INSERT INTO `system_language_translations`(`language_string_id`,`language_name`,`translated_string`) VALUES
(4097,'thai','');
INSERT INTO `system_language_translations`(`language_string_id`,`language_name`,`translated_string`) VALUES
(4098,'thai','');
INSERT INTO `system_language_translations`(`language_string_id`,`language_name`,`translated_string`) VALUES
(4099,'thai','');
INSERT INTO `system_language_translations`(`language_string_id`,`language_name`,`translated_string`) VALUES
(4100,'thai','');
INSERT INTO `system_language_translations`(`language_string_id`,`language_name`,`translated_string`) VALUES
(4101,'thai','');
INSERT INTO `system_language_translations`(`language_string_id`,`language_name`,`translated_string`) VALUES
(4102,'thai','');
INSERT INTO `system_language_translations`(`language_string_id`,`language_name`,`translated_string`) VALUES
(4103,'thai','');
INSERT INTO `system_language_translations`(`language_string_id`,`language_name`,`translated_string`) VALUES
(4104,'thai',' Excel ');
INSERT INTO `system_language_translations`(`language_string_id`,`language_name`,`translated_string`) VALUES
(4105,'thai','');
INSERT INTO `system_language_translations`(`language_string_id`,`language_name`,`translated_string`) VALUES
(4106,'thai',' ');
INSERT INTO `system_language_translations`(`language_string_id`,`language_name`,`translated_string`) VALUES
(4107,'thai','! ');
INSERT INTO `system_language_translations`(`language_string_id`,`language_name`,`translated_string`) VALUES
(4108,'thai',' Artifectx Solutions');
INSERT INTO `system_language_translations`(`language_string_id`,`language_name`,`translated_string`) VALUES
(4109,'thai','');
INSERT INTO `system_language_translations`(`language_string_id`,`language_name`,`translated_string`) VALUES
(4110,'thai','');

INSERT INTO `system_language_translations`(`language_string_id`,`language_name`,`translated_string`) VALUES
(4085,'turkish','Mali Yl Bitiyor');
INSERT INTO `system_language_translations`(`language_string_id`,`language_name`,`translated_string`) VALUES
(4086,'turkish','Mali yl');
INSERT INTO `system_language_translations`(`language_string_id`,`language_name`,`translated_string`) VALUES
(4087,'turkish','Mali Yl Balang Tarihi');
INSERT INTO `system_language_translations`(`language_string_id`,`language_name`,`translated_string`) VALUES
(4088,'turkish','Mali Yl Biti Tarihi');
INSERT INTO `system_language_translations`(`language_string_id`,`language_name`,`translated_string`) VALUES
(4089,'turkish','Yl Sonu lem Durumu');
INSERT INTO `system_language_translations`(`language_string_id`,`language_name`,`translated_string`) VALUES
(4090,'turkish','Yl Sonu lenen');
INSERT INTO `system_language_translations`(`language_string_id`,`language_name`,`translated_string`) VALUES
(4091,'turkish','Sre Yl Sonu');
INSERT INTO `system_language_translations`(`language_string_id`,`language_name`,`translated_string`) VALUES
(4092,'turkish','nceki mali yl kapanmad! Ltfen ilem eklemeden nce nceki mali yl kapatn.');
INSERT INTO `system_language_translations`(`language_string_id`,`language_name`,`translated_string`) VALUES
(4093,'turkish','Silmeye altnz ilemin mali yl zaten kapal!');
INSERT INTO `system_language_translations`(`language_string_id`,`language_name`,`translated_string`) VALUES
(4094,'turkish','Yl sonunu imdi ilemek istediinizden emin misiniz?');
INSERT INTO `system_language_translations`(`language_string_id`,`language_name`,`translated_string`) VALUES
(4095,'turkish','Yl sonu baaryla ilendi ve hesap bakiyeleri bir sonraki mali yla aktarld.');
INSERT INTO `system_language_translations`(`language_string_id`,`language_name`,`translated_string`) VALUES
(4096,'turkish','Ana bor hesap plann sein');
INSERT INTO `system_language_translations`(`language_string_id`,`language_name`,`translated_string`) VALUES
(4097,'turkish','Ana varlklar hesap plann sein');
INSERT INTO `system_language_translations`(`language_string_id`,`language_name`,`translated_string`) VALUES
(4098,'turkish','Birikmi kazanlar hesap plann sein');
INSERT INTO `system_language_translations`(`language_string_id`,`language_name`,`translated_string`) VALUES
(4099,'turkish','Mali yl sonu ileme hesap plan yaplandrlmam');
INSERT INTO `system_language_translations`(`language_string_id`,`language_name`,`translated_string`) VALUES
(4100,'turkish','Mevcut Al Bakiyeleri');
INSERT INTO `system_language_translations`(`language_string_id`,`language_name`,`translated_string`) VALUES
(4101,'turkish','Ticari borlu hesap plann sein');
INSERT INTO `system_language_translations`(`language_string_id`,`language_name`,`translated_string`) VALUES
(4102,'turkish','Ana gider hesap plann sein');
INSERT INTO `system_language_translations`(`language_string_id`,`language_name`,`translated_string`) VALUES
(4103,'turkish','thalat Al Bakiyeleri');
INSERT INTO `system_language_translations`(`language_string_id`,`language_name`,`translated_string`) VALUES
(4104,'turkish','Verileri e Aktarmak in Bakiye Excel Dosyasn Amay Sein');
INSERT INTO `system_language_translations`(`language_string_id`,`language_name`,`translated_string`) VALUES
(4105,'turkish','Veri ykle');
INSERT INTO `system_language_translations`(`language_string_id`,`language_name`,`translated_string`) VALUES
(4106,'turkish','Al bakiyelerini ie aktarmak iin veriler baaryla yklendi. Bakiye ayrntlarn gzden geirin ve ardndan al bakiyelerini kaydedin.');
INSERT INTO `system_language_translations`(`language_string_id`,`language_name`,`translated_string`) VALUES
(4107,'turkish','Kaydedilecek ok fazla veri var! Deiiklikleri gncellemek iin ltfen al bakiyesi ie aktarma zelliini kullann.');
INSERT INTO `system_language_translations`(`language_string_id`,`language_name`,`translated_string`) VALUES
(4108,'turkish',"Artifectx Solutions'dan en iyi evrimii muhasebe ynetimi zm.");
INSERT INTO `system_language_translations`(`language_string_id`,`language_name`,`translated_string`) VALUES
(4109,'turkish','Dil evirisi Sorunlarn zmek iin Dil Paketini Yeniden Ykleyin');
INSERT INTO `system_language_translations`(`language_string_id`,`language_name`,`translated_string`) VALUES
(4110,'turkish','Dil paketi baaryla yeniden yklendi');

INSERT INTO `system_language_translations`(`language_string_id`,`language_name`,`translated_string`) VALUES
(4085,'ukrainian','  ');
INSERT INTO `system_language_translations`(`language_string_id`,`language_name`,`translated_string`) VALUES
(4086,'ukrainian',' ');
INSERT INTO `system_language_translations`(`language_string_id`,`language_name`,`translated_string`) VALUES
(4087,'ukrainian','   ');
INSERT INTO `system_language_translations`(`language_string_id`,`language_name`,`translated_string`) VALUES
(4088,'ukrainian','   ');
INSERT INTO `system_language_translations`(`language_string_id`,`language_name`,`translated_string`) VALUES
(4089,'ukrainian','    ');
INSERT INTO `system_language_translations`(`language_string_id`,`language_name`,`translated_string`) VALUES
(4090,'ukrainian','  ');
INSERT INTO `system_language_translations`(`language_string_id`,`language_name`,`translated_string`) VALUES
(4091,'ukrainian','  ');
INSERT INTO `system_language_translations`(`language_string_id`,`language_name`,`translated_string`) VALUES
(4092,'ukrainian','    !  ,       .');
INSERT INTO `system_language_translations`(`language_string_id`,`language_name`,`translated_string`) VALUES
(4093,'ukrainian','  ,    ,  !');
INSERT INTO `system_language_translations`(`language_string_id`,`language_name`,`translated_string`) VALUES
(4094,'ukrainian',' ,      ');
INSERT INTO `system_language_translations`(`language_string_id`,`language_name`,`translated_string`) VALUES
(4095,'ukrainian','   ,         .');
INSERT INTO `system_language_translations`(`language_string_id`,`language_name`,`translated_string`) VALUES
(4096,'ukrainian',"    ' ");
INSERT INTO `system_language_translations`(`language_string_id`,`language_name`,`translated_string`) VALUES
(4097,'ukrainian','    ');
INSERT INTO `system_language_translations`(`language_string_id`,`language_name`,`translated_string`) VALUES
(4098,'ukrainian','    ');
INSERT INTO `system_language_translations`(`language_string_id`,`language_name`,`translated_string`) VALUES
(4099,'ukrainian','        ');
INSERT INTO `system_language_translations`(`language_string_id`,`language_name`,`translated_string`) VALUES
(4100,'ukrainian','  ');
INSERT INTO `system_language_translations`(`language_string_id`,`language_name`,`translated_string`) VALUES
(4101,'ukrainian','    ');
INSERT INTO `system_language_translations`(`language_string_id`,`language_name`,`translated_string`) VALUES
(4102,'ukrainian','    ');
INSERT INTO `system_language_translations`(`language_string_id`,`language_name`,`translated_string`) VALUES
(4103,'ukrainian','  ');
INSERT INTO `system_language_translations`(`language_string_id`,`language_name`,`translated_string`) VALUES
(4104,'ukrainian','    Excel   ');
INSERT INTO `system_language_translations`(`language_string_id`,`language_name`,`translated_string`) VALUES
(4105,'ukrainian',' ');
INSERT INTO `system_language_translations`(`language_string_id`,`language_name`,`translated_string`) VALUES
(4106,'ukrainian','      .   ,     .');
INSERT INTO `system_language_translations`(`language_string_id`,`language_name`,`translated_string`) VALUES
(4107,'ukrainian','   !  ,     ,   .');
INSERT INTO `system_language_translations`(`language_string_id`,`language_name`,`translated_string`) VALUES
(4108,'ukrainian','         Artifectx Solutions.');
INSERT INTO `system_language_translations`(`language_string_id`,`language_name`,`translated_string`) VALUES
(4109,'ukrainian','  ,     ');
INSERT INTO `system_language_translations`(`language_string_id`,`language_name`,`translated_string`) VALUES
(4110,'ukrainian','   ');

INSERT INTO `system_language_translations`(`language_string_id`,`language_name`,`translated_string`) VALUES
(4085,'vietnamese','Kt thc nm ti chnh');
INSERT INTO `system_language_translations`(`language_string_id`,`language_name`,`translated_string`) VALUES
(4086,'vietnamese','Nm ti chnh');
INSERT INTO `system_language_translations`(`language_string_id`,`language_name`,`translated_string`) VALUES
(4087,'vietnamese','Ngy bt u nm ti chnh');
INSERT INTO `system_language_translations`(`language_string_id`,`language_name`,`translated_string`) VALUES
(4088,'vietnamese','Ngy kt thc nm ti chnh');
INSERT INTO `system_language_translations`(`language_string_id`,`language_name`,`translated_string`) VALUES
(4089,'vietnamese','Trng thi quy trnh cui nm');
INSERT INTO `system_language_translations`(`language_string_id`,`language_name`,`translated_string`) VALUES
(4090,'vietnamese','Cui nm c x l bi');
INSERT INTO `system_language_translations`(`language_string_id`,`language_name`,`translated_string`) VALUES
(4091,'vietnamese','X l cui nm');
INSERT INTO `system_language_translations`(`language_string_id`,`language_name`,`translated_string`) VALUES
(4092,'vietnamese','Nm ti chnh trc cha ng! Vui lng ng nm ti chnh trc  trc khi thm giao dch.');
INSERT INTO `system_language_translations`(`language_string_id`,`language_name`,`translated_string`) VALUES
(4093,'vietnamese','Nm ti chnh ca giao dch bn ang c gng xa  ng!');
INSERT INTO `system_language_translations`(`language_string_id`,`language_name`,`translated_string`) VALUES
(4094,'vietnamese','Bn c chc chn mun x l ngy cui nm ngay by gi khng');
INSERT INTO `system_language_translations`(`language_string_id`,`language_name`,`translated_string`) VALUES
(4095,'vietnamese','Cui nm c x l thnh cng v s d ti khon c chuyn sang nm ti chnh tip theo.');
INSERT INTO `system_language_translations`(`language_string_id`,`language_name`,`translated_string`) VALUES
(4096,'vietnamese','Chn biu  n phi tr ca ti khon m');
INSERT INTO `system_language_translations`(`language_string_id`,`language_name`,`translated_string`) VALUES
(4097,'vietnamese','Chn biu  ti sn m ca ti khon');
INSERT INTO `system_language_translations`(`language_string_id`,`language_name`,`translated_string`) VALUES
(4098,'vietnamese','Chn biu  thu nhp gi li ca ti khon');
INSERT INTO `system_language_translations`(`language_string_id`,`language_name`,`translated_string`) VALUES
(4099,'vietnamese','Biu  x l cui nm ti chnh ca cc ti khon khng c nh cu hnh');
INSERT INTO `system_language_translations`(`language_string_id`,`language_name`,`translated_string`) VALUES
(4100,'vietnamese','S d u k c sn');
INSERT INTO `system_language_translations`(`language_string_id`,`language_name`,`translated_string`) VALUES
(4101,'vietnamese','Chn biu  ti khon con n thng mi');
INSERT INTO `system_language_translations`(`language_string_id`,`language_name`,`translated_string`) VALUES
(4102,'vietnamese','Chn biu  chi ph ca ti khon m');
INSERT INTO `system_language_translations`(`language_string_id`,`language_name`,`translated_string`) VALUES
(4103,'vietnamese','Nhp s d u k');
INSERT INTO `system_language_translations`(`language_string_id`,`language_name`,`translated_string`) VALUES
(4104,'vietnamese','Chn s d m tp Excel  nhp d liu');
INSERT INTO `system_language_translations`(`language_string_id`,`language_name`,`translated_string`) VALUES
(4105,'vietnamese','Ti d liu');
INSERT INTO `system_language_translations`(`language_string_id`,`language_name`,`translated_string`) VALUES
(4106,'vietnamese','D liu c ti thnh cng  nhp s d u k. Xem li chi tit s d v sau  lu s d u k.');
INSERT INTO `system_language_translations`(`language_string_id`,`language_name`,`translated_string`) VALUES
(4107,'vietnamese','Qu nhiu d liu  tit kim! Vui lng s dng tnh nng nhp s d u k  cp nht cc thay i.');
INSERT INTO `system_language_translations`(`language_string_id`,`language_name`,`translated_string`) VALUES
(4108,'vietnamese','Gii php qun l k ton trc tuyn tt nht t Artifectx Solutions.');
INSERT INTO `system_language_translations`(`language_string_id`,`language_name`,`translated_string`) VALUES
(4109,'vietnamese','Ci t li Gi ngn ng  gii quyt cc vn  v dch ngn ng');
INSERT INTO `system_language_translations`(`language_string_id`,`language_name`,`translated_string`) VALUES
(4110,'vietnamese','Gi ngn ng  c ci t li thnh cng');

DELETE FROM `system_language_strings` WHERE `language_string_id` = '3510';
DELETE FROM `system_language_strings` WHERE `language_string_id` = '3501';
DELETE FROM `system_language_strings` WHERE `language_string_id` = '3502';
DELETE FROM `system_language_strings` WHERE `language_string_id` = '3508';
DELETE FROM `system_language_strings` WHERE `language_string_id` = '3509';
DELETE FROM `system_language_strings` WHERE `language_string_id` = '3506';
DELETE FROM `system_language_strings` WHERE `language_string_id` = '3507';
DELETE FROM `system_language_strings` WHERE `language_string_id` = '3503';
DELETE FROM `system_language_strings` WHERE `language_string_id` = '3505';
DELETE FROM `system_language_strings` WHERE `language_string_id` = '3533';
DELETE FROM `system_language_strings` WHERE `language_string_id` = '3537';
DELETE FROM `system_language_strings` WHERE `language_string_id` = '3524';
DELETE FROM `system_language_strings` WHERE `language_string_id` = '3525';
DELETE FROM `system_language_strings` WHERE `language_string_id` = '3531';
DELETE FROM `system_language_strings` WHERE `language_string_id` = '3515';
DELETE FROM `system_language_strings` WHERE `language_string_id` = '3532';
DELETE FROM `system_language_strings` WHERE `language_string_id` = '3534';
DELETE FROM `system_language_strings` WHERE `language_string_id` = '3511';
DELETE FROM `system_language_strings` WHERE `language_string_id` = '3528';

INSERT INTO `system_language_translations`(`language_string_id`,`language_name`,`translated_string`) VALUES
(3513,'English','Translation Generation is Pending');